BIOCLIM_8,x,y
142.0,-148.54167855,64.79167185
138.0,-148.12501185,64.79167185
141.0,-146.87501175,64.79167185
127.0,-153.12501225,64.37500515
122.0,-153.12501225,63.95833845
153.0,121.45834305,63.95833845
151.0,125.20834335,63.95833845
153.0,127.29167685,63.95833845
132.0,-153.54167895,63.54167175
129.0,-137.29167765,63.54167175
110.0,-134.79167745,63.54167175
102.0,-134.37501075,63.54167175
105.0,-133.95834405,63.54167175
109.0,-133.54167735,63.54167175
150.0,119.37500955,63.54167175
147.0,119.79167625,63.54167175
101.0,-137.29167765,63.12500505
101.0,-133.95834405,63.12500505
112.0,-132.70834395,63.12500505
101.0,93.95834085,63.12500505
105.0,94.37500755,63.12500505
110.0,95.62500765,63.12500505
109.0,96.04167435,63.12500505
146.0,117.70834275,63.12500505
149.0,118.12500945,63.12500505
147.0,119.37500955,63.12500505
148.0,119.79167625,63.12500505
151.0,120.62500965,63.12500505
157.0,130.62501045,63.12500505
113.0,-150.20834535,62.70833835
78.0,-148.12501185,62.70833835
96.0,-138.54167775,62.70833835
55.0,86.04167355,62.70833835
58.0,86.45834025,62.70833835
89.0,95.62500765,62.70833835
94.0,96.04167435,62.70833835
146.0,118.12500945,62.70833835
144.0,118.54167615,62.70833835
144.0,119.37500955,62.70833835
148.0,121.87500975,62.70833835
154.0,129.37501035,62.70833835
159.0,130.62501045,62.70833835
117.0,-150.20834535,62.29167165
84.0,-134.79167745,62.29167165
82.0,-133.54167735,62.29167165
123.0,-115.20834255,62.29167165
-9999.0,17.70833475,62.29167165
126.0,85.62500685,62.29167165
98.0,93.12500745,62.29167165
33.0,93.54167415,62.29167165
36.0,93.95834085,62.29167165
105.0,94.37500755,62.29167165
93.0,96.04167435,62.29167165
102.0,96.87500775,62.29167165
138.0,113.95834245,62.29167165
136.0,114.37500915,62.29167165
135.0,114.79167585,62.29167165
149.0,117.70834275,62.29167165
148.0,118.12500945,62.29167165
149.0,118.54167615,62.29167165
145.0,119.79167625,62.29167165
142.0,126.04167675,62.29167165
145.0,126.45834345,62.29167165
144.0,126.87501015,62.29167165
150.0,128.54167695,62.29167165
155.0,129.37501035,62.29167165
156.0,129.79167705,62.29167165
161.0,130.62501045,62.29167165
159.0,131.04167715,62.29167165
115.0,-151.04167875,61.87500495
114.0,-135.62501085,61.87500495
112.0,-135.20834415,61.87500495
105.0,-134.37501075,61.87500495
86.0,-133.95834405,61.87500495
118.0,-112.70834235,61.87500495
125.0,84.79167345,61.87500495
45.0,93.12500745,61.87500495
34.0,93.54167415,61.87500495
41.0,93.95834085,61.87500495
38.0,94.37500755,61.87500495
107.0,96.04167435,61.87500495
96.0,96.87500775,61.87500495
135.0,113.12500905,61.87500495
137.0,113.54167575,61.87500495
139.0,113.95834245,61.87500495
150.0,117.70834275,61.87500495
153.0,119.79167625,61.87500495
151.0,120.62500965,61.87500495
146.0,121.87500975,61.87500495
146.0,125.62501005,61.87500495
149.0,126.87501015,61.87500495
154.0,129.37501035,61.87500495
64.0,-151.45834545,61.45833825
60.0,-151.04167875,61.45833825
72.0,-150.62501205,61.45833825
122.0,-150.20834535,61.45833825
109.0,-134.37501075,61.45833825
85.0,-133.12501065,61.45833825
128.0,87.29167365,61.45833825
98.0,95.62500765,61.45833825
114.0,96.04167435,61.45833825
138.0,113.54167575,61.45833825
142.0,113.95834245,61.45833825
147.0,121.04167635,61.45833825
142.0,126.04167675,61.45833825
152.0,126.45834345,61.45833825
160.0,130.20834375,61.45833825
75.0,-151.87501215,61.04167155
72.0,-151.45834545,61.04167155
-9999.0,-151.04167875,61.04167155
110.0,-136.45834425,61.04167155
91.0,-135.62501085,61.04167155
101.0,-134.79167745,61.04167155
96.0,-134.37501075,61.04167155
147.0,83.95834005,61.04167155
147.0,84.37500675,61.04167155
148.0,84.79167345,61.04167155
131.0,86.87500695,61.04167155
121.0,91.45834065,61.04167155
119.0,91.87500735,61.04167155
44.0,93.54167415,61.04167155
53.0,93.95834085,61.04167155
45.0,94.37500755,61.04167155
142.0,113.54167575,61.04167155
143.0,113.95834245,61.04167155
141.0,116.45834265,61.04167155
147.0,116.87500935,61.04167155
145.0,117.29167605,61.04167155
144.0,118.12500945,61.04167155
148.0,118.54167615,61.04167155
149.0,118.95834285,61.04167155
151.0,119.37500955,61.04167155
150.0,119.79167625,61.04167155
147.0,120.20834295,61.04167155
155.0,120.62500965,61.04167155
-9999.0,-166.87501335,60.62500485
-9999.0,-151.87501215,60.62500485
-9999.0,-151.45834545,60.62500485
95.0,-133.95834405,60.62500485
83.0,-133.12501065,60.62500485
77.0,-130.62501045,60.62500485
148.0,83.12500665,60.62500485
148.0,83.95834005,60.62500485
149.0,84.37500675,60.62500485
117.0,91.04167395,60.62500485
119.0,91.87500735,60.62500485
51.0,93.12500745,60.62500485
47.0,93.95834085,60.62500485
148.0,113.54167575,60.62500485
140.0,113.95834245,60.62500485
154.0,116.04167595,60.62500485
149.0,118.54167615,60.62500485
150.0,119.37500955,60.62500485
150.0,120.20834295,60.62500485
58.0,170.62501365,60.62500485
102.0,-132.70834395,60.20833815
137.0,-118.54167615,60.20833815
129.0,-118.12500945,60.20833815
124.0,-117.70834275,60.20833815
141.0,-116.87500935,60.20833815
140.0,-116.04167595,60.20833815
123.0,-114.37500915,60.20833815
149.0,81.87500655,60.20833815
149.0,91.04167395,60.20833815
128.0,91.45834065,60.20833815
129.0,91.87500735,60.20833815
110.0,95.62500765,60.20833815
111.0,96.04167435,60.20833815
143.0,111.87500895,60.20833815
141.0,112.29167565,60.20833815
163.0,121.04167635,60.20833815
157.0,130.20834375,60.20833815
157.0,130.62501045,60.20833815
123.0,-127.70834355,59.79167145
111.0,-125.20834335,59.79167145
128.0,-118.12500945,59.79167145
126.0,-117.70834275,59.79167145
139.0,-115.20834255,59.79167145
146.0,-111.87500895,59.79167145
152.0,91.04167395,59.79167145
149.0,91.45834065,59.79167145
133.0,91.87500735,59.79167145
139.0,92.29167405,59.79167145
129.0,92.70834075,59.79167145
126.0,93.12500745,59.79167145
110.0,93.54167415,59.79167145
110.0,93.95834085,59.79167145
106.0,94.37500755,59.79167145
104.0,94.79167425,59.79167145
118.0,95.20834095,59.79167145
116.0,95.62500765,59.79167145
145.0,101.04167475,59.79167145
141.0,111.45834225,59.79167145
147.0,112.29167565,59.79167145
143.0,112.70834235,59.79167145
146.0,113.12500905,59.79167145
135.0,115.20834255,59.79167145
143.0,118.95834285,59.79167145
154.0,130.20834375,59.79167145
60.0,-161.04167955,59.37500475
84.0,-131.45834385,59.37500475
137.0,-119.79167625,59.37500475
144.0,-117.70834275,59.37500475
141.0,-116.45834265,59.37500475
122.0,-115.62500925,59.37500475
118.0,-115.20834255,59.37500475
117.0,-114.79167585,59.37500475
119.0,-114.37500915,59.37500475
141.0,-113.95834245,59.37500475
157.0,70.20833895,59.37500475
157.0,70.62500565,59.37500475
156.0,71.87500575,59.37500475
156.0,78.12500625,59.37500475
156.0,79.37500635,59.37500475
154.0,81.87500655,59.37500475
152.0,83.12500665,59.37500475
157.0,85.62500685,59.37500475
157.0,90.62500725,59.37500475
162.0,91.04167395,59.37500475
150.0,91.87500735,59.37500475
145.0,92.29167405,59.37500475
143.0,92.70834075,59.37500475
139.0,93.12500745,59.37500475
134.0,93.54167415,59.37500475
138.0,93.95834085,59.37500475
143.0,94.37500755,59.37500475
144.0,94.79167425,59.37500475
135.0,95.20834095,59.37500475
120.0,95.62500765,59.37500475
111.0,96.04167435,59.37500475
153.0,99.79167465,59.37500475
149.0,100.20834135,59.37500475
149.0,101.87500815,59.37500475
144.0,111.04167555,59.37500475
139.0,113.12500905,59.37500475
116.0,113.54167575,59.37500475
136.0,117.29167605,59.37500475
145.0,117.70834275,59.37500475
149.0,118.12500945,59.37500475
156.0,119.37500955,59.37500475
159.0,132.29167725,59.37500475
-36.0,-136.45834425,58.95833805
141.0,-116.87500935,58.95833805
132.0,-116.45834265,58.95833805
121.0,-115.20834255,58.95833805
140.0,-113.95834245,58.95833805
156.0,78.12500625,58.95833805
157.0,79.37500635,58.95833805
157.0,81.87500655,58.95833805
158.0,85.62500685,58.95833805
160.0,89.79167385,58.95833805
159.0,90.62500725,58.95833805
158.0,91.04167395,58.95833805
161.0,91.87500735,58.95833805
148.0,93.12500745,58.95833805
139.0,93.95834085,58.95833805
144.0,95.20834095,58.95833805
149.0,111.87500895,58.95833805
159.0,112.70834235,58.95833805
99.0,115.20834255,58.95833805
89.0,-131.04167715,58.54167135
136.0,-123.12500985,58.54167135
135.0,-119.37500955,58.54167135
156.0,-116.04167595,58.54167135
153.0,-114.79167585,58.54167135
159.0,79.37500635,58.54167135
158.0,80.20833975,58.54167135
157.0,81.04167315,58.54167135
159.0,82.29167325,58.54167135
157.0,82.70833995,58.54167135
163.0,85.62500685,58.54167135
162.0,87.29167365,58.54167135
162.0,88.95834045,58.54167135
164.0,89.37500715,58.54167135
162.0,89.79167385,58.54167135
159.0,90.62500725,58.54167135
159.0,91.04167395,58.54167135
157.0,91.45834065,58.54167135
162.0,92.29167405,58.54167135
160.0,92.70834075,58.54167135
149.0,93.12500745,58.54167135
143.0,94.37500755,58.54167135
134.0,98.12500785,58.54167135
153.0,101.87500815,58.54167135
153.0,102.29167485,58.54167135
149.0,111.87500895,58.54167135
141.0,112.29167565,58.54167135
128.0,116.04167595,58.54167135
132.0,116.45834265,58.54167135
103.0,-124.37500995,58.12500465
137.0,-122.29167645,58.12500465
140.0,-120.20834295,58.12500465
160.0,53.54167095,58.12500465
160.0,72.29167245,58.12500465
158.0,73.95833925,58.12500465
161.0,85.62500685,58.12500465
163.0,87.29167365,58.12500465
165.0,88.54167375,58.12500465
164.0,88.95834045,58.12500465
164.0,89.37500715,58.12500465
164.0,89.79167385,58.12500465
164.0,90.20834055,58.12500465
162.0,90.62500725,58.12500465
161.0,91.04167395,58.12500465
161.0,91.45834065,58.12500465
161.0,91.87500735,58.12500465
159.0,92.29167405,58.12500465
164.0,92.70834075,58.12500465
154.0,102.70834155,58.12500465
145.0,104.37500835,58.12500465
144.0,104.79167505,58.12500465
140.0,108.95834205,58.12500465
136.0,112.29167565,58.12500465
100.0,117.29167605,58.12500465
153.0,-116.87500935,57.70833795
163.0,84.37500675,57.70833795
164.0,84.79167345,57.70833795
166.0,85.62500685,57.70833795
166.0,88.12500705,57.70833795
163.0,88.95834045,57.70833795
165.0,89.79167385,57.70833795
162.0,90.62500725,57.70833795
163.0,91.04167395,57.70833795
162.0,91.45834065,57.70833795
160.0,91.87500735,57.70833795
162.0,92.29167405,57.70833795
161.0,92.70834075,57.70833795
164.0,93.54167415,57.70833795
152.0,96.87500775,57.70833795
153.0,97.29167445,57.70833795
142.0,102.70834155,57.70833795
140.0,105.20834175,57.70833795
148.0,115.20834255,57.70833795
-9999.0,-158.54167935,57.29167125
91.0,-123.12500985,57.29167125
116.0,-122.70834315,57.29167125
135.0,-119.79167625,57.29167125
136.0,-119.37500955,57.29167125
123.0,-118.95834285,57.29167125
151.0,-116.87500935,57.29167125
165.0,52.70833755,57.29167125
171.0,53.95833765,57.29167125
162.0,91.87500735,57.29167125
158.0,92.29167405,57.29167125
160.0,92.70834075,57.29167125
156.0,96.45834105,57.29167125
155.0,97.29167445,57.29167125
152.0,102.70834155,57.29167125
151.0,103.95834165,57.29167125
149.0,104.79167505,57.29167125
148.0,106.04167515,57.29167125
103.0,109.37500875,57.29167125
116.0,116.04167595,57.29167125
103.0,-126.87501015,56.87500455
140.0,-120.20834295,56.87500455
142.0,-116.87500935,56.87500455
173.0,48.12500385,56.87500455
172.0,49.37500395,56.87500455
154.0,51.45833745,56.87500455
173.0,51.87500415,56.87500455
174.0,53.12500425,56.87500455
169.0,54.37500435,56.87500455
170.0,55.62500445,56.87500455
162.0,56.87500455,56.87500455
159.0,58.12500465,56.87500455
159.0,59.37500475,56.87500455
161.0,93.12500745,56.87500455
156.0,93.54167415,56.87500455
162.0,94.79167425,56.87500455
162.0,95.20834095,56.87500455
162.0,97.29167445,56.87500455
150.0,103.95834165,56.87500455
145.0,104.37500835,56.87500455
64.0,-126.04167675,56.45833785
69.0,-125.62501005,56.45833785
93.0,-123.54167655,56.45833785
135.0,-121.45834305,56.45833785
147.0,-120.62500965,56.45833785
141.0,-120.20834295,56.45833785
139.0,-119.79167625,56.45833785
143.0,-117.29167605,56.45833785
144.0,-116.87500935,56.45833785
160.0,96.04167435,56.45833785
159.0,96.45834105,56.45833785
143.0,104.37500835,56.45833785
125.0,111.04167555,56.45833785
70.0,113.12500905,56.45833785
101.0,113.54167575,56.45833785
144.0,-119.79167625,56.04167115
152.0,-118.95834285,56.04167115
150.0,-118.12500945,56.04167115
156.0,-117.70834275,56.04167115
140.0,-116.87500935,56.04167115
137.0,-116.45834265,56.04167115
161.0,93.95834085,56.04167115
114.0,115.20834255,56.04167115
-103.0,-126.04167675,55.62500445
104.0,-125.62501005,55.62500445
103.0,-125.20834335,55.62500445
94.0,-124.79167665,55.62500445
112.0,-124.37500995,55.62500445
130.0,-123.54167655,55.62500445
101.0,-123.12500985,55.62500445
122.0,-122.29167645,55.62500445
132.0,-119.79167625,55.62500445
148.0,-118.54167615,55.62500445
147.0,-117.70834275,55.62500445
141.0,-116.87500935,55.62500445
182.0,50.62500405,55.62500445
185.0,51.45833745,55.62500445
174.0,55.62500445,55.62500445
172.0,56.04167115,55.62500445
171.0,56.45833785,55.62500445
164.0,56.87500455,55.62500445
160.0,57.29167125,55.62500445
164.0,87.29167365,55.62500445
150.0,93.12500745,55.62500445
147.0,93.54167415,55.62500445
-96.0,-125.20834335,55.20833775
125.0,-124.79167665,55.20833775
143.0,-118.54167615,55.20833775
182.0,51.87500415,55.20833775
182.0,52.29167085,55.20833775
181.0,53.54167095,55.20833775
180.0,53.95833765,55.20833775
180.0,54.37500435,55.20833775
178.0,54.79167105,55.20833775
176.0,56.04167115,55.20833775
178.0,56.45833785,55.20833775
164.0,57.29167125,55.20833775
164.0,57.70833795,55.20833775
163.0,90.20834055,55.20833775
161.0,91.45834065,55.20833775
169.0,92.29167405,55.20833775
132.0,-119.37500955,54.79167105
143.0,-117.70834275,54.79167105
143.0,-117.29167605,54.79167105
141.0,-116.87500935,54.79167105
135.0,-116.45834265,54.79167105
118.0,-115.62500925,54.79167105
180.0,42.29167005,54.79167105
181.0,42.70833675,54.79167105
176.0,53.12500425,54.79167105
186.0,53.54167095,54.79167105
183.0,53.95833765,54.79167105
179.0,54.37500435,54.79167105
184.0,54.79167105,54.79167105
181.0,55.20833775,54.79167105
179.0,55.62500445,54.79167105
181.0,56.04167115,54.79167105
179.0,56.45833785,54.79167105
181.0,56.87500455,54.79167105
172.0,57.29167125,54.79167105
179.0,61.45833825,54.79167105
175.0,65.20833855,54.79167105
174.0,81.04167315,54.79167105
159.0,91.87500735,54.79167105
150.0,92.29167405,54.79167105
145.0,93.12500745,54.79167105
136.0,93.54167415,54.79167105
138.0,93.95834085,54.79167105
-84.0,-125.62501005,54.37500435
105.0,-125.20834335,54.37500435
131.0,-118.54167615,54.37500435
136.0,-117.70834275,54.37500435
136.0,-117.29167605,54.37500435
186.0,46.04167035,54.37500435
188.0,51.04167075,54.37500435
187.0,51.45833745,54.37500435
187.0,51.87500415,54.37500435
179.0,52.29167085,54.37500435
177.0,53.54167095,54.37500435
186.0,55.20833775,54.37500435
185.0,56.45833785,54.37500435
170.0,57.70833795,54.37500435
180.0,65.20833855,54.37500435
175.0,81.04167315,54.37500435
171.0,91.45834065,54.37500435
171.0,92.29167405,54.37500435
135.0,94.37500755,54.37500435
110.0,108.12500865,54.37500435
-84.0,-125.20834335,53.95833765
66.0,-120.20834295,53.95833765
121.0,-116.45834265,53.95833765
154.0,-112.29167565,53.95833765
183.0,43.95833685,53.95833765
186.0,51.45833745,53.95833765
188.0,51.87500415,53.95833765
189.0,52.29167085,53.95833765
187.0,52.70833755,53.95833765
186.0,53.12500425,53.95833765
189.0,53.54167095,53.95833765
180.0,53.95833765,53.95833765
177.0,54.37500435,53.95833765
181.0,55.20833775,53.95833765
184.0,55.62500445,53.95833765
181.0,56.45833785,53.95833765
166.0,56.87500455,53.95833765
166.0,57.70833795,53.95833765
184.0,61.45833825,53.95833765
188.0,63.12500505,53.95833765
189.0,63.54167175,53.95833765
190.0,64.79167185,53.95833765
184.0,65.20833855,53.95833765
182.0,66.45833865,53.95833765
175.0,80.20833975,53.95833765
169.0,87.70834035,53.95833765
151.0,89.79167385,53.95833765
178.0,92.29167405,53.95833765
174.0,92.70834075,53.95833765
174.0,93.12500745,53.95833765
127.0,115.20834255,53.95833765
116.0,-124.37500995,53.54167095
129.0,-123.54167655,53.54167095
90.0,-120.20834295,53.54167095
109.0,-117.70834275,53.54167095
135.0,-116.45834265,53.54167095
143.0,-114.79167585,53.54167095
158.0,-106.87500855,53.54167095
159.0,-106.45834185,53.54167095
175.0,58.95833805,53.54167095
175.0,60.20833815,53.54167095
181.0,60.62500485,53.54167095
187.0,61.45833825,53.54167095
193.0,63.54167175,53.54167095
192.0,64.79167185,53.54167095
186.0,76.87500615,53.54167095
185.0,77.70833955,53.54167095
178.0,80.20833975,53.54167095
178.0,87.70834035,53.54167095
171.0,88.54167375,53.54167095
165.0,88.95834045,53.54167095
165.0,89.37500715,53.54167095
137.0,89.79167385,53.54167095
153.0,90.20834055,53.54167095
181.0,91.87500735,53.54167095
175.0,92.70834075,53.54167095
172.0,93.12500745,53.54167095
163.0,93.54167415,53.54167095
137.0,93.95834085,53.54167095
121.0,94.37500755,53.54167095
112.0,94.79167425,53.54167095
140.0,95.20834095,53.54167095
103.0,95.62500765,53.54167095
111.0,96.87500775,53.54167095
104.0,98.54167455,53.54167095
102.0,98.95834125,53.54167095
141.0,119.79167625,53.54167095
123.0,-124.37500995,53.12500425
127.0,-123.54167655,53.12500425
143.0,-122.70834315,53.12500425
-99.0,-121.45834305,53.12500425
-97.0,-121.04167635,53.12500425
-87.0,-120.62500965,53.12500425
82.0,-118.54167615,53.12500425
111.0,-117.29167605,53.12500425
117.0,-116.87500935,53.12500425
135.0,-115.62500925,53.12500425
141.0,-114.79167585,53.12500425
146.0,-113.95834245,53.12500425
151.0,-113.12500905,53.12500425
153.0,-112.70834235,53.12500425
156.0,-111.87500895,53.12500425
153.0,-111.45834225,53.12500425
161.0,-106.87500855,53.12500425
199.0,47.70833715,53.12500425
199.0,48.12500385,53.12500425
195.0,51.45833745,53.12500425
186.0,61.04167155,53.12500425
189.0,61.45833825,53.12500425
188.0,72.70833915,53.12500425
191.0,73.12500585,53.12500425
190.0,75.20833935,53.12500425
190.0,75.62500605,53.12500425
188.0,77.29167285,53.12500425
172.0,87.70834035,53.12500425
159.0,88.54167375,53.12500425
157.0,88.95834045,53.12500425
173.0,92.70834075,53.12500425
141.0,94.79167425,53.12500425
133.0,95.20834095,53.12500425
120.0,95.62500765,53.12500425
87.0,98.54167455,53.12500425
154.0,102.29167485,53.12500425
149.0,106.04167515,53.12500425
157.0,122.29167645,53.12500425
-108.0,-124.79167665,52.70833755
121.0,-122.70834315,52.70833755
-78.0,-121.04167635,52.70833755
-76.0,-120.20834295,52.70833755
-98.0,-119.37500955,52.70833755
83.0,-117.70834275,52.70833755
95.0,-116.87500935,52.70833755
158.0,-111.04167555,52.70833755
167.0,-99.37500795,52.70833755
197.0,47.29167045,52.70833755
202.0,48.12500385,52.70833755
190.0,61.45833825,52.70833755
181.0,67.29167205,52.70833755
185.0,72.29167245,52.70833755
187.0,72.70833915,52.70833755
192.0,76.45833945,52.70833755
191.0,77.29167285,52.70833755
189.0,77.70833955,52.70833755
191.0,79.79167305,52.70833755
186.0,81.04167315,52.70833755
178.0,87.29167365,52.70833755
170.0,88.54167375,52.70833755
155.0,88.95834045,52.70833755
173.0,89.79167385,52.70833755
158.0,90.62500725,52.70833755
153.0,91.04167395,52.70833755
122.0,95.20834095,52.70833755
149.0,95.62500765,52.70833755
82.0,100.20834135,52.70833755
136.0,111.04167555,52.70833755
153.0,122.29167645,52.70833755
-48.0,-124.37500995,52.29167085
164.0,-122.29167645,52.29167085
134.0,-121.87500975,52.29167085
140.0,-121.04167635,52.29167085
167.0,-105.62500845,52.29167085
190.0,40.20833655,52.29167085
198.0,52.70833755,52.29167085
197.0,53.95833765,52.29167085
182.0,59.37500475,52.29167085
182.0,60.20833815,52.29167085
185.0,67.29167205,52.29167085
189.0,72.70833915,52.29167085
189.0,73.12500585,52.29167085
194.0,76.04167275,52.29167085
194.0,76.45833945,52.29167085
195.0,76.87500615,52.29167085
196.0,77.70833955,52.29167085
185.0,84.37500675,52.29167085
188.0,84.79167345,52.29167085
185.0,86.04167355,52.29167085
186.0,87.29167365,52.29167085
186.0,87.70834035,52.29167085
181.0,88.12500705,52.29167085
135.0,88.95834045,52.29167085
155.0,89.79167385,52.29167085
145.0,90.20834055,52.29167085
139.0,90.62500725,52.29167085
118.0,91.45834065,52.29167085
90.0,91.87500735,52.29167085
167.0,93.12500745,52.29167085
128.0,93.54167415,52.29167085
115.0,94.37500755,52.29167085
104.0,94.79167425,52.29167085
106.0,95.20834095,52.29167085
109.0,95.62500765,52.29167085
143.0,96.04167435,52.29167085
124.0,96.87500775,52.29167085
97.0,97.70834115,52.29167085
75.0,98.54167455,52.29167085
51.0,98.95834125,52.29167085
142.0,108.95834205,52.29167085
154.0,110.62500885,52.29167085
147.0,111.04167555,52.29167085
127.0,-123.12500985,51.87500415
139.0,-121.45834305,51.87500415
142.0,-121.04167635,51.87500415
157.0,-111.45834225,51.87500415
171.0,-99.37500795,51.87500415
196.0,42.29167005,51.87500415
-65.0,46.45833705,51.87500415
185.0,59.79167145,51.87500415
197.0,61.45833825,51.87500415
214.0,64.37500515,51.87500415
210.0,64.79167185,51.87500415
194.0,66.87500535,51.87500415
183.0,68.54167215,51.87500415
187.0,72.70833915,51.87500415
185.0,73.12500585,51.87500415
197.0,77.29167285,51.87500415
191.0,79.79167305,51.87500415
192.0,80.20833975,51.87500415
190.0,82.29167325,51.87500415
187.0,82.70833995,51.87500415
177.0,83.54167335,51.87500415
186.0,83.95834005,51.87500415
161.0,84.79167345,51.87500415
184.0,86.04167355,51.87500415
156.0,88.54167375,51.87500415
110.0,88.95834045,51.87500415
104.0,89.37500715,51.87500415
103.0,90.20834055,51.87500415
108.0,90.62500725,51.87500415
121.0,91.04167395,51.87500415
118.0,91.45834065,51.87500415
161.0,92.29167405,51.87500415
133.0,93.12500745,51.87500415
106.0,93.54167415,51.87500415
138.0,93.95834085,51.87500415
160.0,94.37500755,51.87500415
119.0,94.79167425,51.87500415
116.0,95.20834095,51.87500415
104.0,95.62500765,51.87500415
81.0,99.79167465,51.87500415
153.0,107.29167525,51.87500415
138.0,-121.04167635,51.45833745
-63.0,-120.62500965,51.45833745
-75.0,-118.54167615,51.45833745
-107.0,-117.70834275,51.45833745
170.0,-109.79167545,51.45833745
209.0,49.79167065,51.45833745
207.0,50.20833735,51.45833745
206.0,51.04167075,51.45833745
190.0,60.20833815,51.45833745
190.0,60.62500485,51.45833745
196.0,61.04167155,51.45833745
214.0,65.20833855,51.45833745
198.0,66.87500535,51.45833745
193.0,67.70833875,51.45833745
171.0,68.12500545,51.45833745
169.0,68.54167215,51.45833745
188.0,68.95833885,51.45833745
164.0,73.12500585,51.45833745
192.0,74.79167265,51.45833745
192.0,75.20833935,51.45833745
194.0,75.62500605,51.45833745
195.0,78.54167295,51.45833745
193.0,79.79167305,51.45833745
171.0,82.29167325,51.45833745
158.0,83.12500665,51.45833745
151.0,83.54167335,51.45833745
144.0,84.79167345,51.45833745
167.0,86.04167355,51.45833745
120.0,88.54167375,51.45833745
95.0,88.95834045,51.45833745
76.0,89.79167385,51.45833745
122.0,90.20834055,51.45833745
135.0,90.62500725,51.45833745
118.0,91.04167395,51.45833745
177.0,91.45834065,51.45833745
148.0,91.87500735,51.45833745
173.0,92.70834075,51.45833745
155.0,93.12500745,51.45833745
151.0,93.54167415,51.45833745
150.0,93.95834085,51.45833745
169.0,94.79167425,51.45833745
156.0,95.20834095,51.45833745
166.0,95.62500765,51.45833745
149.0,96.04167435,51.45833745
124.0,96.45834105,51.45833745
96.0,96.87500775,51.45833745
141.0,106.04167515,51.45833745
165.0,114.37500915,51.45833745
158.0,-121.45834305,51.04167075
128.0,-121.04167635,51.04167075
117.0,-120.62500965,51.04167075
172.0,-109.79167545,51.04167075
174.0,-109.37500875,51.04167075
174.0,-108.95834205,51.04167075
213.0,48.95833725,51.04167075
209.0,50.20833735,51.04167075
214.0,51.04167075,51.04167075
213.0,53.54167095,51.04167075
196.0,56.87500455,51.04167075
191.0,59.79167145,51.04167075
198.0,61.04167155,51.04167075
203.0,61.45833825,51.04167075
208.0,62.29167165,51.04167075
210.0,62.70833835,51.04167075
218.0,63.95833845,51.04167075
223.0,64.37500515,51.04167075
224.0,64.79167185,51.04167075
219.0,65.62500525,51.04167075
205.0,66.87500535,51.04167075
202.0,67.29167205,51.04167075
178.0,68.12500545,51.04167075
172.0,68.54167215,51.04167075
173.0,71.45833905,51.04167075
163.0,73.12500585,51.04167075
173.0,74.37500595,51.04167075
197.0,75.62500605,51.04167075
180.0,76.45833945,51.04167075
196.0,76.87500615,51.04167075
165.0,82.29167325,51.04167075
105.0,83.54167335,51.04167075
128.0,83.95834005,51.04167075
118.0,85.20834015,51.04167075
100.0,86.87500695,51.04167075
123.0,87.29167365,51.04167075
179.0,87.70834035,51.04167075
61.0,88.12500705,51.04167075
92.0,88.54167375,51.04167075
89.0,88.95834045,51.04167075
80.0,89.37500715,51.04167075
87.0,89.79167385,51.04167075
168.0,90.62500725,51.04167075
161.0,91.04167395,51.04167075
123.0,91.45834065,51.04167075
77.0,92.29167405,51.04167075
89.0,92.70834075,51.04167075
136.0,93.12500745,51.04167075
146.0,93.54167415,51.04167075
131.0,93.95834085,51.04167075
121.0,94.37500755,51.04167075
153.0,94.79167425,51.04167075
155.0,95.20834095,51.04167075
128.0,95.62500765,51.04167075
126.0,96.04167435,51.04167075
131.0,96.87500775,51.04167075
64.0,98.54167455,51.04167075
123.0,-120.62500965,50.62500405
154.0,-120.20834295,50.62500405
-55.0,-118.54167615,50.62500405
171.0,-111.04167555,50.62500405
173.0,-110.62500885,50.62500405
173.0,-109.79167545,50.62500405
176.0,-109.37500875,50.62500405
155.0,-108.54167535,50.62500405
156.0,-108.12500865,50.62500405
156.0,-105.20834175,50.62500405
191.0,31.04166915,50.62500405
-23.0,55.20833775,50.62500405
200.0,59.37500475,50.62500405
197.0,59.79167145,50.62500405
198.0,60.20833815,50.62500405
200.0,60.62500485,50.62500405
208.0,61.45833825,50.62500405
214.0,62.29167165,50.62500405
216.0,62.70833835,50.62500405
228.0,64.37500515,50.62500405
229.0,64.79167185,50.62500405
204.0,66.87500535,50.62500405
166.0,73.12500585,50.62500405
170.0,74.37500595,50.62500405
174.0,74.79167265,50.62500405
172.0,75.20833935,50.62500405
179.0,76.45833945,50.62500405
179.0,76.87500615,50.62500405
181.0,78.12500625,50.62500405
130.0,87.70834035,50.62500405
105.0,88.12500705,50.62500405
94.0,88.54167375,50.62500405
103.0,88.95834045,50.62500405
111.0,89.37500715,50.62500405
60.0,89.79167385,50.62500405
87.0,90.20834055,50.62500405
120.0,91.45834065,50.62500405
143.0,91.87500735,50.62500405
173.0,92.70834075,50.62500405
175.0,93.54167415,50.62500405
135.0,95.20834095,50.62500405
113.0,95.62500765,50.62500405
91.0,96.04167435,50.62500405
84.0,96.45834105,50.62500405
106.0,96.87500775,50.62500405
92.0,98.12500785,50.62500405
88.0,98.95834125,50.62500405
176.0,107.29167525,50.62500405
159.0,116.87500935,50.62500405
167.0,119.37500955,50.62500405
146.0,-120.20834295,50.20833735
-22.0,-117.70834275,50.20833735
-72.0,-116.87500935,50.20833735
152.0,-108.12500865,50.20833735
147.0,-107.70834195,50.20833735
174.0,-99.37500795,50.20833735
-12.0,52.70833755,50.20833735
134.0,57.70833795,50.20833735
130.0,58.54167135,50.20833735
134.0,58.95833805,50.20833735
202.0,59.37500475,50.20833735
208.0,60.62500485,50.20833735
210.0,61.04167155,50.20833735
193.0,66.87500535,50.20833735
184.0,68.12500545,50.20833735
177.0,70.62500565,50.20833735
178.0,71.45833905,50.20833735
172.0,72.29167245,50.20833735
171.0,73.54167255,50.20833735
167.0,73.95833925,50.20833735
162.0,74.79167265,50.20833735
165.0,75.62500605,50.20833735
167.0,76.45833945,50.20833735
181.0,78.95833965,50.20833735
182.0,79.37500635,50.20833735
179.0,79.79167305,50.20833735
178.0,80.62500645,50.20833735
146.0,83.12500665,50.20833735
131.0,86.87500695,50.20833735
125.0,87.70834035,50.20833735
82.0,88.54167375,50.20833735
82.0,88.95834045,50.20833735
91.0,89.37500715,50.20833735
112.0,89.79167385,50.20833735
73.0,90.20834055,50.20833735
115.0,90.62500725,50.20833735
149.0,91.04167395,50.20833735
177.0,93.54167415,50.20833735
155.0,95.20834095,50.20833735
141.0,95.62500765,50.20833735
103.0,96.04167435,50.20833735
80.0,96.45834105,50.20833735
92.0,96.87500775,50.20833735
157.0,112.29167565,50.20833735
171.0,114.79167585,50.20833735
155.0,-103.54167495,49.79167065
-25.0,56.04167115,49.79167065
-30.0,56.87500455,49.79167065
138.0,57.29167125,49.79167065
133.0,58.12500465,49.79167065
136.0,58.95833805,49.79167065
133.0,59.37500475,49.79167065
192.0,59.79167145,49.79167065
195.0,60.20833815,49.79167065
195.0,60.62500485,49.79167065
217.0,61.45833825,49.79167065
193.0,66.87500535,49.79167065
173.0,80.20833975,49.79167065
169.0,81.04167315,49.79167065
156.0,83.12500665,49.79167065
143.0,83.54167335,49.79167065
169.0,84.79167345,49.79167065
116.0,85.20834015,49.79167065
49.0,87.70834035,49.79167065
45.0,88.12500705,49.79167065
125.0,88.54167375,49.79167065
122.0,88.95834045,49.79167065
113.0,89.37500715,49.79167065
26.0,89.79167385,49.79167065
143.0,90.62500725,49.79167065
150.0,91.87500735,49.79167065
168.0,92.70834075,49.79167065
171.0,104.79167505,49.79167065
179.0,106.04167515,49.79167065
179.0,106.45834185,49.79167065
170.0,107.70834195,49.79167065
202.0,112.70834235,49.79167065
166.0,114.37500915,49.79167065
184.0,118.54167615,49.79167065
181.0,119.37500955,49.79167065
136.0,-119.79167625,49.37500395
146.0,-108.12500865,49.37500395
177.0,-101.87500815,49.37500395
174.0,-95.62500765,49.37500395
76.0,-1.45833345,49.37500395
74.0,0.208333350000004,49.37500395
73.0,0.625000050000011,49.37500395
136.0,58.54167135,49.37500395
137.0,59.37500475,49.37500395
141.0,59.79167145,49.37500395
146.0,60.20833815,49.37500395
202.0,60.62500485,49.37500395
202.0,61.04167155,49.37500395
191.0,66.87500535,49.37500395
176.0,79.79167305,49.37500395
174.0,80.20833975,49.37500395
107.0,87.70834035,49.37500395
73.0,88.12500705,49.37500395
83.0,88.54167375,49.37500395
106.0,88.95834045,49.37500395
90.0,89.37500715,49.37500395
76.0,91.45834065,49.37500395
171.0,92.70834075,49.37500395
125.0,94.37500755,49.37500395
129.0,96.04167435,49.37500395
128.0,99.79167465,49.37500395
154.0,101.45834145,49.37500395
162.0,104.37500835,49.37500395
174.0,114.79167585,49.37500395
-73.0,-120.62500965,48.95833725
-35.0,-118.12500945,48.95833725
-19.0,-116.45834265,48.95833725
-39.0,-115.20834255,48.95833725
-59.0,-114.37500915,48.95833725
120.0,-113.12500905,48.95833725
163.0,-103.12500825,48.95833725
182.0,-99.37500795,48.95833725
183.0,-96.87500775,48.95833725
200.0,42.29167005,48.95833725
142.0,58.54167135,48.95833725
140.0,58.95833805,48.95833725
149.0,60.62500485,48.95833725
186.0,69.37500555,48.95833725
149.0,81.87500655,48.95833725
147.0,89.79167385,48.95833725
152.0,91.04167395,48.95833725
131.0,91.87500735,48.95833725
180.0,93.12500745,48.95833725
160.0,94.79167425,48.95833725
125.0,101.45834145,48.95833725
162.0,107.29167525,48.95833725
174.0,113.12500905,48.95833725
-28.0,-121.04167635,48.54167055
188.0,-96.87500775,48.54167055
203.0,42.29167005,48.54167055
190.0,71.04167235,48.54167055
-72.0,82.29167325,48.54167055
155.0,84.79167345,48.54167055
138.0,85.20834015,48.54167055
106.0,88.95834045,48.54167055
85.0,89.37500715,48.54167055
115.0,90.20834055,48.54167055
177.0,91.45834065,48.54167055
179.0,93.95834085,48.54167055
128.0,101.04167475,48.54167055
133.0,101.45834145,48.54167055
145.0,102.70834155,48.54167055
176.0,112.70834235,48.54167055
184.0,113.12500905,48.54167055
-35.0,-113.95834245,48.12500385
176.0,74.37500595,48.12500385
58.0,85.20834015,48.12500385
109.0,88.95834045,48.12500385
160.0,91.45834065,48.12500385
146.0,94.79167425,48.12500385
120.0,99.37500795,48.12500385
170.0,104.79167505,48.12500385
-12.0,-118.95834285,47.70833715
-22.0,-118.12500945,47.70833715
112.0,-114.37500915,47.70833715
54.0,-113.12500905,47.70833715
182.0,-95.62500765,47.70833715
178.0,5.62500045000002,47.70833715
187.0,21.04166835,47.70833715
235.0,48.12500385,47.70833715
103.0,90.62500725,47.70833715
162.0,91.87500735,47.70833715
198.0,93.12500745,47.70833715
202.0,93.54167415,47.70833715
161.0,95.62500765,47.70833715
143.0,103.12500825,47.70833715
166.0,104.79167505,47.70833715
148.0,108.95834205,47.70833715
156.0,110.62500885,47.70833715
169.0,111.45834225,47.70833715
175.0,113.12500905,47.70833715
-18.0,-119.79167625,47.29167045
-6.0,-118.95834285,47.29167045
-9.0,-118.54167615,47.29167045
-10.0,-118.12500945,47.29167045
-7.0,-117.29167605,47.29167045
107.0,-114.37500915,47.29167045
200.0,-96.87500775,47.29167045
188.0,20.62500165,47.29167045
188.0,21.04166835,47.29167045
169.0,26.45833545,47.29167045
193.0,36.87500295,47.29167045
201.0,38.54166975,47.29167045
71.0,60.20833815,47.29167045
74.0,60.62500485,47.29167045
147.0,85.20834015,47.29167045
173.0,86.04167355,47.29167045
192.0,88.54167375,47.29167045
120.0,91.87500735,47.29167045
182.0,92.29167405,47.29167045
215.0,92.70834075,47.29167045
137.0,93.12500745,47.29167045
150.0,103.12500825,47.29167045
155.0,103.95834165,47.29167045
174.0,105.20834175,47.29167045
166.0,111.04167555,47.29167045
-27.0,-120.20834295,46.87500375
1.0,-119.79167625,46.87500375
1.0,-118.95834285,46.87500375
7.0,-117.70834275,46.87500375
2.0,-117.29167605,46.87500375
-69.0,-114.37500915,46.87500375
98.0,-113.54167575,46.87500375
132.0,-112.29167565,46.87500375
140.0,-111.87500895,46.87500375
107.0,-111.45834225,46.87500375
203.0,-96.87500775,46.87500375
189.0,21.45833505,46.87500375
195.0,34.37500275,46.87500375
199.0,36.45833625,46.87500375
142.0,92.70834075,46.87500375
171.0,105.20834175,46.87500375
4.0,-120.20834295,46.45833705
18.0,-117.70834275,46.45833705
13.0,-117.29167605,46.45833705
-64.0,-114.79167585,46.45833705
35.0,-114.37500915,46.45833705
36.0,-113.54167575,46.45833705
47.0,-113.12500905,46.45833705
135.0,-112.70834235,46.45833705
102.0,-112.29167565,46.45833705
110.0,-110.62500885,46.45833705
-9999.0,37.29166965,46.45833705
210.0,42.29167005,46.45833705
91.0,56.04167115,46.45833705
133.0,93.54167415,46.45833705
145.0,94.37500755,46.45833705
161.0,104.37500835,46.45833705
-4.0,-120.20834295,46.04167035
17.0,-119.37500955,46.04167035
7.0,-118.12500945,46.04167035
86.0,-114.37500915,46.04167035
60.0,-113.95834245,46.04167035
147.0,-111.87500895,46.04167035
53.0,-110.20834215,46.04167035
192.0,-93.95834085,46.04167035
57.0,-0.208333350000004,46.04167035
186.0,21.45833505,46.04167035
176.0,50.20833735,46.04167035
83.0,58.54167135,46.04167035
91.0,59.79167145,46.04167035
178.0,83.95834005,46.04167035
113.0,93.54167415,46.04167035
25.0,-120.20834295,45.62500365
26.0,-119.37500955,45.62500365
154.0,-116.45834265,45.62500365
105.0,-113.54167575,45.62500365
136.0,-112.70834235,45.62500365
74.0,-111.87500895,45.62500365
197.0,28.95833565,45.62500365
-9999.0,30.62500245,45.62500365
213.0,43.95833685,45.62500365
214.0,44.79167025,45.62500365
96.0,57.70833795,45.62500365
89.0,58.54167135,45.62500365
96.0,58.95833805,45.62500365
93.0,67.70833875,45.62500365
-32.0,-118.54167615,45.20833695
-35.0,-118.12500945,45.20833695
-82.0,-117.29167605,45.20833695
-60.0,-115.62500925,45.20833695
-77.0,-114.79167585,45.20833695
21.0,-114.37500915,45.20833695
86.0,-113.54167575,45.20833695
138.0,-112.70834235,45.20833695
94.0,-112.29167565,45.20833695
28.0,-111.45834225,45.20833695
47.0,-111.04167555,45.20833695
6.0,-110.62500885,45.20833695
0.0,-110.20834215,45.20833695
17.0,-109.79167545,45.20833695
176.0,-103.54167495,45.20833695
195.0,27.29166885,45.20833695
198.0,27.70833555,45.20833695
42.0,33.54166935,45.20833695
206.0,44.37500355,45.20833695
219.0,48.95833725,45.20833695
109.0,53.54167095,45.20833695
108.0,54.79167105,45.20833695
100.0,57.29167125,45.20833695
96.0,58.12500465,45.20833695
102.0,58.54167135,45.20833695
105.0,67.29167205,45.20833695
105.0,67.70833875,45.20833695
103.0,68.54167215,45.20833695
100.0,68.95833885,45.20833695
102.0,69.79167225,45.20833695
101.0,70.20833895,45.20833695
90.0,78.12500625,45.20833695
144.0,78.54167295,45.20833695
18.0,-120.20834295,44.79167025
-93.0,-115.20834255,44.79167025
-45.0,-114.79167585,44.79167025
-102.0,-114.37500915,44.79167025
139.0,-113.54167575,44.79167025
44.0,-112.29167565,44.79167025
27.0,-111.87500895,44.79167025
-93.0,-111.04167555,44.79167025
8.0,-110.20834215,44.79167025
93.0,-107.29167525,44.79167025
183.0,-102.70834155,44.79167025
181.0,28.54166895,44.79167025
-9999.0,33.12500265,44.79167025
44.0,38.12500305,44.79167025
176.0,50.20833735,44.79167025
112.0,53.54167095,44.79167025
106.0,56.04167115,44.79167025
111.0,67.29167205,44.79167025
112.0,67.70833875,44.79167025
113.0,68.12500545,44.79167025
111.0,68.54167215,44.79167025
111.0,68.95833885,44.79167025
110.0,69.79167225,44.79167025
110.0,70.20833895,44.79167025
154.0,77.70833955,44.79167025
150.0,78.12500625,44.79167025
9.0,-121.04167635,44.37500355
-17.0,-120.62500965,44.37500355
-21.0,-120.20834295,44.37500355
-37.0,-118.54167615,44.37500355
-39.0,-118.12500945,44.37500355
10.0,-113.95834245,44.37500355
-71.0,-111.87500895,44.37500355
22.0,-110.20834215,44.37500355
109.0,-107.70834195,44.37500355
134.0,4.37500034999999,44.37500355
135.0,4.79166705,44.37500355
117.0,5.20833375000001,44.37500355
110.0,14.79166785,44.37500355
-9999.0,29.79166905,44.37500355
108.0,59.37500475,44.37500355
109.0,66.87500535,44.37500355
116.0,68.12500545,44.37500355
116.0,68.54167215,44.37500355
113.0,68.95833885,44.37500355
106.0,69.79167225,44.37500355
109.0,70.20833895,44.37500355
109.0,71.04167235,44.37500355
123.0,77.70833955,44.37500355
7.0,-121.04167635,43.95833685
-7.0,-120.20834295,43.95833685
-24.0,-119.79167625,43.95833685
-28.0,-119.37500955,43.95833685
-15.0,-118.12500945,43.95833685
-82.0,-115.20834255,43.95833685
-103.0,-114.37500915,43.95833685
-97.0,-113.95834245,43.95833685
-56.0,-111.45834225,43.95833685
-89.0,-110.62500885,43.95833685
-84.0,-110.20834215,43.95833685
-2.0,-109.79167545,43.95833685
18.0,-109.37500875,43.95833685
107.0,-107.29167525,43.95833685
149.0,1.87500015000001,43.95833685
113.0,3.54166695000001,43.95833685
142.0,4.37500034999999,43.95833685
142.0,4.79166705,43.95833685
123.0,8.12500065,43.95833685
-9999.0,9.79166745000001,43.95833685
102.0,15.62500125,43.95833685
197.0,25.20833535,43.95833685
196.0,26.45833545,43.95833685
186.0,27.29166885,43.95833685
-9999.0,33.95833605,43.95833685
112.0,58.95833805,43.95833685
44.0,67.29167205,43.95833685
97.0,67.70833875,43.95833685
76.0,68.12500545,43.95833685
105.0,68.54167215,43.95833685
117.0,69.37500555,43.95833685
118.0,69.79167225,43.95833685
83.0,74.37500595,43.95833685
78.0,74.79167265,43.95833685
127.0,75.20833935,43.95833685
82.0,75.62500605,43.95833685
85.0,76.04167275,43.95833685
156.0,76.45833945,43.95833685
152.0,76.87500615,43.95833685
161.0,77.29167285,43.95833685
152.0,77.70833955,43.95833685
164.0,81.45833985,43.95833685
-10.0,-120.62500965,43.54167015
-12.0,-120.20834295,43.54167015
-15.0,-119.79167625,43.54167015
-16.0,-118.12500945,43.54167015
-11.0,-117.29167605,43.54167015
-39.0,-115.62500925,43.54167015
108.0,-113.12500905,43.54167015
-70.0,-111.04167555,43.54167015
-84.0,-110.20834215,43.54167015
84.0,-108.95834205,43.54167015
114.0,-108.12500865,43.54167015
192.0,-96.87500775,43.54167015
-9999.0,9.79166745000001,43.54167015
-9999.0,10.20833415,43.54167015
110.0,11.04166755,43.54167015
199.0,23.95833525,43.54167015
54.0,67.29167205,43.54167015
54.0,67.70833875,43.54167015
122.0,68.12500545,43.54167015
92.0,68.95833885,43.54167015
121.0,70.20833895,43.54167015
115.0,71.87500575,43.54167015
113.0,72.29167245,43.54167015
94.0,75.62500605,43.54167015
152.0,76.45833945,43.54167015
165.0,77.29167285,43.54167015
121.0,78.95833965,43.54167015
174.0,79.79167305,43.54167015
-19.0,-121.45834305,43.12500345
1.0,-121.04167635,43.12500345
-12.0,-120.62500965,43.12500345
-4.0,-120.20834295,43.12500345
-12.0,-119.79167625,43.12500345
-12.0,-119.37500955,43.12500345
-15.0,-118.12500945,43.12500345
123.0,-117.70834275,43.12500345
-16.0,-117.29167605,43.12500345
6.0,-116.45834265,43.12500345
-2.0,-115.62500925,43.12500345
-37.0,-114.79167585,43.12500345
-36.0,-114.37500915,43.12500345
-94.0,-110.62500885,43.12500345
94.0,-110.20834215,43.12500345
115.0,-107.70834195,43.12500345
189.0,-101.04167475,43.12500345
110.0,2.70833354999999,43.12500345
-9999.0,5.62500045000002,43.12500345
126.0,6.04166714999999,43.12500345
-9999.0,6.45833385,43.12500345
-9999.0,7.29166724999999,43.12500345
89.0,17.29166805,43.12500345
-9999.0,28.95833565,43.12500345
129.0,41.45833665,43.12500345
175.0,41.87500335,43.12500345
66.0,42.29167005,43.12500345
73.0,42.70833675,43.12500345
24.0,43.12500345,43.12500345
54.0,64.79167185,43.12500345
64.0,67.70833875,43.12500345
65.0,68.12500545,43.12500345
62.0,68.95833885,43.12500345
52.0,69.37500555,43.12500345
93.0,70.20833895,43.12500345
121.0,71.04167235,43.12500345
120.0,71.45833905,43.12500345
113.0,72.29167245,43.12500345
115.0,73.54167255,43.12500345
116.0,73.95833925,43.12500345
-16.0,-113.95834245,42.70833675
120.0,-113.12500905,42.70833675
95.0,-112.70834235,42.70833675
101.0,-111.87500895,42.70833675
-101.0,-110.62500885,42.70833675
102.0,-110.20834215,42.70833675
28.0,-109.37500875,42.70833675
98.0,-107.70834195,42.70833675
99.0,-106.45834185,42.70833675
101.0,-106.04167515,42.70833675
202.0,-98.54167455,42.70833675
201.0,-97.29167445,42.70833675
206.0,-91.87500735,42.70833675
71.0,-3.95833364999999,42.70833675
-9999.0,8.95833404999999,42.70833675
87.0,43.95833685,42.70833675
57.0,64.37500515,42.70833675
57.0,64.79167185,42.70833675
74.0,68.12500545,42.70833675
96.0,70.62500565,42.70833675
-16.0,-116.87500935,42.29167005
-20.0,-116.45834265,42.29167005
-15.0,-115.62500925,42.29167005
107.0,-114.79167585,42.29167005
-94.0,-110.62500885,42.29167005
124.0,-110.20834215,42.29167005
63.0,-105.62500845,42.29167005
198.0,-98.54167455,42.29167005
204.0,-97.70834115,42.29167005
206.0,-96.04167435,42.29167005
214.0,-92.29167405,42.29167005
87.0,-4.79166705,42.29167005
74.0,-3.95833364999999,42.29167005
105.0,-3.12500025,42.29167005
88.0,-1.45833345,42.29167005
135.0,0.208333350000004,42.29167005
168.0,3.12500025,42.29167005
135.0,12.70833435,42.29167005
-9999.0,14.79166785,42.29167005
-9999.0,16.04166795,42.29167005
131.0,53.95833765,42.29167005
129.0,54.79167105,42.29167005
129.0,55.20833775,42.29167005
81.0,68.95833885,42.29167005
74.0,69.37500555,42.29167005
79.0,73.95833925,42.29167005
75.0,74.37500595,42.29167005
84.0,81.45833985,42.29167005
-11.0,-122.29167645,41.87500335
-2.0,-121.87500975,41.87500335
5.0,-121.45834305,41.87500335
-22.0,-120.20834295,41.87500335
-31.0,-117.29167605,41.87500335
-15.0,-116.87500935,41.87500335
-19.0,-116.45834265,41.87500335
-25.0,-116.04167595,41.87500335
55.0,-112.29167565,41.87500335
79.0,-111.87500895,41.87500335
86.0,-109.37500875,41.87500335
192.0,-99.79167465,41.87500335
197.0,-97.70834115,41.87500335
205.0,-97.29167445,41.87500335
205.0,-96.87500775,41.87500335
43.0,-6.45833385,41.87500335
160.0,-1.45833345,41.87500335
144.0,-1.04166674999999,41.87500335
146.0,-0.625000050000011,41.87500335
156.0,-0.208333350000004,41.87500335
105.0,14.79166785,41.87500335
-9999.0,16.45833465,41.87500335
78.0,43.12500345,41.87500335
135.0,53.54167095,41.87500335
127.0,54.37500435,41.87500335
136.0,55.62500445,41.87500335
89.0,68.12500545,41.87500335
76.0,68.95833885,41.87500335
66.0,69.37500555,41.87500335
57.0,73.54167255,41.87500335
27.0,73.95833925,41.87500335
130.0,74.37500595,41.87500335
-2.0,-122.29167645,41.45833665
-2.0,-121.87500975,41.45833665
4.0,-121.45834305,41.45833665
-10.0,-120.20834295,41.45833665
-37.0,-118.95834285,41.45833665
-26.0,-117.70834275,41.45833665
-14.0,-116.87500935,41.45833665
-27.0,-116.45834265,41.45833665
97.0,-114.79167585,41.45833665
119.0,-113.95834245,41.45833665
89.0,-112.29167565,41.45833665
104.0,-109.37500875,41.45833665
156.0,-104.79167505,41.45833665
166.0,-104.37500835,41.45833665
198.0,-98.54167455,41.45833665
203.0,-97.70834115,41.45833665
84.0,-4.79166705,41.45833665
154.0,-1.45833345,41.45833665
151.0,-1.04166674999999,41.45833665
159.0,-0.208333350000004,41.45833665
171.0,0.208333350000004,41.45833665
174.0,0.625000050000011,41.45833665
136.0,1.45833345,41.45833665
-9999.0,3.12500025,41.45833665
133.0,12.70833435,41.45833665
117.0,13.12500105,41.45833665
114.0,15.20833455,41.45833665
127.0,15.62500125,41.45833665
-9999.0,16.04166795,41.45833665
-9999.0,19.37500155,41.45833665
-9999.0,28.54166895,41.45833665
125.0,48.54167055,41.45833665
146.0,48.95833725,41.45833665
87.0,67.29167205,41.45833665
91.0,67.70833875,41.45833665
94.0,68.12500545,41.45833665
93.0,68.95833885,41.45833665
85.0,69.37500555,41.45833665
101.0,70.20833895,41.45833665
85.0,73.95833925,41.45833665
107.0,74.37500595,41.45833665
2.0,-117.29167605,41.04166995
-12.0,-116.45834265,41.04166995
91.0,-114.79167585,41.04166995
23.0,-111.04167555,41.04166995
89.0,-109.37500875,41.04166995
6.0,-108.95834205,41.04166995
5.0,-106.87500855,41.04166995
77.0,-106.45834185,41.04166995
112.0,-105.62500845,41.04166995
204.0,-98.54167455,41.04166995
210.0,-98.12500785,41.04166995
203.0,-93.54167415,41.04166995
80.0,-5.62500044999999,41.04166995
79.0,-3.12500025,41.04166995
127.0,-2.70833354999999,41.04166995
147.0,-0.208333350000004,41.04166995
-9999.0,2.29166685000001,41.04166995
-9999.0,13.54166775,41.04166995
127.0,14.37500115,41.04166995
132.0,16.87500135,41.04166995
-9999.0,19.37500155,41.04166995
-9999.0,38.12500305,41.04166995
-9999.0,38.54166975,41.04166995
59.0,41.87500335,41.04166995
141.0,53.54167095,41.04166995
149.0,54.37500435,41.04166995
152.0,54.79167105,41.04166995
100.0,68.12500545,41.04166995
54.0,70.62500565,41.04166995
138.0,72.70833915,41.04166995
105.0,73.54167255,41.04166995
-19.0,-121.04167635,40.62500325
-12.0,-120.62500965,40.62500325
-3.0,-120.20834295,40.62500325
122.0,-117.29167605,40.62500325
130.0,-116.87500935,40.62500325
53.0,-114.79167585,40.62500325
-93.0,-110.62500885,40.62500325
109.0,-106.45834185,40.62500325
212.0,-91.45834065,40.62500325
208.0,-89.79167385,40.62500325
64.0,-5.20833375000001,40.62500325
73.0,-3.95833364999999,40.62500325
83.0,-2.29166684999998,40.62500325
144.0,0.208333350000004,40.62500325
-9999.0,8.12500065,40.62500325
-9999.0,13.95833445,40.62500325
-9999.0,14.79166785,40.62500325
103.0,15.20833455,40.62500325
114.0,17.29166805,40.62500325
-9999.0,18.54166815,40.62500325
-9999.0,18.95833485,40.62500325
111.0,19.37500155,40.62500325
-9999.0,25.20833535,40.62500325
-9999.0,27.29166885,40.62500325
88.0,28.95833565,40.62500325
81.0,29.37500235,40.62500325
141.0,33.95833605,40.62500325
105.0,37.70833635,40.62500325
114.0,38.54166975,40.62500325
86.0,42.29167005,40.62500325
196.0,47.29167045,40.62500325
138.0,47.70833715,40.62500325
154.0,48.95833725,40.62500325
80.0,53.12500425,40.62500325
144.0,53.54167095,40.62500325
146.0,53.95833765,40.62500325
146.0,54.37500435,40.62500325
155.0,57.29167125,40.62500325
104.0,68.12500545,40.62500325
93.0,70.62500565,40.62500325
93.0,71.04167235,40.62500325
93.0,71.45833905,40.62500325
92.0,71.87500575,40.62500325
182.0,113.12500905,40.62500325
-6.0,-121.04167635,40.20833655
17.0,-120.20834295,40.20833655
64.0,-117.29167605,40.20833655
88.0,-112.70834235,40.20833655
137.0,-106.45834185,40.20833655
213.0,-97.29167445,40.20833655
218.0,-95.62500765,40.20833655
224.0,-94.37500755,40.20833655
66.0,-5.20833375000001,40.20833655
106.0,-4.79166705,40.20833655
101.0,-3.95833364999999,40.20833655
101.0,-3.54166695000001,40.20833655
89.0,-3.12500025,40.20833655
110.0,-2.70833354999999,40.20833655
-9999.0,2.70833354999999,40.20833655
-9999.0,3.12500025,40.20833655
85.0,16.04166795,40.20833655
12.0,31.87500255,40.20833655
105.0,36.87500295,40.20833655
89.0,37.29166965,40.20833655
92.0,37.70833635,40.20833655
124.0,48.54167055,40.20833655
101.0,52.70833755,40.20833655
160.0,57.29167125,40.20833655
134.0,71.04167235,40.20833655
74.0,71.87500575,40.20833655
33.0,73.95833925,40.20833655
5.0,-120.20834295,39.79166985
11.0,-119.79167625,39.79166985
67.0,-117.29167605,39.79166985
141.0,-110.62500885,39.79166985
150.0,-110.20834215,39.79166985
214.0,-94.37500755,39.79166985
94.0,-8.12500065,39.79166985
92.0,-7.70833395,39.79166985
93.0,-3.12500025,39.79166985
137.0,-1.04166674999999,39.79166985
180.0,-0.208333350000004,39.79166985
-9999.0,0.208333350000004,39.79166985
-9999.0,0.625000050000011,39.79166985
-9999.0,2.29166685000001,39.79166985
-9999.0,3.12500025,39.79166985
147.0,8.54166735000001,39.79166985
-9999.0,16.87500135,39.79166985
-9999.0,18.95833485,39.79166985
50.0,28.54166895,39.79166985
94.0,56.04167115,39.79166985
164.0,57.29167125,39.79166985
77.0,68.12500545,39.79166985
98.0,69.37500555,39.79166985
-21.0,-120.20834295,39.37500315
-3.0,-119.79167625,39.37500315
73.0,-111.87500895,39.37500315
179.0,-111.04167555,39.37500315
178.0,-110.20834215,39.37500315
160.0,-109.79167545,39.37500315
132.0,-108.54167535,39.37500315
163.0,-105.20834175,39.37500315
227.0,-97.29167445,39.37500315
99.0,-7.70833395,39.37500315
77.0,-5.20833375000001,39.37500315
159.0,-1.45833345,39.37500315
-9999.0,-0.208333350000004,39.37500315
-9999.0,2.29166685000001,39.37500315
-9999.0,2.70833354999999,39.37500315
144.0,3.12500025,39.37500315
-9999.0,3.54166695000001,39.37500315
-9999.0,8.12500065,39.37500315
132.0,9.37500075,39.37500315
82.0,20.62500165,39.37500315
78.0,21.04166835,39.37500315
122.0,22.70833515,39.37500315
-9999.0,26.45833545,39.37500315
28.0,27.29166885,39.37500315
55.0,37.29166965,39.37500315
63.0,38.54166975,39.37500315
7.0,38.95833645,39.37500315
68.0,39.37500315,39.37500315
66.0,53.12500425,39.37500315
67.0,53.54167095,39.37500315
101.0,55.20833775,39.37500315
98.0,56.04167115,39.37500315
97.0,56.87500455,39.37500315
167.0,57.70833795,39.37500315
171.0,58.54167135,39.37500315
65.0,74.37500595,39.37500315
235.0,76.87500615,39.37500315
12.0,-119.79167625,38.95833645
31.0,-116.45834265,38.95833645
226.0,-95.20834095,38.95833645
101.0,-7.70833395,38.95833645
102.0,-6.87500055000001,38.95833645
94.0,-5.62500044999999,38.95833645
89.0,-5.20833375000001,38.95833645
153.0,-0.208333350000004,38.95833645
-9999.0,1.87500015000001,38.95833645
-9999.0,3.12500025,38.95833645
-9999.0,9.79166745000001,38.95833645
-9999.0,17.29166805,38.95833645
-9999.0,25.62500205,38.95833645
149.0,48.54167055,38.95833645
95.0,55.20833775,38.95833645
169.0,58.54167135,38.95833645
235.0,77.29167285,38.95833645
235.0,77.70833955,38.95833645
250.0,78.12500625,38.95833645
-22.0,-119.79167625,38.54166975
164.0,-117.70834275,38.54166975
188.0,-117.29167605,38.54166975
51.0,-116.87500935,38.54166975
167.0,-116.45834265,38.54166975
189.0,-114.37500915,38.54166975
226.0,-97.29167445,38.54166975
110.0,-7.70833395,38.54166975
84.0,-5.20833375000001,38.54166975
104.0,-3.95833364999999,38.54166975
123.0,-2.70833354999999,38.54166975
163.0,-1.04166674999999,38.54166975
155.0,-0.208333350000004,38.54166975
-9999.0,1.87500015000001,38.54166975
-9999.0,16.87500135,38.54166975
-9999.0,20.62500165,38.54166975
-9999.0,25.62500205,38.54166975
78.0,26.04166875,38.54166975
80.0,26.45833545,38.54166975
42.0,28.95833565,38.54166975
39.0,29.37500235,38.54166975
69.0,36.04166955,38.54166975
62.0,39.37500315,38.54166975
17.0,40.20833655,38.54166975
41.0,40.62500325,38.54166975
-5.0,41.45833665,38.54166975
10.0,41.87500335,38.54166975
73.0,43.12500345,38.54166975
65.0,48.54167055,38.54166975
106.0,54.79167105,38.54166975
85.0,55.62500445,38.54166975
165.0,58.54167135,38.54166975
160.0,59.79167145,38.54166975
-31.0,-119.37500955,38.12500305
-18.0,-118.95834285,38.12500305
1.0,-118.54167615,38.12500305
179.0,-117.70834275,38.12500305
208.0,-117.29167605,38.12500305
190.0,-116.87500935,38.12500305
161.0,-112.29167565,38.12500305
120.0,-111.87500895,38.12500305
154.0,-108.95834205,38.12500305
150.0,-108.12500865,38.12500305
92.0,-106.87500855,38.12500305
-9999.0,-8.95833404999999,38.12500305
115.0,-7.70833395,38.12500305
85.0,-6.45833385,38.12500305
92.0,-6.04166714999999,38.12500305
77.0,-5.20833375000001,38.12500305
80.0,-4.79166705,38.12500305
103.0,-4.37500034999999,38.12500305
94.0,-3.95833364999999,38.12500305
114.0,-3.12500025,38.12500305
99.0,-2.70833354999999,38.12500305
-9999.0,13.54166775,38.12500305
-9999.0,13.95833445,38.12500305
160.0,15.20833455,38.12500305
-9999.0,20.20833495,38.12500305
106.0,20.62500165,38.12500305
121.0,21.45833505,38.12500305
81.0,22.29166845,38.12500305
-9999.0,22.70833515,38.12500305
-9999.0,26.04166875,38.12500305
86.0,28.12500225,38.12500305
52.0,28.54166895,38.12500305
96.0,57.29167125,38.12500305
74.0,66.45833865,38.12500305
-35.0,71.04167235,38.12500305
-33.0,73.54167255,38.12500305
95.0,73.95833925,38.12500305
50.0,74.79167265,38.12500305
36.0,96.45834105,38.12500305
-18.0,-118.95834285,37.70833635
24.0,-118.12500945,37.70833635
141.0,-112.29167565,37.70833635
180.0,-93.12500745,37.70833635
116.0,-7.70833395,37.70833635
116.0,-7.29166724999999,37.70833635
109.0,-6.87500055000001,37.70833635
94.0,-6.45833385,37.70833635
109.0,-5.20833375000001,37.70833635
100.0,-4.79166705,37.70833635
99.0,-4.37500034999999,37.70833635
79.0,-3.54166695000001,37.70833635
112.0,-2.29166684999998,37.70833635
124.0,-1.87500015000001,37.70833635
-9999.0,9.37500075,37.70833635
-9999.0,10.20833415,37.70833635
105.0,13.54166775,37.70833635
161.0,15.20833455,37.70833635
-9999.0,20.62500165,37.70833635
114.0,22.70833515,37.70833635
55.0,38.95833645,37.70833635
47.0,39.37500315,37.70833635
37.0,40.20833655,37.70833635
57.0,40.62500325,37.70833635
67.0,41.87500335,37.70833635
176.0,49.37500395,37.70833635
78.0,54.37500435,37.70833635
125.0,57.29167125,37.70833635
98.0,57.70833795,37.70833635
62.0,58.12500465,37.70833635
17.0,71.87500575,37.70833635
-25.0,73.54167255,37.70833635
-39.0,73.95833925,37.70833635
-23.0,74.37500595,37.70833635
-62.0,74.79167265,37.70833635
108.0,75.20833935,37.70833635
65.0,75.62500605,37.70833635
201.0,105.20834175,37.70833635
194.0,107.70834195,37.70833635
2.0,-118.54167615,37.29166965
-3.0,-118.12500945,37.29166965
-1.0,-117.70834275,37.29166965
31.0,-113.12500905,37.29166965
130.0,-107.29167525,37.29166965
97.0,-105.20834175,37.29166965
174.0,-104.79167505,37.29166965
232.0,-96.04167435,37.29166965
112.0,-5.20833375000001,37.29166965
106.0,-4.79166705,37.29166965
94.0,-4.37500034999999,37.29166965
118.0,-2.29166684999998,37.29166965
-9999.0,-1.04166674999999,37.29166965
-9999.0,3.12500025,37.29166965
-9999.0,3.54166695000001,37.29166965
-9999.0,3.95833365000001,37.29166965
-9999.0,4.37500034999999,37.29166965
-9999.0,4.79166705,37.29166965
-9999.0,5.20833375000001,37.29166965
-9999.0,6.45833385,37.29166965
-9999.0,8.95833404999999,37.29166965
-9999.0,15.20833455,37.29166965
-9999.0,15.62500125,37.29166965
92.0,22.70833515,37.29166965
-9999.0,26.45833545,37.29166965
103.0,35.62500285,37.29166965
99.0,36.04166955,37.29166965
65.0,36.45833625,37.29166965
43.0,37.29166965,37.29166965
54.0,38.54166975,37.29166965
54.0,40.20833655,37.29166965
53.0,40.62500325,37.29166965
179.0,49.37500395,37.29166965
175.0,49.79167065,37.29166965
178.0,50.20833735,37.29166965
131.0,53.54167095,37.29166965
102.0,57.70833795,37.29166965
80.0,58.54167135,37.29166965
89.0,60.62500485,37.29166965
-71.0,72.70833915,37.29166965
-56.0,73.54167255,37.29166965
-59.0,74.79167265,37.29166965
-76.0,75.20833935,37.29166965
-63.0,75.62500605,37.29166965
125.0,76.04167275,37.29166965
62.0,101.45834145,37.29166965
51.0,102.70834155,37.29166965
194.0,104.37500835,37.29166965
198.0,105.62500845,37.29166965
189.0,106.04167515,37.29166965
184.0,106.87500855,37.29166965
186.0,107.29167525,37.29166965
30.0,-118.12500945,36.87500295
52.0,-117.70834275,36.87500295
163.0,-104.79167505,36.87500295
195.0,-104.37500835,36.87500295
189.0,-103.95834165,36.87500295
195.0,-96.04167435,36.87500295
-9999.0,-8.12500065,36.87500295
117.0,-5.62500044999999,36.87500295
98.0,-5.20833375000001,36.87500295
90.0,-4.37500034999999,36.87500295
63.0,-3.95833364999999,36.87500295
152.0,-2.29166684999998,36.87500295
-9999.0,0.625000050000011,36.87500295
-9999.0,1.45833345,36.87500295
-9999.0,1.87500015000001,36.87500295
-9999.0,2.29166685000001,36.87500295
-9999.0,2.70833354999999,36.87500295
-9999.0,3.12500025,36.87500295
122.0,3.95833365000001,36.87500295
126.0,4.37500034999999,36.87500295
135.0,4.79166705,36.87500295
-9999.0,5.20833375000001,36.87500295
-9999.0,5.62500045000002,36.87500295
92.0,6.45833385,36.87500295
136.0,7.29166724999999,36.87500295
135.0,8.54166735000001,36.87500295
131.0,14.79166785,36.87500295
-9999.0,15.62500125,36.87500295
-9999.0,26.04166875,36.87500295
113.0,31.04166915,36.87500295
69.0,43.54167015,36.87500295
55.0,49.79167065,36.87500295
117.0,50.20833735,36.87500295
181.0,51.04167075,36.87500295
142.0,57.29167125,36.87500295
120.0,67.70833875,36.87500295
-79.0,73.95833925,36.87500295
-90.0,75.62500605,36.87500295
110.0,100.20834135,36.87500295
109.0,101.45834145,36.87500295
138.0,101.87500815,36.87500295
185.0,106.87500855,36.87500295
186.0,107.29167525,36.87500295
-27.0,-118.12500945,36.45833625
13.0,-117.70834275,36.45833625
48.0,-117.29167605,36.45833625
143.0,-106.87500855,36.45833625
199.0,-96.04167435,36.45833625
183.0,-93.12500745,36.45833625
124.0,-6.04166714999999,36.45833625
-9999.0,-4.37500034999999,36.45833625
-9999.0,-2.70833354999999,36.45833625
-9999.0,-2.29166684999998,36.45833625
-9999.0,-0.208333350000004,36.45833625
-9999.0,0.208333350000004,36.45833625
-9999.0,0.625000050000011,36.45833625
120.0,1.04166674999999,36.45833625
88.0,1.45833345,36.45833625
107.0,1.87500015000001,36.45833625
117.0,2.29166685000001,36.45833625
89.0,3.12500025,36.45833625
108.0,3.54166695000001,36.45833625
62.0,3.95833365000001,36.45833625
54.0,4.37500034999999,36.45833625
91.0,4.79166705,36.45833625
98.0,5.20833375000001,36.45833625
68.0,5.62500045000002,36.45833625
84.0,6.45833385,36.45833625
51.0,6.87500055000001,36.45833625
-9999.0,14.79166785,36.45833625
-9999.0,28.95833565,36.45833625
94.0,29.37500235,36.45833625
-9999.0,30.62500245,36.45833625
-9999.0,31.04166915,36.45833625
-5.0,32.70833595,36.45833625
91.0,33.54166935,36.45833625
65.0,37.29166965,36.45833625
93.0,42.70833675,36.45833625
94.0,43.54167015,36.45833625
67.0,46.87500375,36.45833625
65.0,48.54167055,36.45833625
32.0,51.87500415,36.45833625
147.0,52.70833755,36.45833625
131.0,57.70833795,36.45833625
75.0,58.95833805,36.45833625
78.0,63.95833845,36.45833625
100.0,65.62500525,36.45833625
-33.0,71.04167235,36.45833625
12.0,72.70833915,36.45833625
-21.0,73.12500585,36.45833625
14.0,73.54167255,36.45833625
35.0,73.95833925,36.45833625
-3.0,74.79167265,36.45833625
-64.0,75.62500605,36.45833625
-47.0,76.04167275,36.45833625
25.0,76.87500615,36.45833625
183.0,107.29167525,36.45833625
189.0,107.70834195,36.45833625
30.0,-118.12500945,36.04166955
64.0,-117.70834275,36.04166955
114.0,-117.29167605,36.04166955
119.0,-106.87500855,36.04166955
188.0,-104.79167505,36.04166955
245.0,-97.29167445,36.04166955
-9999.0,-6.45833385,36.04166955
-9999.0,-0.625000050000011,36.04166955
-9999.0,-0.208333350000004,36.04166955
127.0,0.208333350000004,36.04166955
103.0,0.625000050000011,36.04166955
92.0,1.87500015000001,36.04166955
76.0,3.12500025,36.04166955
83.0,4.37500034999999,36.04166955
68.0,5.62500045000002,36.04166955
78.0,6.45833385,36.04166955
-9999.0,14.37500115,36.04166955
-9999.0,29.37500235,36.04166955
-9999.0,29.79166905,36.04166955
-9999.0,30.20833575,36.04166955
-9999.0,30.62500245,36.04166955
-9999.0,32.29166925,36.04166955
115.0,32.70833595,36.04166955
-9999.0,33.12500265,36.04166955
-9999.0,33.54166935,36.04166955
101.0,42.70833675,36.04166955
103.0,43.54167015,36.04166955
65.0,44.79167025,36.04166955
41.0,48.54167055,36.04166955
34.0,48.95833725,36.04166955
82.0,49.79167065,36.04166955
50.0,51.04167075,36.04166955
66.0,52.70833755,36.04166955
91.0,63.12500505,36.04166955
91.0,63.54167175,36.04166955
89.0,64.37500515,36.04166955
78.0,65.20833855,36.04166955
58.0,68.12500545,36.04166955
6.0,71.87500575,36.04166955
37.0,73.95833925,36.04166955
-54.0,74.37500595,36.04166955
-145.0,74.79167265,36.04166955
-88.0,75.20833935,36.04166955
-94.0,75.62500605,36.04166955
-86.0,76.04167275,36.04166955
68.0,76.87500615,36.04166955
67.0,77.29167285,36.04166955
42.0,88.95834045,36.04166955
28.0,89.79167385,36.04166955
31.0,90.20834055,36.04166955
25.0,90.62500725,36.04166955
133.0,101.87500815,36.04166955
119.0,102.70834155,36.04166955
169.0,106.04167515,36.04166955
193.0,108.54167535,36.04166955
35.0,-118.12500945,35.62500285
208.0,-106.87500855,35.62500285
140.0,-105.62500845,35.62500285
206.0,-96.45834105,35.62500285
-9999.0,-6.45833385,35.62500285
-9999.0,-4.79166705,35.62500285
-9999.0,-4.37500034999999,35.62500285
-9999.0,-1.45833345,35.62500285
128.0,-1.04166674999999,35.62500285
131.0,-0.625000050000011,35.62500285
131.0,-0.208333350000004,35.62500285
112.0,0.625000050000011,35.62500285
54.0,6.04166714999999,35.62500285
43.0,6.45833385,35.62500285
-9999.0,25.62500205,35.62500285
-9999.0,32.70833595,35.62500285
-9999.0,33.12500265,35.62500285
-9999.0,33.95833605,35.62500285
-9999.0,34.37500275,35.62500285
42.0,47.70833715,35.62500285
49.0,51.04167075,35.62500285
112.0,52.70833755,35.62500285
73.0,53.12500425,35.62500285
66.0,61.87500495,35.62500285
57.0,62.70833835,35.62500285
13.0,64.79167185,35.62500285
-89.0,68.12500545,35.62500285
-92.0,71.04167235,35.62500285
75.0,73.95833925,35.62500285
-16.0,74.37500595,35.62500285
-96.0,74.79167265,35.62500285
31.0,75.20833935,35.62500285
-86.0,75.62500605,35.62500285
-30.0,76.04167275,35.62500285
36.0,76.45833945,35.62500285
30.0,76.87500615,35.62500285
60.0,77.29167285,35.62500285
43.0,91.87500735,35.62500285
100.0,102.70834155,35.62500285
134.0,103.95834165,35.62500285
199.0,108.95834205,35.62500285
71.0,-118.12500945,35.20833615
175.0,-105.62500845,35.20833615
75.0,-5.20833375000001,35.20833615
-9999.0,-4.37500034999999,35.20833615
127.0,-3.54166695000001,35.20833615
-9999.0,-2.70833354999999,35.20833615
108.0,-1.04166674999999,35.20833615
96.0,-0.208333350000004,35.20833615
100.0,0.208333350000004,35.20833615
73.0,1.04166674999999,35.20833615
88.0,2.70833354999999,35.20833615
88.0,3.54166695000001,35.20833615
-9999.0,11.45833425,35.20833615
-9999.0,27.29166885,35.20833615
-9999.0,32.29166925,35.20833615
108.0,33.12500265,35.20833615
-9999.0,34.37500275,35.20833615
56.0,51.04167075,35.20833615
79.0,52.29167085,35.20833615
50.0,62.70833835,35.20833615
44.0,63.12500505,35.20833615
-30.0,65.62500525,35.20833615
-51.0,66.04167195,35.20833615
-56.0,66.45833865,35.20833615
-58.0,67.29167205,35.20833615
65.0,71.45833905,35.20833615
57.0,74.79167265,35.20833615
64.0,75.62500605,35.20833615
10.0,76.04167275,35.20833615
-44.0,76.45833945,35.20833615
62.0,76.87500615,35.20833615
33.0,77.29167285,35.20833615
56.0,77.70833955,35.20833615
44.0,78.12500625,35.20833615
38.0,88.95834045,35.20833615
49.0,89.79167385,35.20833615
50.0,90.20834055,35.20833615
47.0,91.04167395,35.20833615
50.0,95.20834095,35.20833615
58.0,95.62500765,35.20833615
65.0,96.04167435,35.20833615
67.0,96.45834105,35.20833615
45.0,97.29167445,35.20833615
51.0,98.12500785,35.20833615
72.0,98.54167455,35.20833615
65.0,98.95834125,35.20833615
90.0,103.12500825,35.20833615
133.0,103.54167495,35.20833615
143.0,103.95834165,35.20833615
183.0,106.87500855,35.20833615
208.0,-97.29167445,34.79166945
-9999.0,-6.87500055000001,34.79166945
108.0,-5.20833375000001,34.79166945
76.0,-4.37500034999999,34.79166945
127.0,-3.12500025,34.79166945
143.0,-2.70833354999999,34.79166945
127.0,-1.87500015000001,34.79166945
73.0,-1.04166674999999,34.79166945
77.0,-0.625000050000011,34.79166945
-9999.0,11.45833425,34.79166945
-9999.0,32.29166925,34.79166945
107.0,32.70833595,34.79166945
89.0,33.12500265,34.79166945
-9999.0,33.54166935,34.79166945
-9999.0,34.37500275,34.79166945
-9999.0,35.62500285,34.79166945
118.0,36.04166955,34.79166945
91.0,38.95833645,34.79166945
92.0,52.70833755,34.79166945
100.0,53.54167095,34.79166945
102.0,54.79167105,34.79166945
-71.0,66.04167195,34.79166945
-69.0,66.45833865,34.79166945
-57.0,67.29167205,34.79166945
-21.0,67.70833875,34.79166945
-10.0,73.95833925,34.79166945
18.0,74.37500595,34.79166945
-4.0,74.79167265,34.79166945
-24.0,75.20833935,34.79166945
-27.0,75.62500605,34.79166945
64.0,76.04167275,34.79166945
65.0,76.45833945,34.79166945
93.0,76.87500615,34.79166945
37.0,77.29167285,34.79166945
44.0,77.70833955,34.79166945
103.0,78.12500625,34.79166945
48.0,78.54167295,34.79166945
52.0,78.95833965,34.79166945
49.0,90.20834055,34.79166945
45.0,90.62500725,34.79166945
28.0,91.04167395,34.79166945
45.0,91.87500735,34.79166945
64.0,95.62500765,34.79166945
53.0,96.04167435,34.79166945
62.0,96.45834105,34.79166945
48.0,96.87500775,34.79166945
71.0,97.29167445,34.79166945
72.0,97.70834115,34.79166945
68.0,98.54167455,34.79166945
40.0,98.95834125,34.79166945
75.0,102.29167485,34.79166945
103.0,102.70834155,34.79166945
92.0,103.95834165,34.79166945
182.0,105.20834175,34.79166945
214.0,106.87500855,34.79166945
256.0,109.79167545,34.79166945
-9999.0,-6.87500055000001,34.37500275
146.0,-6.45833385,34.37500275
138.0,-5.62500044999999,34.37500275
136.0,-5.20833375000001,34.37500275
121.0,-4.79166705,34.37500275
109.0,-4.37500034999999,34.37500275
85.0,-3.95833364999999,34.37500275
124.0,-3.54166695000001,34.37500275
163.0,-3.12500025,34.37500275
-9999.0,32.70833595,34.37500275
-9999.0,33.12500265,34.37500275
-9999.0,35.20833615,34.37500275
69.0,36.04166955,34.37500275
80.0,36.45833625,34.37500275
112.0,44.37500355,34.37500275
91.0,52.29167085,34.37500275
95.0,52.70833755,34.37500275
106.0,53.95833765,34.37500275
-106.0,65.20833855,34.37500275
-46.0,65.62500525,34.37500275
-56.0,67.29167205,34.37500275
-47.0,68.12500545,34.37500275
52.0,74.79167265,34.37500275
-48.0,75.20833935,34.37500275
-114.0,76.45833945,34.37500275
123.0,76.87500615,34.37500275
53.0,77.29167285,34.37500275
63.0,78.12500625,34.37500275
14.0,78.54167295,34.37500275
25.0,90.62500725,34.37500275
60.0,91.45834065,34.37500275
60.0,91.87500735,34.37500275
70.0,93.95834085,34.37500275
48.0,96.45834105,34.37500275
52.0,97.29167445,34.37500275
62.0,97.70834115,34.37500275
70.0,98.12500785,34.37500275
58.0,98.95834125,34.37500275
77.0,101.04167475,34.37500275
81.0,102.70834155,34.37500275
131.0,103.95834165,34.37500275
160.0,105.20834175,34.37500275
177.0,105.62500845,34.37500275
217.0,106.87500855,34.37500275
235.0,107.29167525,34.37500275
258.0,108.95834205,34.37500275
237.0,109.37500875,34.37500275
163.0,109.79167545,34.37500275
161.0,-108.54167535,33.95833605
154.0,-108.12500865,33.95833605
175.0,-107.70834195,33.95833605
211.0,-96.45834105,33.95833605
-9999.0,-7.70833395,33.95833605
-9999.0,-7.29166724999999,33.95833605
140.0,-6.87500055000001,33.95833605
130.0,-6.45833385,33.95833605
132.0,-6.04166714999999,33.95833605
129.0,-5.62500044999999,33.95833605
118.0,-5.20833375000001,33.95833605
132.0,-2.29166684999998,33.95833605
134.0,0.625000050000011,33.95833605
232.0,3.54166695000001,33.95833605
-9999.0,35.20833615,33.95833605
134.0,35.62500285,33.95833605
67.0,36.04166955,33.95833605
112.0,44.37500355,33.95833605
63.0,52.29167085,33.95833605
99.0,53.12500425,33.95833605
-24.0,67.29167205,33.95833605
80.0,76.45833945,33.95833605
32.0,76.87500615,33.95833605
-54.0,77.29167285,33.95833605
-34.0,77.70833955,33.95833605
70.0,78.12500625,33.95833605
15.0,78.95833965,33.95833605
39.0,91.45834065,33.95833605
52.0,91.87500735,33.95833605
49.0,94.37500755,33.95833605
50.0,94.79167425,33.95833605
60.0,95.20834095,33.95833605
37.0,95.62500765,33.95833605
59.0,97.29167445,33.95833605
53.0,97.70834115,33.95833605
59.0,98.12500785,33.95833605
59.0,98.54167455,33.95833605
59.0,101.45834145,33.95833605
85.0,101.87500815,33.95833605
166.0,103.54167495,33.95833605
152.0,103.95834165,33.95833605
142.0,104.37500835,33.95833605
187.0,105.20834175,33.95833605
215.0,-96.45834105,33.54166935
-9999.0,-8.12500065,33.54166935
132.0,-7.29166724999999,33.54166935
110.0,-6.87500055000001,33.54166935
109.0,-6.45833385,33.54166935
80.0,-6.04166714999999,33.54166935
77.0,-5.62500044999999,33.54166935
163.0,6.45833385,33.54166935
170.0,10.20833415,33.54166935
171.0,11.04166755,33.54166935
-9999.0,11.45833425,33.54166935
-9999.0,11.87500095,33.54166935
-9999.0,35.20833615,33.54166935
24.0,48.54167055,33.54166935
-27.0,67.29167205,33.54166935
-45.0,67.70833875,33.54166935
-36.0,75.62500605,33.54166935
-114.0,76.87500615,33.54166935
95.0,77.29167285,33.54166935
50.0,77.70833955,33.54166935
109.0,78.95833965,33.54166935
32.0,88.95834045,33.54166935
39.0,90.20834055,33.54166935
41.0,91.45834065,33.54166935
70.0,93.95834085,33.54166935
30.0,94.79167425,33.54166935
48.0,95.20834095,33.54166935
66.0,98.95834125,33.54166935
79.0,101.45834145,33.54166935
89.0,101.87500815,33.54166935
111.0,103.54167495,33.54166935
168.0,105.20834175,33.54166935
-9999.0,-8.95833404999999,33.12500265
139.0,-8.54166735000001,33.12500265
138.0,-8.12500065,33.12500265
102.0,-6.87500055000001,33.12500265
111.0,-6.45833385,33.12500265
94.0,-6.04166714999999,33.12500265
75.0,-5.62500044999999,33.12500265
121.0,6.04166714999999,33.12500265
121.0,9.79166745000001,33.12500265
132.0,11.04166755,33.12500265
-9999.0,12.70833435,33.12500265
-9999.0,13.95833445,33.12500265
-9999.0,21.45833505,33.12500265
-9999.0,21.87500175,33.12500265
-9999.0,22.29166845,33.12500265
135.0,35.62500285,33.12500265
93.0,39.37500315,33.12500265
102.0,41.45833665,33.12500265
63.0,48.12500385,33.12500265
-4.0,50.20833735,33.12500265
26.0,65.62500525,33.12500265
315.0,70.62500565,33.12500265
51.0,77.29167285,33.12500265
25.0,88.54167375,33.12500265
55.0,89.79167385,33.12500265
52.0,90.20834055,33.12500265
49.0,90.62500725,33.12500265
40.0,91.45834065,33.12500265
56.0,91.87500735,33.12500265
44.0,92.29167405,33.12500265
56.0,92.70834075,33.12500265
58.0,93.95834085,33.12500265
73.0,94.37500755,33.12500265
70.0,94.79167425,33.12500265
44.0,101.04167475,33.12500265
90.0,101.45834145,33.12500265
80.0,102.29167485,33.12500265
153.0,104.37500835,33.12500265
234.0,106.04167515,33.12500265
-9999.0,-9.37500075,32.70833595
133.0,-8.54166735000001,32.70833595
115.0,-7.70833395,32.70833595
110.0,-7.29166724999999,32.70833595
118.0,-6.87500055000001,32.70833595
119.0,-6.45833385,32.70833595
134.0,-6.04166714999999,32.70833595
70.0,-3.12500025,32.70833595
120.0,9.79166745000001,32.70833595
107.0,10.20833415,32.70833595
145.0,12.70833435,32.70833595
143.0,13.12500105,32.70833595
-9999.0,20.62500165,32.70833595
119.0,45.20833695,32.70833595
69.0,69.79167225,32.70833595
274.0,75.20833935,32.70833595
94.0,78.95833965,32.70833595
51.0,86.04167355,32.70833595
68.0,88.12500705,32.70833595
69.0,88.54167375,32.70833595
61.0,88.95834045,32.70833595
58.0,89.37500715,32.70833595
60.0,90.62500725,32.70833595
52.0,91.87500735,32.70833595
42.0,92.29167405,32.70833595
43.0,93.12500745,32.70833595
58.0,94.37500755,32.70833595
77.0,94.79167425,32.70833595
80.0,98.95834125,32.70833595
60.0,100.62500805,32.70833595
102.0,101.45834145,32.70833595
135.0,101.87500815,32.70833595
84.0,103.12500825,32.70833595
67.0,103.95834165,32.70833595
205.0,105.62500845,32.70833595
-9999.0,-9.37500075,32.29166925
143.0,-8.95833404999999,32.29166925
130.0,-6.87500055000001,32.29166925
145.0,-6.45833385,32.29166925
125.0,5.20833375000001,32.29166925
124.0,6.04166714999999,32.29166925
122.0,6.45833385,32.29166925
132.0,11.04166755,32.29166925
134.0,11.45833425,32.29166925
113.0,13.54166775,32.29166925
105.0,20.62500165,32.29166925
108.0,21.87500175,32.29166925
-9999.0,34.37500275,32.29166925
80.0,36.45833625,32.29166925
122.0,45.62500365,32.29166925
124.0,46.04167035,32.29166925
49.0,68.95833885,32.29166925
112.0,69.37500555,32.29166925
324.0,70.20833895,32.29166925
97.0,76.87500615,32.29166925
35.0,78.95833965,32.29166925
84.0,85.20834015,32.29166925
37.0,87.70834035,32.29166925
56.0,91.45834065,32.29166925
72.0,91.87500735,32.29166925
63.0,92.29167405,32.29166925
65.0,92.70834075,32.29166925
59.0,93.12500745,32.29166925
104.0,99.37500795,32.29166925
61.0,100.62500805,32.29166925
80.0,101.45834145,32.29166925
80.0,101.87500815,32.29166925
228.0,-101.04167475,31.87500255
-9999.0,-9.79166745000001,31.87500255
142.0,-9.37500075,31.87500255
69.0,-6.45833385,31.87500255
139.0,-1.87500015000001,31.87500255
124.0,6.04166714999999,31.87500255
132.0,6.45833385,31.87500255
133.0,7.29166724999999,31.87500255
120.0,11.04166755,31.87500255
107.0,12.29166765,31.87500255
118.0,13.54166775,31.87500255
-9999.0,15.62500125,31.87500255
-9999.0,19.79166825,31.87500255
110.0,20.62500165,31.87500255
127.0,21.87500175,31.87500255
156.0,35.62500285,31.87500255
85.0,36.45833625,31.87500255
118.0,45.20833695,31.87500255
123.0,46.04167035,31.87500255
119.0,47.29167045,31.87500255
124.0,49.37500395,31.87500255
86.0,68.95833885,31.87500255
337.0,70.20833895,31.87500255
59.0,78.95833965,31.87500255
99.0,79.37500635,31.87500255
72.0,85.20834015,31.87500255
65.0,85.62500685,31.87500255
70.0,86.04167355,31.87500255
79.0,86.87500695,31.87500255
74.0,91.45834065,31.87500255
53.0,91.87500735,31.87500255
66.0,100.20834135,31.87500255
81.0,101.04167475,31.87500255
97.0,101.45834145,31.87500255
64.0,102.70834155,31.87500255
121.0,103.12500825,31.87500255
128.0,-9.37500075,31.45833585
122.0,-8.95833404999999,31.45833585
87.0,-6.04166714999999,31.45833585
151.0,-0.625000050000011,31.45833585
118.0,12.70833435,31.45833585
146.0,14.37500115,31.45833585
-9999.0,16.04166795,31.45833585
-9999.0,16.87500135,31.45833585
126.0,21.87500175,31.45833585
160.0,34.37500275,31.45833585
131.0,34.79166945,31.45833585
124.0,46.04167035,31.45833585
150.0,48.12500385,31.45833585
139.0,49.37500395,31.45833585
90.0,68.95833885,31.45833585
70.0,79.37500635,31.45833585
70.0,80.62500645,31.45833585
46.0,81.04167315,31.45833585
56.0,84.79167345,31.45833585
53.0,85.62500685,31.45833585
59.0,86.04167355,31.45833585
25.0,86.45834025,31.45833585
61.0,86.87500695,31.45833585
58.0,88.12500705,31.45833585
64.0,88.54167375,31.45833585
84.0,88.95834045,31.45833585
56.0,89.37500715,31.45833585
84.0,89.79167385,31.45833585
76.0,90.20834055,31.45833585
63.0,90.62500725,31.45833585
84.0,91.04167395,31.45833585
86.0,91.45834065,31.45833585
86.0,92.29167405,31.45833585
90.0,98.12500785,31.45833585
52.0,100.20834135,31.45833585
89.0,101.87500815,31.45833585
180.0,103.54167495,31.45833585
248.0,-108.12500865,31.04166915
221.0,-99.79167465,31.04166915
100.0,-9.37500075,31.04166915
71.0,-8.95833404999999,31.04166915
85.0,-8.54166735000001,31.04166915
155.0,-1.45833345,31.04166915
127.0,6.04166714999999,31.04166915
137.0,6.45833385,31.04166915
124.0,10.20833415,31.04166915
115.0,11.04166755,31.04166915
171.0,13.95833445,31.04166915
133.0,16.04166795,31.04166915
129.0,21.87500175,31.04166915
107.0,41.87500335,31.04166915
45.0,68.12500545,31.04166915
16.0,83.12500665,31.04166915
77.0,85.20834015,31.04166915
61.0,87.70834035,31.04166915
42.0,88.12500705,31.04166915
87.0,88.54167375,31.04166915
83.0,88.95834045,31.04166915
87.0,96.87500775,31.04166915
94.0,98.95834125,31.04166915
73.0,99.79167465,31.04166915
112.0,100.20834135,31.04166915
162.0,101.04167475,31.04166915
116.0,101.45834145,31.04166915
224.0,-98.95834125,30.62500245
112.0,-9.37500075,30.62500245
134.0,-8.95833404999999,30.62500245
139.0,-8.54166735000001,30.62500245
97.0,-8.12500065,30.62500245
178.0,13.95833445,30.62500245
145.0,14.79166785,30.62500245
126.0,16.04166795,30.62500245
133.0,21.87500175,30.62500245
144.0,28.54166895,30.62500245
123.0,34.37500275,30.62500245
104.0,37.29166965,30.62500245
124.0,38.12500305,30.62500245
112.0,40.62500325,30.62500245
120.0,41.45833665,30.62500245
124.0,41.87500335,30.62500245
161.0,58.12500465,30.62500245
166.0,58.54167135,30.62500245
58.0,68.12500545,30.62500245
73.0,81.45833985,30.62500245
54.0,82.29167325,30.62500245
66.0,86.04167355,30.62500245
3.0,86.45834025,30.62500245
76.0,88.95834045,30.62500245
87.0,101.45834145,30.62500245
150.0,-8.95833404999999,30.20833575
87.0,-8.54166735000001,30.20833575
111.0,-7.29166724999999,30.20833575
136.0,8.95833404999999,30.20833575
118.0,11.04166755,30.20833575
136.0,14.79166785,30.20833575
145.0,15.20833455,30.20833575
122.0,16.04166795,30.20833575
136.0,19.79166825,30.20833575
141.0,21.04166835,30.20833575
136.0,21.45833505,30.20833575
137.0,22.70833515,30.20833575
134.0,23.95833525,30.20833575
138.0,26.04166875,30.20833575
125.0,27.29166885,30.20833575
154.0,27.70833555,30.20833575
148.0,28.54166895,30.20833575
147.0,28.95833565,30.20833575
156.0,39.37500315,30.20833575
156.0,39.79166985,30.20833575
122.0,41.45833665,30.20833575
125.0,41.87500335,30.20833575
127.0,42.29167005,30.20833575
172.0,50.20833735,30.20833575
77.0,56.45833785,30.20833575
168.0,79.37500635,30.20833575
50.0,82.70833995,30.20833575
61.0,83.54167335,30.20833575
32.0,84.37500675,30.20833575
44.0,84.79167345,30.20833575
80.0,86.45834025,30.20833575
71.0,86.87500695,30.20833575
56.0,97.70834115,30.20833575
73.0,98.12500785,30.20833575
88.0,99.37500795,30.20833575
99.0,99.79167465,30.20833575
80.0,100.20834135,30.20833575
127.0,100.62500805,30.20833575
82.0,102.29167485,30.20833575
229.0,103.12500825,30.20833575
131.0,-7.70833395,29.79166905
139.0,8.12500065,29.79166905
156.0,12.70833435,29.79166905
173.0,14.79166785,29.79166905
178.0,15.20833455,29.79166905
139.0,19.79166825,29.79166905
141.0,21.04166835,29.79166905
140.0,21.45833505,29.79166905
155.0,22.70833515,29.79166905
153.0,23.54166855,29.79166905
144.0,28.54166895,29.79166905
172.0,38.54166975,29.79166905
175.0,38.95833645,29.79166905
130.0,42.70833675,29.79166905
130.0,43.12500345,29.79166905
130.0,43.54167015,29.79166905
130.0,44.37500355,29.79166905
116.0,44.79167025,29.79166905
121.0,45.20833695,29.79166905
123.0,45.62500365,29.79166905
124.0,46.45833705,29.79166905
-9999.0,49.37500395,29.79166905
-9999.0,49.79167065,29.79166905
232.0,79.79167305,29.79166905
195.0,80.62500645,29.79166905
67.0,83.54167335,29.79166905
49.0,86.45834025,29.79166905
36.0,86.87500695,29.79166905
76.0,100.62500805,29.79166905
101.0,101.04167475,29.79166905
239.0,103.12500825,29.79166905
241.0,-5.20833375000001,29.37500235
123.0,12.70833435,29.37500235
170.0,14.79166785,29.37500235
125.0,18.95833485,29.37500235
141.0,21.45833505,29.37500235
136.0,22.70833515,29.37500235
153.0,23.54166855,29.37500235
137.0,28.54166895,29.37500235
165.0,37.70833635,29.37500235
167.0,38.12500305,29.37500235
173.0,38.54166975,29.37500235
173.0,38.95833645,29.37500235
121.0,40.62500325,29.37500235
123.0,45.62500365,29.37500235
123.0,46.04167035,29.37500235
124.0,46.45833705,29.37500235
141.0,46.87500375,29.37500235
144.0,47.29167045,29.37500235
156.0,47.70833715,29.37500235
88.0,55.62500445,29.37500235
60.0,86.04167355,29.37500235
72.0,98.95834125,29.37500235
-9999.0,-115.20834255,28.95833565
137.0,5.62500045000002,28.95833565
136.0,20.20833495,28.95833565
188.0,22.70833515,28.95833565
151.0,23.95833525,28.95833565
105.0,37.29166965,28.95833565
168.0,38.12500305,28.95833565
118.0,38.54166975,28.95833565
173.0,38.95833645,28.95833565
-9999.0,50.20833735,28.95833565
88.0,53.12500425,28.95833565
50.0,84.79167345,28.95833565
41.0,85.20834015,28.95833565
46.0,86.45834025,28.95833565
99.0,98.12500785,28.95833565
124.0,98.54167455,28.95833565
146.0,98.95834125,28.95833565
43.0,101.87500815,28.95833565
145.0,-7.70833395,28.54166895
194.0,-5.62500044999999,28.54166895
154.0,-0.208333350000004,28.54166895
135.0,11.87500095,28.54166895
119.0,36.87500295,28.54166895
128.0,41.87500335,28.54166895
132.0,43.54167015,28.54166895
112.0,53.54167095,28.54166895
49.0,86.04167355,28.54166895
81.0,86.45834025,28.54166895
48.0,86.87500695,28.54166895
73.0,99.79167465,28.54166895
167.0,101.87500815,28.54166895
228.0,-102.29167485,28.12500225
256.0,-4.79166705,28.12500225
179.0,12.70833435,28.12500225
177.0,14.79166785,28.12500225
160.0,34.37500275,28.12500225
128.0,35.62500285,28.12500225
157.0,48.12500385,28.12500225
143.0,57.70833795,28.12500225
203.0,102.29167485,28.12500225
197.0,103.54167495,28.12500225
260.0,-3.54166695000001,27.70833555
229.0,11.87500095,27.70833555
148.0,56.87500455,27.70833555
157.0,57.29167125,27.70833555
159.0,57.70833795,27.70833555
134.0,59.79167145,27.70833555
177.0,89.79167385,27.70833555
115.0,99.79167465,27.70833555
173.0,101.45834145,27.70833555
156.0,102.70834155,27.70833555
143.0,103.54167495,27.70833555
259.0,-3.95833364999999,27.29166885
186.0,56.04167115,27.29166885
194.0,56.87500455,27.29166885
179.0,57.29167125,27.29166885
160.0,57.70833795,27.29166885
173.0,58.95833805,27.29166885
113.0,99.79167465,27.29166885
124.0,101.45834145,27.29166885
213.0,101.87500815,27.29166885
260.0,-6.45833385,26.87500215
266.0,-1.45833345,26.87500215
182.0,53.54167095,26.87500215
180.0,53.95833765,26.87500215
190.0,56.04167115,26.87500215
-9999.0,56.45833785,26.87500215
192.0,57.29167125,26.87500215
123.0,57.70833795,26.87500215
213.0,-105.62500845,26.45833545
-9999.0,53.95833765,26.45833545
-9999.0,55.20833775,26.45833545
198.0,57.29167125,26.45833545
135.0,57.70833795,26.45833545
161.0,58.54167135,26.45833545
157.0,59.37500475,26.45833545
144.0,59.79167145,26.45833545
140.0,60.62500485,26.45833545
257.0,101.45834145,26.45833545
150.0,102.70834155,26.45833545
-9999.0,50.20833735,26.04166875
-9999.0,51.45833745,26.04166875
-9999.0,54.79167105,26.04166875
-9999.0,55.20833775,26.04166875
-9999.0,56.87500455,26.04166875
202.0,57.29167125,26.04166875
181.0,57.70833795,26.04166875
163.0,58.12500465,26.04166875
193.0,58.54167135,26.04166875
188.0,59.79167145,26.04166875
182.0,60.62500485,26.04166875
185.0,61.45833825,26.04166875
180.0,61.87500495,26.04166875
196.0,62.29167165,26.04166875
213.0,62.70833835,26.04166875
190.0,51.45833745,25.62500205
-9999.0,55.20833775,25.62500205
-9999.0,57.29167125,25.62500205
-9999.0,57.70833795,25.62500205
203.0,58.12500465,25.62500205
204.0,58.54167135,25.62500205
201.0,58.95833805,25.62500205
203.0,59.37500475,25.62500205
187.0,59.79167145,25.62500205
167.0,60.62500485,25.62500205
201.0,61.04167155,25.62500205
199.0,61.45833825,25.62500205
197.0,61.87500495,25.62500205
196.0,62.29167165,25.62500205
195.0,62.70833835,25.62500205
193.0,63.12500505,25.62500205
200.0,98.54167455,25.62500205
198.0,103.54167495,25.62500205
314.0,-8.12500065,25.20833535
189.0,51.04167075,25.20833535
-9999.0,54.37500435,25.20833535
-9999.0,59.79167145,25.20833535
-9999.0,60.20833815,25.20833535
201.0,61.04167155,25.20833535
200.0,61.45833825,25.20833535
199.0,62.29167165,25.20833535
-9999.0,62.70833835,25.20833535
218.0,49.79167065,24.79166865
-9999.0,54.37500435,24.79166865
206.0,55.20833775,24.79166865
332.0,-6.04166714999999,24.37500195
198.0,-100.20834135,23.95833525
223.0,49.37500395,23.95833525
225.0,50.20833735,23.95833525
331.0,-6.87500055000001,23.54166855
220.0,58.54167135,23.54166855
-9999.0,58.95833805,23.54166855
228.0,48.54167055,23.12500185
208.0,-101.04167475,22.70833515
333.0,-7.29166724999999,22.70833515
361.0,-6.87500055000001,22.70833515
334.0,3.12500025,22.70833515
230.0,59.79167145,22.29166845
364.0,-5.20833375000001,21.87500175
355.0,-0.208333350000004,21.45833505
-9999.0,59.37500475,21.45833505
332.0,-13.12500105,21.04166835
170.0,-98.95834125,19.79166825
157.0,-98.54167455,19.79166825
148.0,-98.12500785,19.79166825
318.0,9.37500075,19.79166825
313.0,-0.208333350000004,16.87500135
317.0,0.208333350000004,16.87500135
315.0,0.625000050000011,16.87500135
160.0,-79.37500635,-6.04166715000001
207.0,-78.95833965,-6.04166715000001
211.0,-78.54167295,-6.04166715000001
214.0,-77.29167285,-6.04166715000001
105.0,-77.70833955,-6.87500055000001
145.0,-77.70833955,-7.70833395000001
100.0,-77.29167285,-7.70833395000001
100.0,-75.62500605,-10.62500085
72.0,-71.87500575,-13.12500105
186.0,-75.62500605,-13.54166775
55.0,-75.20833935,-13.54166775
91.0,-74.37500595,-13.54166775
104.0,-73.54167255,-13.54166775
127.0,-71.87500575,-13.54166775
112.0,-71.45833905,-13.54166775
79.0,-74.37500595,-13.95833445
95.0,-73.54167255,-13.95833445
135.0,-73.12500585,-13.95833445
55.0,-72.70833915,-13.95833445
141.0,-71.87500575,-13.95833445
66.0,-71.45833905,-13.95833445
42.0,-71.04167235,-13.95833445
57.0,-70.62500565,-13.95833445
70.0,-70.20833895,-13.95833445
109.0,-73.95833925,-14.37500115
56.0,-73.54167255,-14.37500115
94.0,-73.12500585,-14.37500115
89.0,-71.87500575,-14.37500115
96.0,-71.45833905,-14.37500115
31.0,-71.04167235,-14.37500115
48.0,-70.62500565,-14.37500115
58.0,-70.20833895,-14.37500115
87.0,-73.54167255,-14.79166785
66.0,-73.12500585,-14.79166785
36.0,-71.87500575,-14.79166785
92.0,-71.45833905,-14.79166785
74.0,-71.04167235,-14.79166785
97.0,-70.20833895,-14.79166785
105.0,-68.95833885,-14.79166785
82.0,-72.29167245,-15.20833455
65.0,-71.45833905,-15.20833455
14.0,-71.04167235,-15.20833455
96.0,-70.20833895,-15.20833455
99.0,-69.79167225,-15.20833455
76.0,-69.37500555,-15.20833455
109.0,-68.95833885,-15.20833455
44.0,-71.45833905,-15.62500125
43.0,-70.62500565,-15.62500125
101.0,-70.20833895,-15.62500125
93.0,-69.79167225,-15.62500125
94.0,-68.95833885,-15.62500125
50.0,-70.62500565,-16.04166795
41.0,-70.20833895,-16.04166795
86.0,-69.79167225,-16.04166795
109.0,-68.95833885,-16.04166795
76.0,-68.54167215,-16.04166795
101.0,-68.54167215,-16.45833465
75.0,-68.12500545,-16.45833465
43.0,-70.20833895,-16.87500135
104.0,-68.95833885,-16.87500135
92.0,-68.12500545,-16.87500135
199.0,-67.70833875,-16.87500135
77.0,-66.45833865,-16.87500135
100.0,-68.95833885,-17.29166805
106.0,-68.54167215,-17.29166805
92.0,-68.12500545,-17.29166805
74.0,-67.70833875,-17.29166805
81.0,-67.29167205,-17.29166805
200.0,-66.87500535,-17.29166805
80.0,-66.45833865,-17.29166805
68.0,-66.04167195,-17.29166805
78.0,-68.95833885,-17.70833475
96.0,-68.12500545,-17.70833475
107.0,-67.70833875,-17.70833475
78.0,-66.87500535,-17.70833475
97.0,-66.45833865,-17.70833475
143.0,-66.04167195,-17.70833475
114.0,-65.62500525,-17.70833475
86.0,-68.54167215,-18.12500145
66.0,-67.70833875,-18.12500145
116.0,-67.29167205,-18.12500145
108.0,-66.45833865,-18.12500145
208.0,-65.62500525,-18.12500145
94.0,-68.95833885,-18.54166815
102.0,-68.54167215,-18.54166815
110.0,-68.12500545,-18.54166815
113.0,-67.70833875,-18.54166815
113.0,-66.87500535,-18.54166815
119.0,-66.45833865,-18.54166815
180.0,-66.04167195,-18.54166815
208.0,-65.62500525,-18.54166815
80.0,-68.54167215,-18.95833485
114.0,-68.12500545,-18.95833485
118.0,-67.70833875,-18.95833485
118.0,-67.29167205,-18.95833485
131.0,-66.87500535,-18.95833485
76.0,-66.45833865,-18.95833485
116.0,-66.04167195,-18.95833485
106.0,-68.54167215,-19.37500155
114.0,-68.12500545,-19.37500155
121.0,-67.70833875,-19.37500155
124.0,-67.29167205,-19.37500155
128.0,-66.87500535,-19.37500155
73.0,-66.45833865,-19.37500155
124.0,-66.04167195,-19.37500155
164.0,-65.20833855,-19.37500155
185.0,-64.79167185,-19.37500155
96.0,-68.54167215,-19.79166825
113.0,-68.12500545,-19.79166825
116.0,-67.70833875,-19.79166825
129.0,-67.29167205,-19.79166825
121.0,-66.87500535,-19.79166825
56.0,-66.45833865,-19.79166825
121.0,-66.04167195,-19.79166825
141.0,-64.79167185,-19.79166825
79.0,-68.54167215,-20.20833495
113.0,-68.12500545,-20.20833495
120.0,-67.70833875,-20.20833495
127.0,-66.87500535,-20.20833495
157.0,-64.79167185,-20.20833495
78.0,-68.54167215,-20.62500165
61.0,-68.12500545,-20.62500165
92.0,-67.70833875,-20.62500165
130.0,-67.29167205,-20.62500165
138.0,-66.87500535,-20.62500165
125.0,-66.45833865,-20.62500165
180.0,-65.62500525,-20.62500165
187.0,-64.79167185,-20.62500165
94.0,-68.12500545,-21.04166835
115.0,-67.70833875,-21.04166835
114.0,-67.29167205,-21.04166835
132.0,-66.87500535,-21.04166835
126.0,-66.45833865,-21.04166835
65.0,-68.12500545,-21.45833505
69.0,-67.70833875,-21.45833505
120.0,-67.29167205,-21.45833505
58.0,-67.70833875,-21.87500175
71.0,-67.70833875,-22.29166845
88.0,-66.87500535,-23.12500185
79.0,-66.45833865,-23.12500185
111.0,-65.62500525,-23.54166855
83.0,-67.29167205,-23.95833525
86.0,-65.62500525,-23.95833525
70.0,-65.62500525,-24.37500195
72.0,-66.45833865,-24.79166865
137.0,-66.04167195,-24.79166865
141.0,-66.45833865,-25.20833535
147.0,-66.45833865,-25.62500205
108.0,-67.29167205,-26.04166875
134.0,-67.29167205,-26.45833545
197.0,-66.04167195,-26.45833545
193.0,-65.62500525,-26.45833545
107.0,-66.87500535,-26.87500215
193.0,-66.45833865,-26.87500215
197.0,-66.04167195,-26.87500215
-9.0,-68.54167215,-27.70833555
119.0,-70.62500565,-28.12500225
-9999.0,-71.45833905,-29.37500235
-9999.0,-71.87500575,-30.20833575
-9999.0,-71.87500575,-30.62500245
-9999.0,-71.87500575,-31.04166915
-9999.0,-71.87500575,-31.45833585
-9999.0,-71.87500575,-31.87500255
-9999.0,-71.87500575,-32.29166925
-9999.0,-71.87500575,-32.70833595
247.0,-68.54167215,-32.70833595
-9999.0,-71.87500575,-33.12500265
-9999.0,-71.87500575,-33.54166935
-9999.0,-72.29167245,-33.95833605
115.0,-71.45833905,-33.95833605
-9999.0,-72.29167245,-34.37500275
-21.0,-70.20833895,-34.37500275
-9999.0,-72.29167245,-34.79166945
99.0,-71.87500575,-34.79166945
-9999.0,-72.70833915,-35.20833615
103.0,-72.29167245,-35.20833615
-9999.0,-72.70833915,-35.62500285
-9999.0,-73.12500585,-36.04166955
-28.0,-70.20833895,-36.04166955
33.0,-69.79167225,-36.04166955
-9999.0,-73.54167255,-36.87500295
90.0,-73.54167255,-37.29166965
69.0,-73.12500585,-37.29166965
92.0,-73.54167255,-37.70833635
42.0,-71.87500575,-38.12500305
-9999.0,-73.54167255,-38.54166975
-9999.0,-73.54167255,-38.95833645
-9999.0,-73.54167255,-39.37500315
42.0,-71.87500575,-39.37500315
31.0,-71.45833905,-39.37500315
-9999.0,-73.54167255,-39.79166985
89.0,-73.12500585,-39.79166985
44.0,-71.87500575,-39.79166985
53.0,-73.54167255,-40.20833655
79.0,-72.70833915,-40.20833655
87.0,-72.29167245,-40.20833655
13.0,-71.87500575,-40.20833655
82.0,-73.54167255,-40.62500325
11.0,-71.87500575,-40.62500325
35.0,-71.45833905,-40.62500325
22.0,-71.45833905,-41.45833665
2.0,-70.20833895,-41.45833665
51.0,-71.87500575,-41.87500335
18.0,-71.45833905,-42.70833675
42.0,-70.62500565,-42.70833675
15.0,-70.20833895,-42.70833675
5.0,-71.45833905,-46.04167035
