BIOCLIM_2,x,y
-9999.0,100.62500805,76.87500615
-9999.0,88.12500705,75.62500605
78.0,90.20834055,74.79167265
79.0,91.04167395,74.79167265
84.0,96.87500775,74.79167265
78.0,89.79167385,74.37500595
79.0,90.62500725,74.37500595
83.0,93.95834085,74.37500595
87.0,100.20834135,73.95833925
88.0,102.29167485,73.54167255
59.0,-114.37500915,71.87500575
-9999.0,-154.37501235,71.45833905
-9999.0,-153.95834565,71.45833905
67.0,-115.62500925,71.45833905
-9999.0,-116.45834265,70.62500565
-9999.0,-114.37500915,70.62500565
-9999.0,-113.95834245,70.62500565
-9999.0,-140.62501125,70.20833895
68.0,-114.37500915,70.20833895
103.0,-147.70834515,69.79167225
72.0,-115.20834255,69.79167225
68.0,-114.37500915,69.79167225
72.0,-120.20834295,69.37500555
72.0,-113.95834245,69.37500555
75.0,-127.70834355,68.95833885
79.0,-118.12500945,68.95833885
-9999.0,-117.29167605,68.95833885
-9999.0,-114.79167585,68.95833885
77.0,-126.45834345,68.54167215
99.0,-139.79167785,68.12500545
-9999.0,-163.95834645,67.29167205
108.0,-139.37501115,67.29167205
114.0,-140.20834455,66.45833865
101.0,86.04167355,62.70833835
101.0,86.45834025,62.70833835
73.0,-164.79167985,62.29167165
101.0,85.62500685,62.29167165
100.0,84.79167345,61.87500495
101.0,85.20834015,61.87500495
101.0,85.62500685,61.87500495
102.0,86.04167355,61.87500495
103.0,86.45834025,61.87500495
103.0,86.87500695,61.87500495
100.0,84.37500675,61.45833825
100.0,84.79167345,61.45833825
101.0,85.20834015,61.45833825
102.0,85.62500685,61.45833825
102.0,86.04167355,61.45833825
102.0,86.45834025,61.45833825
103.0,86.87500695,61.45833825
104.0,87.29167365,61.45833825
105.0,87.70834035,61.45833825
101.0,83.54167335,61.04167155
101.0,83.95834005,61.04167155
101.0,84.37500675,61.04167155
101.0,84.79167345,61.04167155
101.0,85.20834015,61.04167155
102.0,85.62500685,61.04167155
102.0,86.04167355,61.04167155
103.0,86.45834025,61.04167155
104.0,86.87500695,61.04167155
104.0,87.29167365,61.04167155
105.0,87.70834035,61.04167155
106.0,88.12500705,61.04167155
111.0,-135.20834415,60.62500485
101.0,82.70833995,60.62500485
101.0,83.12500665,60.62500485
102.0,83.54167335,60.62500485
102.0,83.95834005,60.62500485
102.0,84.37500675,60.62500485
101.0,84.79167345,60.62500485
102.0,85.20834015,60.62500485
102.0,85.62500685,60.62500485
103.0,86.04167355,60.62500485
103.0,86.45834025,60.62500485
104.0,86.87500695,60.62500485
104.0,87.29167365,60.62500485
105.0,87.70834035,60.62500485
106.0,88.12500705,60.62500485
75.0,17.29166805,60.20833815
72.0,17.70833475,60.20833815
102.0,81.87500655,60.20833815
102.0,83.12500665,60.20833815
102.0,84.37500675,60.20833815
102.0,85.62500685,60.20833815
103.0,86.87500695,60.20833815
106.0,88.12500705,60.20833815
84.0,33.95833605,59.79167145
87.0,-156.45834585,59.37500475
111.0,-130.20834375,59.37500475
92.0,70.20833895,59.37500475
92.0,70.62500565,59.37500475
93.0,71.45833905,59.37500475
93.0,71.87500575,59.37500475
102.0,78.12500625,59.37500475
102.0,79.37500635,59.37500475
102.0,80.62500645,59.37500475
103.0,81.87500655,59.37500475
103.0,83.12500665,59.37500475
102.0,84.37500675,59.37500475
102.0,85.62500685,59.37500475
104.0,86.87500695,59.37500475
87.0,-156.45834585,58.95833805
80.0,-136.45834425,58.95833805
99.0,-132.70834395,58.95833805
97.0,62.29167165,58.95833805
101.0,76.87500615,58.95833805
102.0,78.12500625,58.95833805
102.0,79.37500635,58.95833805
103.0,80.62500645,58.95833805
104.0,81.87500655,58.95833805
104.0,83.12500665,58.95833805
102.0,84.37500675,58.95833805
102.0,85.62500685,58.95833805
103.0,86.87500695,58.95833805
82.0,-157.29167925,58.54167135
114.0,-128.12501025,58.54167135
-9999.0,18.12500145,58.54167135
73.0,49.79167065,58.54167135
77.0,50.62500405,58.54167135
94.0,59.79167145,58.54167135
93.0,69.79167225,58.54167135
94.0,71.04167235,58.54167135
96.0,72.29167245,58.54167135
99.0,73.54167255,58.54167135
100.0,74.79167265,58.54167135
101.0,76.04167275,58.54167135
101.0,76.45833945,58.54167135
102.0,76.87500615,58.54167135
102.0,77.29167285,58.54167135
102.0,77.70833955,58.54167135
101.0,78.12500625,58.54167135
102.0,78.54167295,58.54167135
102.0,78.95833965,58.54167135
102.0,79.37500635,58.54167135
102.0,79.79167305,58.54167135
102.0,80.20833975,58.54167135
103.0,80.62500645,58.54167135
103.0,81.04167315,58.54167135
104.0,81.45833985,58.54167135
104.0,81.87500655,58.54167135
105.0,82.29167325,58.54167135
105.0,82.70833995,58.54167135
105.0,83.12500665,58.54167135
104.0,83.54167335,58.54167135
103.0,83.95834005,58.54167135
102.0,84.37500675,58.54167135
102.0,84.79167345,58.54167135
102.0,85.20834015,58.54167135
102.0,85.62500685,58.54167135
102.0,86.04167355,58.54167135
103.0,86.45834025,58.54167135
103.0,86.87500695,58.54167135
104.0,87.29167365,58.54167135
111.0,96.04167435,58.54167135
-9999.0,19.79166825,58.12500465
73.0,49.79167065,58.12500465
93.0,59.79167145,58.12500465
93.0,60.62500485,58.12500465
93.0,68.54167215,58.12500465
93.0,68.95833885,58.12500465
94.0,69.37500555,58.12500465
94.0,69.79167225,58.12500465
94.0,70.20833895,58.12500465
95.0,70.62500565,58.12500465
95.0,71.04167235,58.12500465
97.0,72.29167245,58.12500465
98.0,72.70833915,58.12500465
99.0,73.12500585,58.12500465
100.0,73.54167255,58.12500465
101.0,73.95833925,58.12500465
102.0,74.37500595,58.12500465
102.0,74.79167265,58.12500465
102.0,75.20833935,58.12500465
102.0,75.62500605,58.12500465
102.0,76.04167275,58.12500465
102.0,76.45833945,58.12500465
102.0,78.54167295,58.12500465
102.0,78.95833965,58.12500465
105.0,82.29167325,58.12500465
105.0,82.70833995,58.12500465
105.0,83.12500665,58.12500465
104.0,83.54167335,58.12500465
103.0,83.95834005,58.12500465
102.0,84.37500675,58.12500465
100.0,84.79167345,58.12500465
101.0,85.20834015,58.12500465
101.0,85.62500685,58.12500465
101.0,86.04167355,58.12500465
102.0,86.45834025,58.12500465
103.0,86.87500695,58.12500465
103.0,87.29167365,58.12500465
110.0,94.79167425,58.12500465
-9999.0,19.79166825,57.70833795
79.0,45.20833695,57.70833795
79.0,45.62500365,57.70833795
76.0,50.20833735,57.70833795
87.0,54.79167105,57.70833795
94.0,68.54167215,57.70833795
99.0,72.29167245,57.70833795
102.0,73.54167255,57.70833795
103.0,74.79167265,57.70833795
104.0,83.12500665,57.70833795
103.0,83.54167335,57.70833795
102.0,83.95834005,57.70833795
101.0,84.37500675,57.70833795
100.0,84.79167345,57.70833795
100.0,85.20834015,57.70833795
100.0,85.62500685,57.70833795
101.0,86.04167355,57.70833795
102.0,86.45834025,57.70833795
103.0,86.87500695,57.70833795
104.0,87.29167365,57.70833795
107.0,91.87500735,57.70833795
107.0,92.70834075,57.70833795
108.0,93.54167415,57.70833795
114.0,-125.20834335,57.29167125
-9999.0,19.37500155,57.29167125
78.0,45.20833695,57.29167125
87.0,52.70833755,57.29167125
89.0,53.95833765,57.29167125
96.0,58.54167135,57.29167125
90.0,63.95833845,57.29167125
104.0,73.95833925,57.29167125
105.0,74.37500595,57.29167125
104.0,75.20833935,57.29167125
100.0,84.37500675,57.29167125
99.0,85.20834015,57.29167125
100.0,85.62500685,57.29167125
103.0,86.87500695,57.29167125
104.0,87.29167365,57.29167125
-9999.0,18.95833485,56.87500455
65.0,22.29166845,56.87500455
65.0,22.70833515,56.87500455
75.0,26.87500215,56.87500455
77.0,44.37500355,56.87500455
78.0,45.62500365,56.87500455
79.0,46.87500375,56.87500455
78.0,48.12500385,56.87500455
79.0,49.37500395,56.87500455
85.0,51.87500415,56.87500455
91.0,55.20833775,56.87500455
97.0,56.87500455,56.87500455
101.0,58.12500465,56.87500455
99.0,58.54167135,56.87500455
96.0,59.37500475,56.87500455
105.0,74.79167265,56.87500455
104.0,75.20833935,56.87500455
103.0,75.62500605,56.87500455
101.0,83.95834005,56.87500455
99.0,84.37500675,56.87500455
98.0,84.79167345,56.87500455
97.0,85.20834015,56.87500455
99.0,85.62500685,56.87500455
100.0,86.04167355,56.87500455
102.0,86.45834025,56.87500455
103.0,86.87500695,56.87500455
105.0,87.70834035,56.87500455
107.0,88.54167375,56.87500455
109.0,90.20834055,56.87500455
107.0,91.45834065,56.87500455
106.0,91.87500735,56.87500455
106.0,93.54167415,56.87500455
69.0,23.95833525,56.45833785
80.0,38.95833645,56.45833785
94.0,68.12500545,56.45833785
99.0,84.37500675,56.45833785
99.0,85.62500685,56.45833785
101.0,86.04167355,56.45833785
102.0,86.45834025,56.45833785
108.0,88.54167375,56.45833785
109.0,88.95834045,56.45833785
109.0,89.37500715,56.45833785
109.0,89.79167385,56.45833785
105.0,93.12500745,56.45833785
107.0,93.54167415,56.45833785
-9999.0,16.87500135,56.04167115
79.0,36.87500295,56.04167115
78.0,37.29166965,56.04167115
77.0,37.70833635,56.04167115
78.0,38.12500305,56.04167115
80.0,38.95833645,56.04167115
80.0,39.37500315,56.04167115
96.0,54.79167105,56.04167115
99.0,84.79167345,56.04167115
99.0,85.20834015,56.04167115
100.0,85.62500685,56.04167115
101.0,86.04167355,56.04167115
103.0,86.45834025,56.04167115
106.0,87.29167365,56.04167115
108.0,88.12500705,56.04167115
110.0,88.95834045,56.04167115
105.0,93.12500745,56.04167115
107.0,93.54167415,56.04167115
78.0,36.87500295,55.62500445
79.0,38.12500305,55.62500445
81.0,39.37500315,55.62500445
79.0,42.70833675,55.62500445
83.0,48.54167055,55.62500445
103.0,59.37500475,55.62500445
104.0,83.54167335,55.62500445
103.0,83.95834005,55.62500445
102.0,84.37500675,55.62500445
101.0,84.79167345,55.62500445
101.0,85.20834015,55.62500445
102.0,85.62500685,55.62500445
103.0,86.04167355,55.62500445
104.0,86.45834025,55.62500445
105.0,86.87500695,55.62500445
112.0,91.04167395,55.62500445
109.0,92.29167405,55.62500445
106.0,92.70834075,55.62500445
107.0,93.12500745,55.62500445
-9999.0,14.37500115,55.20833775
79.0,36.87500295,55.20833775
79.0,37.29166965,55.20833775
81.0,38.54166975,55.20833775
82.0,38.95833645,55.20833775
81.0,46.04167035,55.20833775
84.0,48.54167055,55.20833775
86.0,51.04167075,55.20833775
93.0,63.54167175,55.20833775
100.0,73.12500585,55.20833775
101.0,77.29167285,55.20833775
100.0,78.12500625,55.20833775
103.0,79.79167305,55.20833775
106.0,83.54167335,55.20833775
105.0,83.95834005,55.20833775
104.0,84.37500675,55.20833775
104.0,84.79167345,55.20833775
104.0,85.20834015,55.20833775
104.0,85.62500685,55.20833775
105.0,86.04167355,55.20833775
106.0,86.45834025,55.20833775
107.0,86.87500695,55.20833775
107.0,87.29167365,55.20833775
108.0,88.54167375,55.20833775
110.0,88.95834045,55.20833775
111.0,93.12500745,55.20833775
113.0,93.54167415,55.20833775
113.0,93.95834085,55.20833775
-9999.0,12.70833435,54.79167105
-9999.0,13.54166775,54.79167105
-9999.0,15.20833455,54.79167105
-9999.0,16.87500135,54.79167105
71.0,20.62500165,54.79167105
74.0,21.45833505,54.79167105
77.0,21.87500175,54.79167105
77.0,22.29166845,54.79167105
80.0,23.95833525,54.79167105
80.0,36.87500295,54.79167105
81.0,43.54167015,54.79167105
82.0,46.04167035,54.79167105
84.0,48.12500385,54.79167105
85.0,48.54167055,54.79167105
85.0,48.95833725,54.79167105
86.0,50.62500405,54.79167105
87.0,51.04167075,54.79167105
88.0,51.45833745,54.79167105
89.0,51.87500415,54.79167105
93.0,52.70833755,54.79167105
102.0,60.62500485,54.79167105
99.0,61.87500495,54.79167105
105.0,80.62500645,54.79167105
107.0,81.45833985,54.79167105
108.0,82.29167325,54.79167105
108.0,82.70833995,54.79167105
107.0,83.54167335,54.79167105
107.0,83.95834005,54.79167105
106.0,84.79167345,54.79167105
106.0,85.20834015,54.79167105
107.0,86.04167355,54.79167105
108.0,86.45834025,54.79167105
109.0,86.87500695,54.79167105
109.0,87.29167365,54.79167105
111.0,88.95834045,54.79167105
115.0,89.79167385,54.79167105
115.0,93.12500745,54.79167105
115.0,93.54167415,54.79167105
116.0,93.95834085,54.79167105
116.0,94.37500755,54.79167105
119.0,94.79167425,54.79167105
122.0,95.20834095,54.79167105
-9999.0,-3.95833364999999,54.37500435
82.0,36.87500295,54.37500435
81.0,37.29166965,54.37500435
87.0,51.04167075,54.37500435
101.0,69.37500555,54.37500435
108.0,81.45833985,54.37500435
109.0,81.87500655,54.37500435
109.0,82.29167325,54.37500435
109.0,82.70833995,54.37500435
109.0,83.12500665,54.37500435
109.0,83.54167335,54.37500435
109.0,83.95834005,54.37500435
108.0,84.37500675,54.37500435
107.0,85.20834015,54.37500435
108.0,85.62500685,54.37500435
109.0,86.45834025,54.37500435
112.0,87.70834035,54.37500435
111.0,88.12500705,54.37500435
111.0,88.54167375,54.37500435
113.0,88.95834045,54.37500435
114.0,89.37500715,54.37500435
120.0,92.70834075,54.37500435
119.0,93.12500745,54.37500435
119.0,93.54167415,54.37500435
120.0,94.37500755,54.37500435
120.0,94.79167425,54.37500435
121.0,95.20834095,54.37500435
82.0,36.87500295,53.95833765
88.0,39.79166985,53.95833765
85.0,41.87500335,53.95833765
112.0,57.29167125,53.95833765
102.0,68.54167215,53.95833765
108.0,81.04167315,53.95833765
110.0,81.45833985,53.95833765
111.0,82.70833995,53.95833765
112.0,83.12500665,53.95833765
111.0,84.37500675,53.95833765
109.0,85.62500685,53.95833765
110.0,86.45834025,53.95833765
111.0,86.87500695,53.95833765
113.0,87.29167365,53.95833765
114.0,88.12500705,53.95833765
114.0,88.54167375,53.95833765
113.0,88.95834045,53.95833765
116.0,89.37500715,53.95833765
117.0,89.79167385,53.95833765
127.0,91.87500735,53.95833765
124.0,93.95834085,53.95833765
124.0,94.79167425,53.95833765
124.0,95.20834095,53.95833765
-9999.0,-5.62500044999999,53.54167095
82.0,28.54166895,53.54167095
82.0,30.20833575,53.54167095
82.0,30.62500245,53.54167095
81.0,31.04166915,53.54167095
83.0,36.04166955,53.54167095
83.0,36.45833625,53.54167095
84.0,37.29166965,53.54167095
85.0,37.70833635,53.54167095
87.0,38.54166975,53.54167095
86.0,43.95833685,53.54167095
86.0,44.79167025,53.54167095
87.0,46.04167035,53.54167095
87.0,46.45833705,53.54167095
88.0,47.29167045,53.54167095
87.0,48.54167055,53.54167095
86.0,49.37500395,53.54167095
85.0,49.79167065,53.54167095
84.0,50.20833735,53.54167095
85.0,50.62500405,53.54167095
91.0,51.45833745,53.54167095
93.0,51.87500415,53.54167095
110.0,56.45833785,53.54167095
113.0,57.70833795,53.54167095
102.0,67.29167205,53.54167095
102.0,71.04167235,53.54167095
106.0,78.95833965,53.54167095
107.0,79.37500635,53.54167095
108.0,79.79167305,53.54167095
110.0,81.04167315,53.54167095
111.0,81.45833985,53.54167095
111.0,81.87500655,53.54167095
112.0,82.29167325,53.54167095
113.0,82.70833995,53.54167095
114.0,83.12500665,53.54167095
115.0,83.54167335,53.54167095
114.0,83.95834005,53.54167095
113.0,84.37500675,53.54167095
112.0,84.79167345,53.54167095
112.0,85.20834015,53.54167095
112.0,85.62500685,53.54167095
112.0,86.04167355,53.54167095
112.0,86.45834025,53.54167095
113.0,86.87500695,53.54167095
113.0,87.29167365,53.54167095
114.0,88.12500705,53.54167095
118.0,89.37500715,53.54167095
117.0,89.79167385,53.54167095
123.0,90.62500725,53.54167095
124.0,93.95834085,53.54167095
123.0,94.37500755,53.54167095
84.0,23.12500185,53.12500425
85.0,23.54166855,53.12500425
82.0,28.12500225,53.12500425
83.0,28.54166895,53.12500425
83.0,30.62500245,53.12500425
84.0,36.87500295,53.12500425
89.0,39.37500315,53.12500425
87.0,41.87500335,53.12500425
87.0,43.12500345,53.12500425
110.0,61.04167155,53.12500425
108.0,61.87500495,53.12500425
104.0,63.12500505,53.12500425
103.0,63.54167175,53.12500425
102.0,73.12500585,53.12500425
102.0,75.20833935,53.12500425
108.0,79.37500635,53.12500425
111.0,80.62500645,53.12500425
112.0,81.87500655,53.12500425
114.0,82.70833995,53.12500425
115.0,83.12500665,53.12500425
115.0,83.95834005,53.12500425
114.0,84.37500675,53.12500425
113.0,85.62500685,53.12500425
113.0,86.04167355,53.12500425
113.0,86.45834025,53.12500425
113.0,86.87500695,53.12500425
114.0,87.29167365,53.12500425
115.0,87.70834035,53.12500425
116.0,88.12500705,53.12500425
116.0,88.54167375,53.12500425
117.0,89.37500715,53.12500425
119.0,89.79167385,53.12500425
123.0,90.20834055,53.12500425
125.0,90.62500725,53.12500425
129.0,92.29167405,53.12500425
130.0,-116.45834265,52.70833755
-9999.0,-55.62500445,52.70833755
84.0,23.12500185,52.70833755
84.0,23.54166855,52.70833755
83.0,30.62500245,52.70833755
83.0,35.62500285,52.70833755
84.0,36.04166955,52.70833755
109.0,61.87500495,52.70833755
109.0,68.54167215,52.70833755
108.0,68.95833885,52.70833755
103.0,75.20833935,52.70833755
107.0,78.12500625,52.70833755
110.0,79.37500635,52.70833755
112.0,80.62500645,52.70833755
113.0,81.87500655,52.70833755
116.0,83.12500665,52.70833755
116.0,83.95834005,52.70833755
115.0,84.37500675,52.70833755
114.0,85.62500685,52.70833755
114.0,86.04167355,52.70833755
114.0,86.45834025,52.70833755
115.0,86.87500695,52.70833755
115.0,87.29167365,52.70833755
117.0,88.12500705,52.70833755
117.0,88.54167375,52.70833755
117.0,88.95834045,52.70833755
120.0,89.37500715,52.70833755
122.0,89.79167385,52.70833755
124.0,90.62500725,52.70833755
125.0,91.45834065,52.70833755
126.0,91.87500735,52.70833755
131.0,100.20834135,52.70833755
-9999.0,-55.62500445,52.29167085
-9999.0,-55.20833775,52.29167085
84.0,16.87500135,52.29167085
84.0,18.95833485,52.29167085
84.0,23.95833525,52.29167085
87.0,29.79166905,52.29167085
82.0,31.04166915,52.29167085
83.0,32.29166925,52.29167085
84.0,35.62500285,52.29167085
84.0,36.04166955,52.29167085
85.0,36.87500295,52.29167085
85.0,37.29166965,52.29167085
89.0,39.37500315,52.29167085
89.0,41.87500335,52.29167085
89.0,43.12500345,52.29167085
90.0,44.37500355,52.29167085
91.0,46.87500375,52.29167085
91.0,47.29167045,52.29167085
92.0,48.12500385,52.29167085
98.0,51.04167075,52.29167085
104.0,53.54167095,52.29167085
105.0,53.95833765,52.29167085
107.0,55.20833775,52.29167085
109.0,55.62500445,52.29167085
113.0,56.45833785,52.29167085
117.0,57.70833795,52.29167085
117.0,58.12500465,52.29167085
118.0,58.54167135,52.29167085
118.0,58.95833805,52.29167085
119.0,59.37500475,52.29167085
104.0,64.37500515,52.29167085
104.0,64.79167185,52.29167085
109.0,67.29167205,52.29167085
103.0,73.12500585,52.29167085
104.0,75.62500605,52.29167085
108.0,78.12500625,52.29167085
109.0,78.54167295,52.29167085
111.0,78.95833965,52.29167085
112.0,79.37500635,52.29167085
113.0,79.79167305,52.29167085
113.0,80.20833975,52.29167085
113.0,80.62500645,52.29167085
114.0,81.04167315,52.29167085
114.0,81.45833985,52.29167085
114.0,81.87500655,52.29167085
115.0,82.29167325,52.29167085
116.0,82.70833995,52.29167085
116.0,83.12500665,52.29167085
116.0,83.54167335,52.29167085
117.0,83.95834005,52.29167085
115.0,84.37500675,52.29167085
116.0,84.79167345,52.29167085
115.0,85.20834015,52.29167085
115.0,85.62500685,52.29167085
115.0,86.04167355,52.29167085
114.0,86.45834025,52.29167085
115.0,86.87500695,52.29167085
117.0,87.29167365,52.29167085
118.0,88.12500705,52.29167085
118.0,88.54167375,52.29167085
116.0,88.95834045,52.29167085
115.0,89.37500715,52.29167085
122.0,90.62500725,52.29167085
121.0,91.45834065,52.29167085
126.0,93.54167415,52.29167085
117.0,-116.04167595,51.87500415
-9999.0,-55.20833775,51.87500415
75.0,10.62500085,51.87500415
84.0,26.87500215,51.87500415
85.0,28.54166895,51.87500415
86.0,29.79166905,51.87500415
85.0,30.20833575,51.87500415
84.0,32.70833595,51.87500415
84.0,33.95833605,51.87500415
84.0,34.37500275,51.87500415
84.0,35.20833615,51.87500415
84.0,35.62500285,51.87500415
84.0,36.45833625,51.87500415
85.0,36.87500295,51.87500415
94.0,47.70833715,51.87500415
94.0,48.12500385,51.87500415
113.0,56.45833785,51.87500415
120.0,58.95833805,51.87500415
120.0,59.37500475,51.87500415
121.0,59.79167145,51.87500415
114.0,61.45833825,51.87500415
105.0,64.37500515,51.87500415
105.0,64.79167185,51.87500415
109.0,66.87500535,51.87500415
115.0,68.54167215,51.87500415
110.0,78.12500625,51.87500415
113.0,79.37500635,51.87500415
114.0,80.62500645,51.87500415
115.0,81.04167315,51.87500415
116.0,81.87500655,51.87500415
116.0,82.29167325,51.87500415
116.0,83.54167335,51.87500415
117.0,83.95834005,51.87500415
113.0,84.79167345,51.87500415
113.0,85.20834015,51.87500415
115.0,85.62500685,51.87500415
115.0,86.04167355,51.87500415
115.0,86.45834025,51.87500415
115.0,86.87500695,51.87500415
114.0,87.29167365,51.87500415
114.0,87.70834035,51.87500415
112.0,88.12500705,51.87500415
117.0,88.54167375,51.87500415
120.0,89.79167385,51.87500415
121.0,91.04167395,51.87500415
122.0,91.87500735,51.87500415
130.0,101.04167475,51.87500415
139.0,-111.04167555,51.45833745
77.0,-56.04167115,51.45833745
75.0,-55.62500445,51.45833745
-9999.0,-55.20833775,51.45833745
84.0,26.87500215,51.45833745
84.0,31.87500255,51.45833745
85.0,33.95833605,51.45833745
85.0,34.37500275,51.45833745
85.0,34.79166945,51.45833745
84.0,36.04166955,51.45833745
84.0,36.45833625,51.45833745
85.0,37.29166965,51.45833745
102.0,50.20833735,51.45833745
111.0,55.62500445,51.45833745
116.0,56.87500455,51.45833745
122.0,60.20833815,51.45833745
120.0,60.62500485,51.45833745
118.0,61.04167155,51.45833745
106.0,65.20833855,51.45833745
110.0,66.87500535,51.45833745
114.0,67.70833875,51.45833745
115.0,68.12500545,51.45833745
116.0,68.54167215,51.45833745
115.0,68.95833885,51.45833745
105.0,73.12500585,51.45833745
105.0,74.79167265,51.45833745
105.0,75.20833935,51.45833745
111.0,78.12500625,51.45833745
115.0,79.37500635,51.45833745
117.0,80.20833975,51.45833745
117.0,80.62500645,51.45833745
116.0,81.04167315,51.45833745
116.0,81.87500655,51.45833745
114.0,83.95834005,51.45833745
110.0,84.37500675,51.45833745
112.0,84.79167345,51.45833745
121.0,91.04167395,51.45833745
124.0,91.87500735,51.45833745
131.0,-115.20834255,51.04167075
132.0,-114.37500915,51.04167075
117.0,-103.95834165,51.04167075
85.0,-56.04167115,51.04167075
-9999.0,-55.62500445,51.04167075
-9999.0,-55.20833775,51.04167075
83.0,31.45833585,51.04167075
84.0,31.87500255,51.04167075
86.0,32.70833595,51.04167075
85.0,34.37500275,51.04167075
83.0,36.04166955,51.04167075
84.0,37.29166965,51.04167075
92.0,43.95833685,51.04167075
96.0,46.87500375,51.04167075
118.0,56.87500455,51.04167075
122.0,59.37500475,51.04167075
122.0,59.79167145,51.04167075
118.0,61.04167155,51.04167075
106.0,64.37500515,51.04167075
106.0,64.79167185,51.04167075
107.0,65.62500525,51.04167075
111.0,66.87500535,51.04167075
113.0,67.29167205,51.04167075
116.0,68.12500545,51.04167075
117.0,68.54167215,51.04167075
107.0,73.12500585,51.04167075
107.0,76.45833945,51.04167075
112.0,78.12500625,51.04167075
115.0,78.95833965,51.04167075
116.0,79.37500635,51.04167075
118.0,79.79167305,51.04167075
119.0,80.20833975,51.04167075
119.0,80.62500645,51.04167075
118.0,81.87500655,51.04167075
117.0,82.29167325,51.04167075
111.0,83.12500665,51.04167075
111.0,83.95834005,51.04167075
113.0,84.37500675,51.04167075
111.0,84.79167345,51.04167075
125.0,91.04167395,51.04167075
123.0,91.87500735,51.04167075
113.0,-115.62500925,50.62500405
120.0,-107.29167525,50.62500405
92.0,-63.95833845,50.62500405
-9999.0,-57.70833795,50.62500405
-9999.0,-57.29167125,50.62500405
78.0,-56.87500455,50.62500405
83.0,-56.45833785,50.62500405
-9999.0,-55.62500445,50.62500405
75.0,7.70833395,50.62500405
88.0,33.12500265,50.62500405
87.0,33.95833605,50.62500405
86.0,34.37500275,50.62500405
85.0,34.79166945,50.62500405
84.0,37.29166965,50.62500405
86.0,38.54166975,50.62500405
87.0,38.95833645,50.62500405
89.0,39.79166985,50.62500405
91.0,40.62500325,50.62500405
91.0,41.04166995,50.62500405
90.0,42.29167005,50.62500405
91.0,43.12500345,50.62500405
105.0,49.79167065,50.62500405
108.0,50.62500405,50.62500405
110.0,51.04167075,50.62500405
111.0,51.45833745,50.62500405
115.0,56.04167115,50.62500405
117.0,56.45833785,50.62500405
119.0,56.87500455,50.62500405
120.0,57.29167125,50.62500405
122.0,58.95833805,50.62500405
122.0,59.37500475,50.62500405
122.0,59.79167145,50.62500405
121.0,60.20833815,50.62500405
120.0,60.62500485,50.62500405
116.0,61.45833825,50.62500405
112.0,62.29167165,50.62500405
106.0,64.37500515,50.62500405
106.0,64.79167185,50.62500405
107.0,65.20833855,50.62500405
107.0,65.62500525,50.62500405
108.0,66.04167195,50.62500405
111.0,66.87500535,50.62500405
108.0,76.87500615,50.62500405
111.0,77.70833955,50.62500405
114.0,78.54167295,50.62500405
116.0,78.95833965,50.62500405
118.0,79.37500635,50.62500405
120.0,79.79167305,50.62500405
121.0,80.20833975,50.62500405
119.0,81.45833985,50.62500405
119.0,81.87500655,50.62500405
118.0,82.29167325,50.62500405
118.0,82.70833995,50.62500405
114.0,83.54167335,50.62500405
112.0,84.37500675,50.62500405
110.0,84.79167345,50.62500405
109.0,85.20834015,50.62500405
109.0,86.04167355,50.62500405
113.0,86.45834025,50.62500405
117.0,89.37500715,50.62500405
113.0,89.79167385,50.62500405
122.0,91.45834065,50.62500405
126.0,92.29167405,50.62500405
134.0,94.37500755,50.62500405
121.0,128.12501025,50.62500405
125.0,-106.87500855,50.20833735
-9999.0,-63.95833845,50.20833735
-9999.0,-57.70833795,50.20833735
76.0,-57.29167125,50.20833735
81.0,-56.87500455,50.20833735
-9999.0,-56.45833785,50.20833735
-9999.0,-56.04167115,50.20833735
-9999.0,-55.62500445,50.20833735
-9999.0,-55.20833775,50.20833735
72.0,5.62500045000002,50.20833735
71.0,6.87500055000001,50.20833735
77.0,7.29166724999999,50.20833735
91.0,10.62500085,50.20833735
88.0,19.37500155,50.20833735
86.0,19.79166825,50.20833735
90.0,20.62500165,50.20833735
84.0,26.04166875,50.20833735
85.0,26.45833545,50.20833735
85.0,27.29166885,50.20833735
86.0,27.70833555,50.20833735
85.0,28.95833565,50.20833735
84.0,29.37500235,50.20833735
83.0,29.79166905,50.20833735
89.0,33.12500265,50.20833735
88.0,33.54166935,50.20833735
83.0,37.29166965,50.20833735
107.0,49.79167065,50.20833735
108.0,50.20833735,50.20833735
121.0,57.70833795,50.20833735
122.0,58.95833805,50.20833735
122.0,59.37500475,50.20833735
120.0,60.62500485,50.20833735
119.0,61.04167155,50.20833735
111.0,66.87500535,50.20833735
117.0,68.12500545,50.20833735
116.0,70.62500565,50.20833735
108.0,76.87500615,50.20833735
109.0,77.29167285,50.20833735
113.0,78.12500625,50.20833735
116.0,78.95833965,50.20833735
119.0,79.37500635,50.20833735
121.0,79.79167305,50.20833735
122.0,81.87500655,50.20833735
110.0,83.95834005,50.20833735
108.0,84.37500675,50.20833735
110.0,84.79167345,50.20833735
109.0,85.20834015,50.20833735
126.0,91.87500735,50.20833735
117.0,127.70834355,50.20833735
134.0,-106.87500855,49.79167065
78.0,-57.70833795,49.79167065
-9999.0,-54.79167105,49.79167065
88.0,8.95833404999999,49.79167065
86.0,11.45833425,49.79167065
87.0,21.87500175,49.79167065
84.0,22.29166845,49.79167065
82.0,22.70833515,49.79167065
82.0,23.12500185,49.79167065
80.0,23.54166855,49.79167065
77.0,23.95833525,49.79167065
81.0,24.37500195,49.79167065
81.0,24.79166865,49.79167065
83.0,25.20833535,49.79167065
84.0,25.62500205,49.79167065
86.0,26.87500215,49.79167065
86.0,28.54166895,49.79167065
89.0,40.62500325,49.79167065
102.0,47.29167045,49.79167065
108.0,49.79167065,49.79167065
120.0,56.87500455,49.79167065
122.0,58.12500465,49.79167065
122.0,59.37500475,49.79167065
122.0,59.79167145,49.79167065
121.0,60.20833815,49.79167065
120.0,60.62500485,49.79167065
117.0,61.45833825,49.79167065
108.0,66.04167195,49.79167065
111.0,66.87500535,49.79167065
107.0,74.37500595,49.79167065
106.0,74.79167265,49.79167065
105.0,75.20833935,49.79167065
105.0,75.62500605,49.79167065
105.0,76.04167275,49.79167065
106.0,76.87500615,49.79167065
110.0,77.70833955,49.79167065
122.0,80.20833975,49.79167065
123.0,81.04167315,49.79167065
122.0,81.87500655,49.79167065
117.0,84.37500675,49.79167065
115.0,84.79167345,49.79167065
108.0,85.62500685,49.79167065
107.0,86.04167355,49.79167065
123.0,91.45834065,49.79167065
132.0,94.37500755,49.79167065
107.0,136.04167755,49.79167065
106.0,136.45834425,49.79167065
104.0,136.87501095,49.79167065
84.0,-57.70833795,49.37500395
98.0,-56.45833785,49.37500395
98.0,-55.62500445,49.37500395
96.0,-55.20833775,49.37500395
84.0,11.87500095,49.37500395
91.0,19.37500155,49.37500395
92.0,19.79166825,49.37500395
94.0,20.20833495,49.37500395
81.0,23.12500185,49.37500395
84.0,24.79166865,49.37500395
84.0,25.20833535,49.37500395
86.0,28.54166895,49.37500395
88.0,32.70833595,49.37500395
83.0,38.12500305,49.37500395
122.0,58.54167135,49.37500395
121.0,59.37500475,49.37500395
121.0,59.79167145,49.37500395
121.0,60.20833815,49.37500395
120.0,60.62500485,49.37500395
119.0,61.04167155,49.37500395
108.0,66.04167195,49.37500395
109.0,66.45833865,49.37500395
111.0,66.87500535,49.37500395
105.0,74.79167265,49.37500395
104.0,75.20833935,49.37500395
103.0,75.62500605,49.37500395
104.0,76.04167275,49.37500395
106.0,76.87500615,49.37500395
107.0,77.29167285,49.37500395
109.0,77.70833955,49.37500395
121.0,79.79167305,49.37500395
122.0,80.20833975,49.37500395
122.0,81.87500655,49.37500395
116.0,84.37500675,49.37500395
113.0,84.79167345,49.37500395
114.0,85.20834015,49.37500395
112.0,86.45834025,49.37500395
111.0,88.12500705,49.37500395
131.0,94.37500755,49.37500395
109.0,134.79167745,49.37500395
106.0,135.20834415,49.37500395
105.0,135.62501085,49.37500395
103.0,136.04167755,49.37500395
102.0,136.45834425,49.37500395
133.0,-113.12500905,48.95833725
101.0,-56.45833785,48.95833725
98.0,-55.62500445,48.95833725
109.0,49.79167065,48.95833725
120.0,59.79167145,48.95833725
120.0,60.62500485,48.95833725
107.0,65.62500525,48.95833725
119.0,68.12500545,48.95833725
128.0,69.37500555,48.95833725
103.0,75.20833935,48.95833725
102.0,75.62500605,48.95833725
102.0,76.04167275,48.95833725
105.0,76.87500615,48.95833725
122.0,81.87500655,48.95833725
108.0,85.20834015,48.95833725
110.0,86.04167355,48.95833725
109.0,86.45834025,48.95833725
111.0,86.87500695,48.95833725
111.0,88.12500705,48.95833725
114.0,133.54167735,48.95833725
108.0,134.37501075,48.95833725
102.0,135.20834415,48.95833725
101.0,135.62501085,48.95833725
97.0,13.95833445,48.54167055
90.0,22.70833515,48.54167055
85.0,23.54166855,48.54167055
90.0,26.04166875,48.54167055
119.0,57.29167125,48.54167055
120.0,59.79167145,48.54167055
125.0,71.04167235,48.54167055
122.0,89.79167385,48.54167055
126.0,90.62500725,48.54167055
113.0,132.29167725,48.54167055
112.0,133.12501065,48.54167055
105.0,134.37501075,48.54167055
98.0,135.20834415,48.54167055
128.0,-113.12500905,48.12500385
132.0,-101.87500815,48.12500385
85.0,5.62500045000002,48.12500385
86.0,7.29166724999999,48.12500385
85.0,10.62500085,48.12500385
98.0,21.87500175,48.12500385
97.0,22.29166845,48.12500385
85.0,24.37500195,48.12500385
90.0,24.79166865,48.12500385
81.0,36.87500295,48.12500385
109.0,50.20833735,48.12500385
119.0,57.29167125,48.12500385
119.0,59.79167145,48.12500385
105.0,66.45833865,48.12500385
103.0,74.37500595,48.12500385
127.0,91.04167395,48.12500385
139.0,92.70834075,48.12500385
110.0,131.87501055,48.12500385
109.0,132.29167725,48.12500385
109.0,132.70834395,48.12500385
108.0,133.12501065,48.12500385
108.0,133.54167735,48.12500385
106.0,133.95834405,48.12500385
104.0,134.37501075,48.12500385
101.0,134.79167745,48.12500385
121.0,-120.20834295,47.70833715
88.0,10.62500085,47.70833715
83.0,11.04166755,47.70833715
98.0,22.29166845,47.70833715
94.0,23.95833525,47.70833715
98.0,24.37500195,47.70833715
85.0,24.79166865,47.70833715
90.0,25.20833535,47.70833715
86.0,34.79166945,47.70833715
82.0,35.62500285,47.70833715
81.0,36.04166955,47.70833715
109.0,50.20833735,47.70833715
110.0,50.62500405,47.70833715
110.0,51.04167075,47.70833715
111.0,51.45833745,47.70833715
111.0,52.70833755,47.70833715
118.0,56.87500455,47.70833715
118.0,57.29167125,47.70833715
119.0,57.70833795,47.70833715
119.0,58.12500465,47.70833715
119.0,58.54167135,47.70833715
118.0,58.95833805,47.70833715
116.0,60.20833815,47.70833715
116.0,60.62500485,47.70833715
115.0,85.62500685,47.70833715
137.0,92.70834075,47.70833715
113.0,131.04167715,47.70833715
109.0,131.45834385,47.70833715
105.0,131.87501055,47.70833715
104.0,132.29167725,47.70833715
106.0,132.70834395,47.70833715
106.0,133.12501065,47.70833715
106.0,133.54167735,47.70833715
105.0,133.95834405,47.70833715
142.0,-110.62500885,47.29167045
74.0,8.95833404999999,47.29167045
106.0,24.37500195,47.29167045
97.0,24.79166865,47.29167045
91.0,40.20833655,47.29167045
112.0,53.54167095,47.29167045
113.0,53.95833765,47.29167045
113.0,54.37500435,47.29167045
118.0,58.95833805,47.29167045
116.0,60.20833815,47.29167045
114.0,60.62500485,47.29167045
109.0,66.04167195,47.29167045
115.0,84.37500675,47.29167045
114.0,85.20834015,47.29167045
117.0,86.45834025,47.29167045
127.0,91.45834065,47.29167045
112.0,131.04167715,47.29167045
102.0,132.29167725,47.29167045
105.0,132.70834395,47.29167045
133.0,-118.95834285,46.87500375
152.0,-113.12500905,46.87500375
92.0,3.54166695000001,46.87500375
90.0,6.87500055000001,46.87500375
75.0,7.70833395,46.87500375
63.0,8.12500065,46.87500375
112.0,53.54167095,46.87500375
110.0,65.62500525,46.87500375
111.0,66.04167195,46.87500375
114.0,66.87500535,46.87500375
117.0,67.29167205,46.87500375
131.0,81.04167315,46.87500375
111.0,84.79167345,46.87500375
134.0,91.04167395,46.87500375
133.0,92.70834075,46.87500375
127.0,93.12500745,46.87500375
105.0,132.29167725,46.87500375
106.0,132.70834395,46.87500375
132.0,-117.70834275,46.45833705
85.0,5.62500045000002,46.45833705
97.0,15.62500125,46.45833705
96.0,16.87500135,46.45833705
96.0,17.29166805,46.45833705
93.0,17.70833475,46.45833705
110.0,24.37500195,46.45833705
100.0,25.20833535,46.45833705
88.0,39.37500315,46.45833705
95.0,40.62500325,46.45833705
95.0,41.87500335,46.45833705
111.0,53.54167095,46.45833705
111.0,53.95833765,46.45833705
112.0,54.37500435,46.45833705
117.0,66.87500535,46.45833705
119.0,67.29167205,46.45833705
108.0,132.70834395,46.45833705
109.0,133.95834405,46.45833705
91.0,-0.208333350000004,46.04167035
62.0,8.54166735000001,46.04167035
80.0,8.95833404999999,46.04167035
98.0,11.45833425,46.04167035
93.0,14.79166785,46.04167035
97.0,16.45833465,46.04167035
97.0,17.29166805,46.04167035
107.0,24.37500195,46.04167035
107.0,24.79166865,46.04167035
99.0,25.62500205,46.04167035
97.0,27.70833555,46.04167035
81.0,38.54166975,46.04167035
84.0,38.95833645,46.04167035
87.0,39.37500315,46.04167035
91.0,39.79166985,46.04167035
94.0,40.20833655,46.04167035
96.0,40.62500325,46.04167035
98.0,41.04166995,46.04167035
98.0,41.87500335,46.04167035
110.0,53.54167095,46.04167035
111.0,53.95833765,46.04167035
111.0,54.37500435,46.04167035
112.0,54.79167105,46.04167035
120.0,83.54167335,46.04167035
113.0,84.37500675,46.04167035
115.0,84.79167345,46.04167035
153.0,91.45834065,46.04167035
141.0,92.29167405,46.04167035
107.0,133.12501065,46.04167035
111.0,133.54167735,46.04167035
144.0,-116.87500935,45.62500365
153.0,-113.12500905,45.62500365
153.0,-112.70834235,45.62500365
96.0,-0.208333350000004,45.62500365
102.0,0.625000050000011,45.62500365
103.0,1.04166674999999,45.62500365
100.0,1.87500015000001,45.62500365
100.0,2.29166685000001,45.62500365
96.0,2.70833354999999,45.62500365
102.0,3.12500025,45.62500365
99.0,5.62500045000002,45.62500365
91.0,10.20833415,45.62500365
96.0,10.62500085,45.62500365
78.0,11.04166755,45.62500365
96.0,11.87500095,45.62500365
99.0,16.45833465,45.62500365
94.0,23.12500185,45.62500365
105.0,24.37500195,45.62500365
98.0,26.04166875,45.62500365
99.0,27.29166885,45.62500365
83.0,38.95833645,45.62500365
87.0,39.37500315,45.62500365
90.0,39.79166985,45.62500365
101.0,41.04166995,45.62500365
98.0,43.12500345,45.62500365
119.0,66.45833865,45.62500365
121.0,66.87500535,45.62500365
125.0,67.70833875,45.62500365
129.0,80.20833975,45.62500365
147.0,91.87500735,45.62500365
140.0,92.70834075,45.62500365
161.0,-116.04167595,45.20833695
170.0,-107.29167525,45.20833695
99.0,2.70833354999999,45.20833695
95.0,9.79166745000001,45.20833695
88.0,11.04166755,45.20833695
85.0,11.45833425,45.20833695
100.0,26.87500215,45.20833695
68.0,29.37500235,45.20833695
86.0,39.37500315,45.20833695
123.0,66.87500535,45.20833695
117.0,79.79167305,45.20833695
109.0,132.29167725,45.20833695
106.0,132.70834395,45.20833695
105.0,133.12501065,45.20833695
148.0,-112.29167565,44.79167025
97.0,3.12500025,44.79167025
90.0,4.37500034999999,44.79167025
82.0,7.70833395,44.79167025
76.0,15.20833455,44.79167025
82.0,16.04166795,44.79167025
106.0,17.29166805,44.79167025
105.0,24.79166865,44.79167025
107.0,25.62500205,44.79167025
104.0,26.45833545,44.79167025
100.0,26.87500215,44.79167025
84.0,39.37500315,44.79167025
104.0,41.04166995,44.79167025
100.0,44.37500355,44.79167025
99.0,44.79167025,44.79167025
108.0,132.29167725,44.79167025
104.0,132.70834395,44.79167025
102.0,133.12501065,44.79167025
138.0,-103.54167495,44.37500355
104.0,1.04166674999999,44.37500355
100.0,3.95833365000001,44.37500355
76.0,11.04166755,44.37500355
-9999.0,14.37500115,44.37500355
90.0,14.79166785,44.37500355
104.0,18.12500145,44.37500355
100.0,20.20833495,44.37500355
95.0,23.12500185,44.37500355
106.0,24.79166865,44.37500355
-9999.0,29.79166905,44.37500355
100.0,41.04166995,44.37500355
126.0,66.87500535,44.37500355
95.0,135.62501085,44.37500355
-9999.0,136.04167755,44.37500355
175.0,-114.79167585,43.95833685
164.0,-110.62500885,43.95833685
102.0,1.04166674999999,43.95833685
101.0,1.87500015000001,43.95833685
102.0,2.29166685000001,43.95833685
103.0,2.70833354999999,43.95833685
98.0,3.54166695000001,43.95833685
92.0,16.04166795,43.95833685
104.0,19.37500155,43.95833685
94.0,23.12500185,43.95833685
97.0,23.54166855,43.95833685
102.0,23.95833525,43.95833685
105.0,24.79166865,43.95833685
105.0,25.62500205,43.95833685
105.0,26.04166875,43.95833685
95.0,40.20833655,43.95833685
99.0,41.04166995,43.95833685
102.0,41.87500335,43.95833685
101.0,44.37500355,43.95833685
-9999.0,48.12500385,43.95833685
89.0,83.54167335,43.95833685
88.0,84.37500675,43.95833685
99.0,85.20834015,43.95833685
109.0,85.62500685,43.95833685
111.0,86.04167355,43.95833685
132.0,92.29167405,43.95833685
159.0,-115.62500925,43.54167015
161.0,-108.95834205,43.54167015
160.0,-108.12500865,43.54167015
-9999.0,-5.20833375000001,43.54167015
-9999.0,-3.54166695000001,43.54167015
99.0,3.12500025,43.54167015
99.0,4.79166705,43.54167015
91.0,6.45833385,43.54167015
-9999.0,8.12500065,43.54167015
-9999.0,10.20833415,43.54167015
81.0,16.45833465,43.54167015
86.0,19.79166825,43.54167015
102.0,24.37500195,43.54167015
91.0,40.20833655,43.54167015
103.0,40.62500325,43.54167015
107.0,41.87500335,43.54167015
108.0,42.29167005,43.54167015
76.0,47.70833715,43.54167015
-9999.0,48.12500385,43.54167015
133.0,80.20833975,43.54167015
132.0,80.62500645,43.54167015
100.0,83.54167335,43.54167015
84.0,84.37500675,43.54167015
89.0,84.79167345,43.54167015
112.0,86.45834025,43.54167015
113.0,86.87500695,43.54167015
161.0,-107.70834195,43.12500345
92.0,-6.87500055000001,43.12500345
102.0,-6.04166714999999,43.12500345
102.0,-5.62500044999999,43.12500345
100.0,-5.20833375000001,43.12500345
88.0,-3.54166695000001,43.12500345
85.0,-2.29166684999998,43.12500345
98.0,1.04166674999999,43.12500345
92.0,1.87500015000001,43.12500345
92.0,2.29166685000001,43.12500345
93.0,2.70833354999999,43.12500345
80.0,6.04166714999999,43.12500345
-9999.0,7.29166724999999,43.12500345
72.0,10.62500085,43.12500345
77.0,13.12500105,43.12500345
-9999.0,14.37500115,43.12500345
77.0,16.87500135,43.12500345
85.0,17.29166805,43.12500345
87.0,20.20833495,43.12500345
86.0,20.62500165,43.12500345
110.0,21.87500175,43.12500345
92.0,26.87500215,43.12500345
101.0,41.45833665,43.12500345
110.0,42.29167005,43.12500345
111.0,42.70833675,43.12500345
112.0,43.12500345,43.12500345
-9999.0,48.12500385,43.12500345
114.0,80.62500645,43.12500345
125.0,81.04167315,43.12500345
128.0,81.87500655,43.12500345
96.0,83.12500665,43.12500345
89.0,83.54167335,43.12500345
83.0,84.37500675,43.12500345
96.0,85.20834015,43.12500345
-9999.0,131.87501055,43.12500345
79.0,132.70834395,43.12500345
83.0,133.54167735,43.12500345
83.0,134.37501075,43.12500345
-9999.0,134.79167745,43.12500345
140.0,-107.70834195,42.70833675
141.0,-106.45834185,42.70833675
145.0,-106.04167515,42.70833675
158.0,-103.12500825,42.70833675
136.0,-98.54167455,42.70833675
-9999.0,10.62500085,42.70833675
-9999.0,16.04166795,42.70833675
95.0,20.62500165,42.70833675
104.0,21.87500175,42.70833675
93.0,24.37500195,42.70833675
95.0,25.20833535,42.70833675
94.0,26.87500215,42.70833675
103.0,41.87500335,42.70833675
112.0,42.70833675,42.70833675
111.0,43.95833685,42.70833675
108.0,44.79167025,42.70833675
106.0,45.20833695,42.70833675
99.0,46.04167035,42.70833675
119.0,81.04167315,42.70833675
114.0,81.87500655,42.70833675
106.0,82.29167325,42.70833675
95.0,131.04167715,42.70833675
77.0,133.12501065,42.70833675
-9999.0,133.54167735,42.70833675
-9999.0,133.95834405,42.70833675
173.0,-116.87500935,42.29167005
173.0,-115.62500925,42.29167005
137.0,-106.45834185,42.29167005
135.0,-105.62500845,42.29167005
139.0,-98.54167455,42.29167005
114.0,-6.04166714999999,42.29167005
116.0,-5.62500044999999,42.29167005
114.0,-5.20833375000001,42.29167005
105.0,-1.87500015000001,42.29167005
106.0,-1.45833345,42.29167005
104.0,-1.04166674999999,42.29167005
88.0,-0.208333350000004,42.29167005
103.0,0.208333350000004,42.29167005
81.0,3.12500025,42.29167005
-9999.0,14.79166785,42.29167005
-9999.0,15.20833455,42.29167005
-9999.0,17.70833475,42.29167005
-9999.0,18.12500145,42.29167005
89.0,21.04166835,42.29167005
107.0,21.87500175,42.29167005
102.0,24.37500195,42.29167005
102.0,24.79166865,42.29167005
103.0,26.45833545,42.29167005
99.0,26.87500215,42.29167005
106.0,45.20833695,42.29167005
100.0,130.62501045,42.29167005
162.0,-104.79167505,41.87500335
156.0,-100.62500805,41.87500335
152.0,-99.79167465,41.87500335
126.0,-96.04167435,41.87500335
114.0,-6.04166714999999,41.87500335
116.0,-5.62500044999999,41.87500335
107.0,-1.45833345,41.87500335
104.0,-1.04166674999999,41.87500335
103.0,-0.625000050000011,41.87500335
105.0,-0.208333350000004,41.87500335
109.0,0.208333350000004,41.87500335
106.0,0.625000050000011,41.87500335
97.0,1.04166674999999,41.87500335
84.0,1.45833345,41.87500335
68.0,13.54166775,41.87500335
71.0,14.79166785,41.87500335
73.0,15.20833455,41.87500335
94.0,24.37500195,41.87500335
97.0,24.79166865,41.87500335
103.0,25.62500205,41.87500335
106.0,26.04166875,41.87500335
96.0,47.70833715,41.87500335
112.0,122.70834315,41.87500335
111.0,123.12500985,41.87500335
156.0,-121.87500975,41.45833665
139.0,-106.45834185,41.45833665
152.0,-104.79167505,41.45833665
128.0,-97.29167445,41.45833665
105.0,-1.45833345,41.45833665
103.0,-1.04166674999999,41.45833665
103.0,-0.625000050000011,41.45833665
104.0,-0.208333350000004,41.45833665
109.0,0.208333350000004,41.45833665
109.0,0.625000050000011,41.45833665
72.0,1.87500015000001,41.45833665
-9999.0,8.54166735000001,41.45833665
-9999.0,8.95833404999999,41.45833665
97.0,12.70833435,41.45833665
85.0,13.95833445,41.45833665
73.0,14.79166785,41.45833665
84.0,15.20833455,41.45833665
104.0,15.62500125,41.45833665
-9999.0,19.37500155,41.45833665
110.0,21.45833505,41.45833665
108.0,22.29166845,41.45833665
107.0,22.70833515,41.45833665
102.0,23.12500185,41.45833665
96.0,25.20833535,41.45833665
101.0,25.62500205,41.45833665
103.0,26.04166875,41.45833665
110.0,26.45833545,41.45833665
115.0,26.87500215,41.45833665
101.0,27.70833555,41.45833665
89.0,28.12500225,41.45833665
-9999.0,28.95833565,41.45833665
-9999.0,29.79166905,41.45833665
-9999.0,30.20833575,41.45833665
134.0,79.37500635,41.45833665
140.0,80.20833975,41.45833665
107.0,122.29167645,41.45833665
108.0,122.70834315,41.45833665
143.0,-108.95834205,41.04166995
148.0,-106.87500855,41.04166995
148.0,-105.62500845,41.04166995
133.0,-98.12500785,41.04166995
118.0,-5.62500044999999,41.04166995
116.0,-5.20833375000001,41.04166995
113.0,-2.29166684999998,41.04166995
109.0,-1.87500015000001,41.04166995
102.0,-1.45833345,41.04166995
97.0,-1.04166674999999,41.04166995
97.0,-0.625000050000011,41.04166995
100.0,-0.208333350000004,41.04166995
101.0,0.208333350000004,41.04166995
-9999.0,2.29166685000001,41.04166995
-9999.0,8.12500065,41.04166995
-9999.0,8.54166735000001,41.04166995
68.0,8.95833404999999,41.04166995
-9999.0,13.12500105,41.04166995
-9999.0,18.12500145,41.04166995
-9999.0,19.37500155,41.04166995
100.0,21.87500175,41.04166995
105.0,22.70833515,41.04166995
100.0,23.54166855,41.04166995
99.0,23.95833525,41.04166995
96.0,24.79166865,41.04166995
101.0,26.04166875,41.04166995
108.0,26.87500215,41.04166995
92.0,27.70833555,41.04166995
112.0,44.79167025,41.04166995
110.0,45.20833695,41.04166995
101.0,46.04167035,41.04166995
91.0,48.54167055,41.04166995
107.0,77.29167285,41.04166995
107.0,77.70833955,41.04166995
131.0,79.37500635,41.04166995
101.0,121.87500975,41.04166995
-9999.0,141.45834465,41.04166995
126.0,-110.20834215,40.62500325
174.0,-106.87500855,40.62500325
103.0,-6.45833385,40.62500325
109.0,-6.04166714999999,40.62500325
115.0,-5.62500044999999,40.62500325
113.0,-5.20833375000001,40.62500325
110.0,-4.79166705,40.62500325
103.0,-3.95833364999999,40.62500325
104.0,-3.54166695000001,40.62500325
94.0,-0.625000050000011,40.62500325
93.0,-0.208333350000004,40.62500325
-9999.0,8.12500065,40.62500325
80.0,8.95833404999999,40.62500325
69.0,9.37500075,40.62500325
-9999.0,9.79166745000001,40.62500325
-9999.0,10.20833415,40.62500325
-9999.0,13.95833445,40.62500325
-9999.0,14.79166785,40.62500325
89.0,17.29166805,40.62500325
-9999.0,18.54166815,40.62500325
-9999.0,18.95833485,40.62500325
82.0,19.37500155,40.62500325
104.0,21.87500175,40.62500325
111.0,22.29166845,40.62500325
104.0,22.70833515,40.62500325
99.0,23.12500185,40.62500325
97.0,23.54166855,40.62500325
101.0,26.87500215,40.62500325
-9999.0,27.29166885,40.62500325
88.0,27.70833555,40.62500325
-9999.0,28.54166895,40.62500325
91.0,28.95833565,40.62500325
92.0,29.79166905,40.62500325
92.0,30.20833575,40.62500325
102.0,46.04167035,40.62500325
75.0,50.62500405,40.62500325
128.0,66.87500535,40.62500325
111.0,76.87500615,40.62500325
115.0,77.29167285,40.62500325
127.0,78.54167295,40.62500325
-9999.0,129.79167705,40.62500325
-9999.0,141.45834465,40.62500325
-9999.0,141.87501135,40.62500325
146.0,-112.70834235,40.20833655
160.0,-105.20834175,40.20833655
105.0,-6.45833385,40.20833655
111.0,-6.04166714999999,40.20833655
106.0,-5.62500044999999,40.20833655
113.0,-5.20833375000001,40.20833655
113.0,-4.79166705,40.20833655
99.0,-1.04166674999999,40.20833655
94.0,-0.625000050000011,40.20833655
90.0,-0.208333350000004,40.20833655
-9999.0,3.12500025,40.20833655
-9999.0,3.54166695000001,40.20833655
-9999.0,3.95833365000001,40.20833655
-9999.0,4.37500034999999,40.20833655
-9999.0,8.12500065,40.20833655
82.0,8.54166735000001,40.20833655
84.0,8.95833404999999,40.20833655
76.0,9.37500075,40.20833655
-9999.0,18.95833485,40.20833655
-9999.0,19.37500155,40.20833655
-9999.0,22.70833515,40.20833655
-9999.0,23.12500185,40.20833655
-9999.0,26.45833545,40.20833655
103.0,26.87500215,40.20833655
96.0,27.70833555,40.20833655
100.0,28.54166895,40.20833655
107.0,28.95833565,40.20833655
95.0,48.54167055,40.20833655
70.0,49.79167065,40.20833655
73.0,50.62500405,40.20833655
112.0,54.37500435,40.20833655
127.0,65.20833855,40.20833655
113.0,75.20833935,40.20833655
111.0,75.62500605,40.20833655
117.0,76.04167275,40.20833655
127.0,76.87500615,40.20833655
129.0,77.70833955,40.20833655
128.0,78.12500625,40.20833655
82.0,140.62501125,40.20833655
-9999.0,142.29167805,40.20833655
162.0,-109.79167545,39.79166985
96.0,-8.12500065,39.79166985
97.0,-7.70833395,39.79166985
101.0,-7.29166724999999,39.79166985
102.0,-6.87500055000001,39.79166985
106.0,-6.45833385,39.79166985
111.0,-6.04166714999999,39.79166985
116.0,-5.20833375000001,39.79166985
123.0,-2.29166684999998,39.79166985
111.0,-1.45833345,39.79166985
102.0,-1.04166674999999,39.79166985
85.0,-0.208333350000004,39.79166985
-9999.0,0.208333350000004,39.79166985
-9999.0,2.29166685000001,39.79166985
79.0,2.70833354999999,39.79166985
-9999.0,3.12500025,39.79166985
-9999.0,3.54166695000001,39.79166985
-9999.0,3.95833365000001,39.79166985
-9999.0,4.37500034999999,39.79166985
-9999.0,4.79166705,39.79166985
78.0,8.54166735000001,39.79166985
85.0,8.95833404999999,39.79166985
75.0,9.37500075,39.79166985
-9999.0,16.87500135,39.79166985
-9999.0,18.95833485,39.79166985
-9999.0,19.37500155,39.79166985
99.0,20.20833495,39.79166985
110.0,26.45833545,39.79166985
104.0,26.87500215,39.79166985
107.0,27.70833555,39.79166985
105.0,28.95833565,39.79166985
131.0,38.12500305,39.79166985
127.0,44.79167025,39.79166985
91.0,46.87500375,39.79166985
99.0,52.70833755,39.79166985
114.0,54.37500435,39.79166985
114.0,54.79167105,39.79166985
131.0,64.79167185,39.79166985
130.0,65.20833855,39.79166985
129.0,66.87500535,39.79166985
114.0,74.37500595,39.79166985
115.0,74.79167265,39.79166985
116.0,75.20833935,39.79166985
-9999.0,121.04167635,39.79166985
86.0,123.54167655,39.79166985
-9999.0,128.54167695,39.79166985
77.0,140.20834455,39.79166985
88.0,141.87501135,39.79166985
171.0,-113.12500905,39.37500315
121.0,-94.37500755,39.37500315
97.0,-7.70833395,39.37500315
97.0,-7.29166724999999,39.37500315
106.0,-6.87500055000001,39.37500315
109.0,-6.45833385,39.37500315
112.0,-6.04166714999999,39.37500315
119.0,-5.20833375000001,39.37500315
120.0,-4.79166705,39.37500315
123.0,-3.54166695000001,39.37500315
122.0,-3.12500025,39.37500315
96.0,-0.625000050000011,39.37500315
-9999.0,-0.208333350000004,39.37500315
-9999.0,2.70833354999999,39.37500315
79.0,3.12500025,39.37500315
-9999.0,3.54166695000001,39.37500315
-9999.0,8.12500065,39.37500315
100.0,8.95833404999999,39.37500315
77.0,9.37500075,39.37500315
-9999.0,17.29166805,39.37500315
-9999.0,19.79166825,39.37500315
-9999.0,20.20833495,39.37500315
-9999.0,25.62500205,39.37500315
-9999.0,26.45833545,39.37500315
105.0,27.29166885,39.37500315
114.0,27.70833555,39.37500315
117.0,28.12500225,39.37500315
135.0,37.70833635,39.37500315
110.0,38.12500305,39.37500315
85.0,48.95833725,39.37500315
133.0,64.79167185,39.37500315
131.0,65.20833855,39.37500315
131.0,65.62500525,39.37500315
122.0,66.87500535,39.37500315
105.0,74.37500595,39.37500315
124.0,75.20833935,39.37500315
125.0,75.62500605,39.37500315
160.0,91.04167395,39.37500315
-9999.0,121.04167635,39.37500315
77.0,122.29167645,39.37500315
-9999.0,122.70834315,39.37500315
-9999.0,123.12500985,39.37500315
84.0,140.62501125,39.37500315
-9999.0,142.29167805,39.37500315
156.0,-121.87500975,38.95833645
171.0,-113.54167575,38.95833645
95.0,-8.12500065,38.95833645
100.0,-7.70833395,38.95833645
108.0,-7.29166724999999,38.95833645
116.0,-6.87500055000001,38.95833645
116.0,-6.45833385,38.95833645
117.0,-6.04166714999999,38.95833645
122.0,-5.20833375000001,38.95833645
122.0,-2.29166684999998,38.95833645
-9999.0,1.87500015000001,38.95833645
-9999.0,3.12500025,38.95833645
-9999.0,8.54166735000001,38.95833645
85.0,8.95833404999999,38.95833645
-9999.0,9.79166745000001,38.95833645
-9999.0,15.20833455,38.95833645
-9999.0,16.04166795,38.95833645
-9999.0,17.29166805,38.95833645
-9999.0,20.62500165,38.95833645
109.0,21.45833505,38.95833645
106.0,22.70833515,38.95833645
98.0,23.12500185,38.95833645
-9999.0,23.54166855,38.95833645
-9999.0,25.20833535,38.95833645
-9999.0,25.62500205,38.95833645
101.0,26.87500215,38.95833645
125.0,27.70833555,38.95833645
122.0,33.12500265,38.95833645
119.0,33.54166935,38.95833645
132.0,37.70833635,38.95833645
107.0,47.29167045,38.95833645
120.0,56.45833785,38.95833645
141.0,63.95833845,38.95833645
138.0,64.37500515,38.95833645
135.0,64.79167185,38.95833645
132.0,65.20833855,38.95833645
131.0,65.62500525,38.95833645
138.0,77.70833955,38.95833645
140.0,78.12500625,38.95833645
73.0,121.87500975,38.95833645
-9999.0,122.29167645,38.95833645
-9999.0,122.70834315,38.95833645
-9999.0,123.12500985,38.95833645
-9999.0,123.54167655,38.95833645
-9999.0,139.37501115,38.95833645
82.0,140.20834455,38.95833645
83.0,140.62501125,38.95833645
84.0,141.04167795,38.95833645
-9999.0,141.87501135,38.95833645
179.0,-117.70834275,38.54166975
179.0,-117.29167605,38.54166975
167.0,-116.87500935,38.54166975
165.0,-116.45834265,38.54166975
172.0,-116.04167595,38.54166975
149.0,-109.79167545,38.54166975
104.0,-7.70833395,38.54166975
111.0,-7.29166724999999,38.54166975
114.0,-6.87500055000001,38.54166975
117.0,-6.45833385,38.54166975
118.0,-6.04166714999999,38.54166975
124.0,-5.20833375000001,38.54166975
124.0,-3.95833364999999,38.54166975
121.0,-2.70833354999999,38.54166975
122.0,-2.29166684999998,38.54166975
118.0,-1.45833345,38.54166975
103.0,-0.208333350000004,38.54166975
-9999.0,1.45833345,38.54166975
-9999.0,1.87500015000001,38.54166975
72.0,16.04166795,38.54166975
-9999.0,16.87500135,38.54166975
-9999.0,20.62500165,38.54166975
98.0,21.04166835,38.54166975
101.0,21.45833505,38.54166975
-9999.0,25.62500205,38.54166975
78.0,26.04166875,38.54166975
88.0,26.45833545,38.54166975
101.0,26.87500215,38.54166975
129.0,27.70833555,38.54166975
114.0,28.95833565,38.54166975
116.0,29.37500235,38.54166975
129.0,33.12500265,38.54166975
109.0,53.95833765,38.54166975
113.0,54.37500435,38.54166975
143.0,63.95833845,38.54166975
139.0,64.37500515,38.54166975
135.0,64.79167185,38.54166975
133.0,65.20833855,38.54166975
131.0,65.62500525,38.54166975
138.0,77.29167285,38.54166975
139.0,77.70833955,38.54166975
140.0,78.12500625,38.54166975
142.0,95.62500765,38.54166975
-9999.0,120.62500965,38.54166975
-9999.0,121.04167635,38.54166975
-9999.0,121.45834305,38.54166975
-9999.0,124.37500995,38.54166975
-9999.0,139.37501115,38.54166975
80.0,139.79167785,38.54166975
78.0,141.04167795,38.54166975
132.0,-121.87500975,38.12500305
169.0,-117.70834275,38.12500305
170.0,-117.29167605,38.12500305
164.0,-116.87500935,38.12500305
163.0,-106.87500855,38.12500305
-9999.0,-8.95833404999999,38.12500305
95.0,-8.54166735000001,38.12500305
105.0,-8.12500065,38.12500305
110.0,-7.70833395,38.12500305
109.0,-7.29166724999999,38.12500305
115.0,-6.45833385,38.12500305
121.0,-6.04166714999999,38.12500305
124.0,-5.62500044999999,38.12500305
124.0,-5.20833375000001,38.12500305
124.0,-4.79166705,38.12500305
118.0,-4.37500034999999,38.12500305
116.0,-3.95833364999999,38.12500305
112.0,-3.54166695000001,38.12500305
115.0,-3.12500025,38.12500305
121.0,-2.70833354999999,38.12500305
120.0,-2.29166684999998,38.12500305
117.0,-1.45833345,38.12500305
-9999.0,16.45833465,38.12500305
-9999.0,16.87500135,38.12500305
-9999.0,20.20833495,38.12500305
87.0,20.62500165,38.12500305
-9999.0,21.04166835,38.12500305
93.0,21.45833505,38.12500305
106.0,21.87500175,38.12500305
-9999.0,22.70833515,38.12500305
-9999.0,26.04166875,38.12500305
136.0,27.70833555,38.12500305
131.0,28.12500225,38.12500305
116.0,28.54166895,38.12500305
111.0,28.95833565,38.12500305
121.0,29.79166905,38.12500305
108.0,53.95833765,38.12500305
147.0,63.54167175,38.12500305
139.0,64.37500515,38.12500305
135.0,64.79167185,38.12500305
132.0,65.20833855,38.12500305
131.0,65.62500525,38.12500305
98.0,71.45833905,38.12500305
100.0,72.29167245,38.12500305
89.0,73.12500585,38.12500305
118.0,76.04167275,38.12500305
141.0,95.62500765,38.12500305
134.0,96.87500775,38.12500305
130.0,98.12500785,38.12500305
130.0,98.54167455,38.12500305
126.0,98.95834125,38.12500305
127.0,100.20834135,38.12500305
-9999.0,138.54167775,38.12500305
-9999.0,138.95834445,38.12500305
84.0,139.79167785,38.12500305
88.0,140.20834455,38.12500305
85.0,140.62501125,38.12500305
-9999.0,141.04167795,38.12500305
-9999.0,141.45834465,38.12500305
136.0,-109.79167545,37.70833635
105.0,-7.70833395,37.70833635
100.0,-7.29166724999999,37.70833635
100.0,-6.87500055000001,37.70833635
110.0,-6.45833385,37.70833635
121.0,-6.04166714999999,37.70833635
125.0,-5.62500044999999,37.70833635
122.0,-5.20833375000001,37.70833635
118.0,-4.79166705,37.70833635
114.0,-4.37500034999999,37.70833635
114.0,-3.95833364999999,37.70833635
121.0,-3.54166695000001,37.70833635
115.0,-2.29166684999998,37.70833635
111.0,-1.87500015000001,37.70833635
112.0,-1.45833345,37.70833635
-9999.0,8.95833404999999,37.70833635
-9999.0,9.37500075,37.70833635
-9999.0,9.79166745000001,37.70833635
74.0,12.70833435,37.70833635
70.0,13.12500105,37.70833635
69.0,13.54166775,37.70833635
63.0,13.95833445,37.70833635
65.0,14.37500115,37.70833635
-9999.0,15.62500125,37.70833635
-9999.0,16.04166795,37.70833635
-9999.0,16.45833465,37.70833635
-9999.0,20.62500165,37.70833635
-9999.0,21.04166835,37.70833635
102.0,21.87500175,37.70833635
130.0,28.12500225,37.70833635
115.0,28.54166895,37.70833635
142.0,33.54166935,37.70833635
119.0,41.87500335,37.70833635
119.0,45.20833695,37.70833635
113.0,54.37500435,37.70833635
141.0,62.29167165,37.70833635
144.0,62.70833835,37.70833635
145.0,63.54167175,37.70833635
107.0,71.04167235,37.70833635
106.0,72.29167245,37.70833635
89.0,72.70833915,37.70833635
99.0,73.12500585,37.70833635
137.0,97.29167445,37.70833635
137.0,98.54167455,37.70833635
-9999.0,121.45834305,37.70833635
-9999.0,122.29167645,37.70833635
-9999.0,124.79167665,37.70833635
-9999.0,125.20834335,37.70833635
-9999.0,125.62501005,37.70833635
-9999.0,137.70834435,37.70833635
-9999.0,138.12501105,37.70833635
-9999.0,138.54167775,37.70833635
81.0,139.37501115,37.70833635
87.0,139.79167785,37.70833635
87.0,140.62501125,37.70833635
-9999.0,141.04167795,37.70833635
149.0,-118.54167615,37.29166965
155.0,-118.12500945,37.29166965
146.0,-110.20834215,37.29166965
160.0,-109.79167545,37.29166965
168.0,-109.37500875,37.29166965
98.0,-6.45833385,37.29166965
114.0,-6.04166714999999,37.29166965
119.0,-5.62500044999999,37.29166965
114.0,-5.20833375000001,37.29166965
109.0,-4.79166705,37.29166965
110.0,-4.37500034999999,37.29166965
117.0,-3.95833364999999,37.29166965
95.0,-1.87500015000001,37.29166965
-9999.0,-1.45833345,37.29166965
-9999.0,3.12500025,37.29166965
-9999.0,3.54166695000001,37.29166965
-9999.0,3.95833365000001,37.29166965
-9999.0,4.37500034999999,37.29166965
-9999.0,4.79166705,37.29166965
-9999.0,5.20833375000001,37.29166965
-9999.0,5.62500045000002,37.29166965
-9999.0,6.04166714999999,37.29166965
-9999.0,6.45833385,37.29166965
-9999.0,7.70833395,37.29166965
93.0,9.79166745000001,37.29166965
-9999.0,13.12500105,37.29166965
65.0,13.54166775,37.29166965
65.0,13.95833445,37.29166965
-9999.0,15.20833455,37.29166965
-9999.0,21.45833505,37.29166965
88.0,49.37500395,37.29166965
91.0,49.79167065,37.29166965
91.0,50.20833735,37.29166965
103.0,53.95833765,37.29166965
108.0,54.37500435,37.29166965
140.0,61.45833825,37.29166965
140.0,61.87500495,37.29166965
141.0,62.29167165,37.29166965
142.0,62.70833835,37.29166965
140.0,63.95833845,37.29166965
104.0,71.04167235,37.29166965
108.0,71.45833905,37.29166965
89.0,71.87500575,37.29166965
89.0,72.70833915,37.29166965
93.0,73.12500585,37.29166965
92.0,73.54167255,37.29166965
99.0,74.37500595,37.29166965
142.0,98.95834125,37.29166965
72.0,121.45834305,37.29166965
62.0,122.29167645,37.29166965
-9999.0,138.12501105,37.29166965
85.0,138.54167775,37.29166965
86.0,138.95834445,37.29166965
87.0,139.79167785,37.29166965
94.0,140.20834455,37.29166965
89.0,140.62501125,37.29166965
-9999.0,141.04167795,37.29166965
132.0,-110.62500885,36.87500295
134.0,-110.20834215,36.87500295
175.0,-106.04167515,36.87500295
-9999.0,-8.12500065,36.87500295
-9999.0,-6.45833385,36.87500295
82.0,-6.04166714999999,36.87500295
97.0,-5.62500044999999,36.87500295
107.0,-4.37500034999999,36.87500295
118.0,-3.95833364999999,36.87500295
117.0,-3.54166695000001,36.87500295
117.0,-3.12500025,36.87500295
-9999.0,-1.87500015000001,36.87500295
-9999.0,0.625000050000011,36.87500295
-9999.0,1.04166674999999,36.87500295
-9999.0,1.45833345,36.87500295
-9999.0,1.87500015000001,36.87500295
-9999.0,2.29166685000001,36.87500295
-9999.0,3.12500025,36.87500295
-9999.0,3.54166695000001,36.87500295
81.0,4.37500034999999,36.87500295
73.0,4.79166705,36.87500295
-9999.0,6.04166714999999,36.87500295
87.0,6.45833385,36.87500295
90.0,7.29166724999999,36.87500295
89.0,7.70833395,36.87500295
96.0,8.12500065,36.87500295
-9999.0,13.95833445,36.87500295
-9999.0,14.37500115,36.87500295
76.0,14.79166785,36.87500295
-9999.0,15.62500125,36.87500295
-9999.0,21.45833505,36.87500295
113.0,29.37500235,36.87500295
107.0,31.04166915,36.87500295
113.0,48.95833725,36.87500295
134.0,49.79167065,36.87500295
116.0,50.20833735,36.87500295
97.0,51.04167075,36.87500295
97.0,53.54167095,36.87500295
100.0,53.95833765,36.87500295
102.0,54.37500435,36.87500295
147.0,58.12500465,36.87500295
145.0,58.54167135,36.87500295
143.0,58.95833805,36.87500295
142.0,60.20833815,36.87500295
142.0,62.70833835,36.87500295
93.0,72.29167245,36.87500295
87.0,72.70833915,36.87500295
86.0,73.54167255,36.87500295
88.0,74.37500595,36.87500295
132.0,78.95833965,36.87500295
75.0,121.45834305,36.87500295
-9999.0,121.87500975,36.87500295
62.0,122.29167645,36.87500295
-9999.0,122.70834315,36.87500295
-9999.0,136.45834425,36.87500295
90.0,137.70834435,36.87500295
88.0,138.12501105,36.87500295
97.0,140.20834455,36.87500295
89.0,140.62501125,36.87500295
-9999.0,141.04167795,36.87500295
142.0,-117.70834275,36.45833625
97.0,-5.20833375000001,36.45833625
-9999.0,-4.37500034999999,36.45833625
-9999.0,-3.95833364999999,36.45833625
-9999.0,-2.70833354999999,36.45833625
-9999.0,-0.208333350000004,36.45833625
78.0,2.29166685000001,36.45833625
93.0,3.12500025,36.45833625
97.0,3.54166695000001,36.45833625
103.0,3.95833365000001,36.45833625
106.0,4.37500034999999,36.45833625
95.0,4.79166705,36.45833625
92.0,5.20833375000001,36.45833625
103.0,6.45833385,36.45833625
119.0,7.70833395,36.45833625
134.0,8.54166735000001,36.45833625
130.0,8.95833404999999,36.45833625
124.0,9.37500075,36.45833625
113.0,10.20833415,36.45833625
109.0,10.62500085,36.45833625
-9999.0,14.37500115,36.45833625
-9999.0,24.37500195,36.45833625
-9999.0,24.79166865,36.45833625
120.0,29.37500235,36.45833625
-9999.0,30.62500245,36.45833625
-9999.0,31.04166915,36.45833625
112.0,41.87500335,36.45833625
141.0,49.37500395,36.45833625
144.0,49.79167065,36.45833625
139.0,50.20833735,36.45833625
140.0,50.62500405,36.45833625
140.0,51.04167075,36.45833625
122.0,51.45833745,36.45833625
120.0,51.87500415,36.45833625
95.0,52.29167085,36.45833625
91.0,52.70833755,36.45833625
148.0,58.95833805,36.45833625
95.0,71.04167235,36.45833625
83.0,71.87500575,36.45833625
89.0,72.29167245,36.45833625
99.0,74.37500595,36.45833625
141.0,88.54167375,36.45833625
143.0,88.95834045,36.45833625
143.0,90.62500725,36.45833625
144.0,91.04167395,36.45833625
150.0,95.62500765,36.45833625
149.0,96.04167435,36.45833625
76.0,120.62500965,36.45833625
-9999.0,121.04167635,36.45833625
-9999.0,121.45834305,36.45833625
-9999.0,133.54167735,36.45833625
-9999.0,136.45834425,36.45833625
106.0,138.12501105,36.45833625
104.0,138.54167775,36.45833625
99.0,140.20834455,36.45833625
136.0,-118.12500945,36.04166955
151.0,-117.70834275,36.04166955
163.0,-106.87500855,36.04166955
-9999.0,-6.45833385,36.04166955
79.0,-5.62500044999999,36.04166955
-9999.0,-5.20833375000001,36.04166955
-9999.0,-0.208333350000004,36.04166955
69.0,0.208333350000004,36.04166955
74.0,0.625000050000011,36.04166955
71.0,1.04166674999999,36.04166955
135.0,8.54166735000001,36.04166955
-9999.0,14.37500115,36.04166955
-9999.0,14.79166785,36.04166955
-9999.0,28.12500225,36.04166955
-9999.0,29.37500235,36.04166955
-9999.0,29.79166905,36.04166955
-9999.0,30.20833575,36.04166955
-9999.0,30.62500245,36.04166955
-9999.0,33.12500265,36.04166955
147.0,39.79166985,36.04166955
145.0,49.79167065,36.04166955
141.0,50.20833735,36.04166955
138.0,50.62500405,36.04166955
146.0,51.04167075,36.04166955
150.0,51.45833745,36.04166955
151.0,51.87500415,36.04166955
142.0,52.29167085,36.04166955
146.0,52.70833755,36.04166955
145.0,59.79167145,36.04166955
145.0,61.87500495,36.04166955
141.0,63.12500505,36.04166955
86.0,71.04167235,36.04166955
89.0,71.87500575,36.04166955
84.0,72.70833915,36.04166955
83.0,73.12500585,36.04166955
111.0,76.87500615,36.04166955
115.0,77.29167285,36.04166955
142.0,88.12500705,36.04166955
143.0,88.54167375,36.04166955
143.0,91.87500735,36.04166955
147.0,92.29167405,36.04166955
141.0,93.54167415,36.04166955
139.0,93.95834085,36.04166955
-9999.0,121.04167635,36.04166955
76.0,136.04167755,36.04166955
81.0,136.45834425,36.04166955
99.0,139.37501115,36.04166955
-9999.0,141.04167795,36.04166955
154.0,-118.95834285,35.62500285
134.0,-115.20834255,35.62500285
-9999.0,-6.45833385,35.62500285
-9999.0,-1.87500015000001,35.62500285
-9999.0,-1.45833345,35.62500285
66.0,-0.208333350000004,35.62500285
127.0,7.70833395,35.62500285
133.0,9.37500075,35.62500285
-9999.0,14.79166785,35.62500285
-9999.0,23.12500185,35.62500285
-9999.0,23.95833525,35.62500285
-9999.0,24.37500195,35.62500285
-9999.0,24.79166865,35.62500285
-9999.0,25.62500205,35.62500285
-9999.0,33.12500265,35.62500285
130.0,51.04167075,35.62500285
131.0,51.45833745,35.62500285
143.0,51.87500415,35.62500285
147.0,52.29167085,35.62500285
147.0,52.70833755,35.62500285
153.0,58.12500465,35.62500285
154.0,58.54167135,35.62500285
150.0,58.95833805,35.62500285
149.0,59.37500475,35.62500285
148.0,60.20833815,35.62500285
148.0,65.20833855,35.62500285
82.0,71.04167235,35.62500285
112.0,71.87500575,35.62500285
89.0,73.12500585,35.62500285
101.0,73.54167255,35.62500285
-9999.0,133.12501065,35.62500285
-9999.0,133.95834405,35.62500285
91.0,134.79167745,35.62500285
85.0,135.20834415,35.62500285
75.0,136.04167755,35.62500285
82.0,136.87501095,35.62500285
107.0,138.95834445,35.62500285
95.0,139.37501115,35.62500285
76.0,139.79167785,35.62500285
78.0,140.20834455,35.62500285
-9999.0,140.62501125,35.62500285
-9999.0,141.04167795,35.62500285
-9999.0,-121.04167635,35.20833615
149.0,-118.95834285,35.20833615
162.0,-102.29167485,35.20833615
112.0,-5.62500044999999,35.20833615
119.0,-5.20833375000001,35.20833615
107.0,-4.79166705,35.20833615
-9999.0,-2.29166684999998,35.20833615
-9999.0,-1.87500015000001,35.20833615
85.0,0.625000050000011,35.20833615
83.0,11.04166755,35.20833615
76.0,24.79166865,35.20833615
59.0,25.20833535,35.20833615
58.0,25.62500205,35.20833615
-9999.0,32.29166925,35.20833615
-9999.0,32.70833595,35.20833615
128.0,33.12500265,35.20833615
-9999.0,34.79166945,35.20833615
147.0,49.79167065,35.20833615
137.0,51.04167075,35.20833615
159.0,52.29167085,35.20833615
153.0,57.29167125,35.20833615
151.0,58.54167135,35.20833615
151.0,61.04167155,35.20833615
105.0,71.45833905,35.20833615
80.0,72.70833915,35.20833615
112.0,77.29167285,35.20833615
120.0,77.70833955,35.20833615
123.0,78.12500625,35.20833615
146.0,101.87500815,35.20833615
146.0,102.29167485,35.20833615
145.0,102.70834155,35.20833615
103.0,107.29167525,35.20833615
99.0,107.70834195,35.20833615
98.0,108.12500865,35.20833615
101.0,109.37500875,35.20833615
-9999.0,119.79167625,35.20833615
-9999.0,132.29167725,35.20833615
81.0,132.70834395,35.20833615
87.0,133.54167735,35.20833615
85.0,133.95834405,35.20833615
83.0,135.62501085,35.20833615
83.0,136.04167755,35.20833615
83.0,136.45834425,35.20833615
92.0,137.29167765,35.20833615
93.0,137.70834435,35.20833615
-9999.0,139.79167785,35.20833615
-9999.0,-121.04167635,34.79166945
-9999.0,-6.87500055000001,34.79166945
-9999.0,-6.45833385,34.79166945
121.0,-5.62500044999999,34.79166945
121.0,-5.20833375000001,34.79166945
124.0,-4.37500034999999,34.79166945
125.0,-3.95833364999999,34.79166945
109.0,-3.54166695000001,34.79166945
107.0,-3.12500025,34.79166945
123.0,-1.87500015000001,34.79166945
110.0,-1.04166674999999,34.79166945
108.0,1.87500015000001,34.79166945
111.0,2.29166685000001,34.79166945
118.0,2.70833354999999,34.79166945
122.0,6.04166714999999,34.79166945
-9999.0,11.04166755,34.79166945
-9999.0,23.95833525,34.79166945
-9999.0,24.79166865,34.79166945
-9999.0,25.20833535,34.79166945
-9999.0,33.54166935,34.79166945
-9999.0,34.37500275,34.79166945
143.0,49.79167065,34.79166945
151.0,51.87500415,34.79166945
156.0,52.29167085,34.79166945
153.0,56.87500455,34.79166945
157.0,57.29167125,34.79166945
155.0,57.70833795,34.79166945
134.0,63.54167175,34.79166945
109.0,72.70833915,34.79166945
132.0,78.12500625,34.79166945
145.0,99.79167465,34.79166945
139.0,103.12500825,34.79166945
95.0,107.29167525,34.79166945
92.0,107.70834195,34.79166945
94.0,108.12500865,34.79166945
98.0,108.54167535,34.79166945
105.0,108.95834205,34.79166945
-9999.0,119.37500955,34.79166945
-9999.0,119.79167625,34.79166945
-9999.0,120.20834295,34.79166945
-9999.0,131.45834385,34.79166945
-9999.0,131.87501055,34.79166945
78.0,132.29167725,34.79166945
92.0,133.54167735,34.79166945
95.0,133.95834405,34.79166945
89.0,135.62501085,34.79166945
81.0,136.87501095,34.79166945
77.0,138.12501105,34.79166945
-9999.0,138.54167775,34.79166945
70.0,138.95834445,34.79166945
-9999.0,-6.87500055000001,34.37500275
103.0,-6.45833385,34.37500275
119.0,-6.04166714999999,34.37500275
124.0,-5.62500044999999,34.37500275
125.0,-5.20833375000001,34.37500275
126.0,-4.79166705,34.37500275
122.0,-4.37500034999999,34.37500275
123.0,-3.95833364999999,34.37500275
113.0,-3.12500025,34.37500275
112.0,-0.625000050000011,34.37500275
114.0,1.87500015000001,34.37500275
126.0,2.70833354999999,34.37500275
133.0,3.54166695000001,34.37500275
133.0,3.95833365000001,34.37500275
128.0,4.79166705,34.37500275
129.0,6.87500055000001,34.37500275
129.0,7.29166724999999,34.37500275
-9999.0,33.12500265,34.37500275
-9999.0,35.20833615,34.37500275
109.0,36.04166955,34.37500275
143.0,50.20833735,34.37500275
147.0,51.87500415,34.37500275
151.0,52.29167085,34.37500275
150.0,52.70833755,34.37500275
146.0,53.12500425,34.37500275
144.0,53.54167095,34.37500275
143.0,53.95833765,34.37500275
154.0,56.45833785,34.37500275
156.0,56.87500455,34.37500275
158.0,57.29167125,34.37500275
158.0,57.70833795,34.37500275
142.0,63.54167175,34.37500275
88.0,74.79167265,34.37500275
91.0,76.04167275,34.37500275
151.0,102.29167485,34.37500275
145.0,102.70834155,34.37500275
139.0,103.12500825,34.37500275
104.0,108.54167535,34.37500275
107.0,108.95834205,34.37500275
90.0,118.95834285,34.37500275
85.0,119.37500955,34.37500275
-9999.0,125.62501005,34.37500275
-9999.0,126.45834345,34.37500275
80.0,131.87501055,34.37500275
82.0,132.29167725,34.37500275
85.0,132.70834395,34.37500275
92.0,133.12501065,34.37500275
75.0,134.79167745,34.37500275
85.0,136.45834425,34.37500275
76.0,136.87501095,34.37500275
-9999.0,137.70834435,34.37500275
-9999.0,138.54167775,34.37500275
-9999.0,-7.70833395,33.95833605
-9999.0,-7.29166724999999,33.95833605
104.0,-6.87500055000001,33.95833605
117.0,-6.45833385,33.95833605
126.0,-6.04166714999999,33.95833605
132.0,-5.62500044999999,33.95833605
136.0,-5.20833375000001,33.95833605
117.0,-0.625000050000011,33.95833605
111.0,0.208333350000004,33.95833605
112.0,0.625000050000011,33.95833605
126.0,2.29166685000001,33.95833605
129.0,2.70833354999999,33.95833605
131.0,3.12500025,33.95833605
134.0,3.54166695000001,33.95833605
135.0,3.95833365000001,33.95833605
135.0,4.37500034999999,33.95833605
134.0,5.20833375000001,33.95833605
133.0,6.04166714999999,33.95833605
133.0,6.45833385,33.95833605
133.0,6.87500055000001,33.95833605
132.0,7.29166724999999,33.95833605
129.0,7.70833395,33.95833605
130.0,8.54166735000001,33.95833605
-9999.0,10.20833415,33.95833605
148.0,49.79167065,33.95833605
153.0,52.29167085,33.95833605
146.0,53.54167095,33.95833605
149.0,54.79167105,33.95833605
154.0,56.04167115,33.95833605
161.0,57.29167125,33.95833605
162.0,58.54167135,33.95833605
128.0,78.95833965,33.95833605
139.0,94.37500755,33.95833605
151.0,102.70834155,33.95833605
144.0,103.12500825,33.95833605
-9999.0,126.45834345,33.95833605
-9999.0,129.37501035,33.95833605
-9999.0,130.20834375,33.95833605
-9999.0,131.04167715,33.95833605
-9999.0,131.45834385,33.95833605
-9999.0,132.29167725,33.95833605
-9999.0,133.12501065,33.95833605
85.0,133.54167735,33.95833605
71.0,133.95834405,33.95833605
71.0,135.20834415,33.95833605
71.0,135.62501085,33.95833605
78.0,136.04167755,33.95833605
-9999.0,136.87501095,33.95833605
-9999.0,139.37501115,33.95833605
97.0,-7.70833395,33.54166935
144.0,-5.62500044999999,33.54166935
120.0,0.625000050000011,33.54166935
139.0,3.54166695000001,33.54166935
139.0,4.79166705,33.54166935
137.0,6.87500055000001,33.54166935
159.0,46.45833705,33.54166935
149.0,52.70833755,33.54166935
149.0,53.12500425,33.54166935
151.0,53.54167095,33.54166935
148.0,53.95833765,33.54166935
150.0,54.37500435,33.54166935
152.0,54.79167105,33.54166935
150.0,55.20833775,33.54166935
153.0,55.62500445,33.54166935
157.0,56.04167115,33.54166935
161.0,56.45833785,33.54166935
162.0,56.87500455,33.54166935
168.0,57.29167125,33.54166935
164.0,57.70833795,33.54166935
161.0,58.95833805,33.54166935
161.0,59.37500475,33.54166935
104.0,74.37500595,33.54166935
126.0,78.12500625,33.54166935
141.0,78.95833965,33.54166935
139.0,88.54167375,33.54166935
142.0,91.04167395,33.54166935
150.0,92.29167405,33.54166935
138.0,94.37500755,33.54166935
135.0,94.79167425,33.54166935
140.0,96.45834105,33.54166935
138.0,98.54167455,33.54166935
155.0,102.70834155,33.54166935
149.0,103.12500825,33.54166935
-9999.0,121.04167635,33.54166935
-9999.0,126.87501015,33.54166935
-9999.0,129.37501035,33.54166935
-9999.0,131.87501055,33.54166935
-9999.0,132.29167725,33.54166935
89.0,133.54167735,33.54166935
-9999.0,134.79167745,33.54166935
-9999.0,135.20834415,33.54166935
-9999.0,-8.95833404999999,33.12500265
151.0,-6.04166714999999,33.12500265
139.0,-4.37500034999999,33.12500265
138.0,-3.12500025,33.12500265
136.0,-1.87500015000001,33.12500265
134.0,-1.45833345,33.12500265
128.0,-0.208333350000004,33.12500265
125.0,0.625000050000011,33.12500265
141.0,3.54166695000001,33.12500265
143.0,4.79166705,33.12500265
142.0,6.87500055000001,33.12500265
-9999.0,21.04166835,33.12500265
-9999.0,21.45833505,33.12500265
-9999.0,34.79166945,33.12500265
161.0,46.87500375,33.12500265
161.0,52.70833755,33.12500265
153.0,53.12500425,33.12500265
149.0,53.54167095,33.12500265
151.0,53.95833765,33.12500265
149.0,54.37500435,33.12500265
151.0,54.79167105,33.12500265
154.0,55.20833775,33.12500265
156.0,55.62500445,33.12500265
159.0,56.04167115,33.12500265
163.0,56.45833785,33.12500265
161.0,56.87500455,33.12500265
163.0,57.29167125,33.12500265
163.0,57.70833795,33.12500265
160.0,60.20833815,33.12500265
134.0,79.37500635,33.12500265
147.0,97.70834115,33.12500265
146.0,98.12500785,33.12500265
140.0,98.95834125,33.12500265
142.0,99.37500795,33.12500265
158.0,101.87500815,33.12500265
-9999.0,121.04167635,33.12500265
-9999.0,126.04167675,33.12500265
-9999.0,128.95834365,33.12500265
-9999.0,130.20834375,33.12500265
92.0,131.04167715,33.12500265
-9999.0,131.87501055,33.12500265
74.0,133.12501065,33.12500265
-9999.0,133.54167735,33.12500265
-9999.0,135.62501085,33.12500265
151.0,-113.12500905,32.70833595
90.0,-8.95833404999999,32.70833595
158.0,-6.45833385,32.70833595
143.0,-4.79166705,32.70833595
139.0,-1.87500015000001,32.70833595
138.0,-1.45833345,32.70833595
139.0,-1.04166674999999,32.70833595
137.0,-0.625000050000011,32.70833595
135.0,-0.208333350000004,32.70833595
130.0,0.208333350000004,32.70833595
130.0,0.625000050000011,32.70833595
130.0,1.04166674999999,32.70833595
130.0,1.45833345,32.70833595
132.0,1.87500015000001,32.70833595
134.0,2.29166685000001,32.70833595
138.0,2.70833354999999,32.70833595
141.0,3.12500025,32.70833595
143.0,3.54166695000001,32.70833595
144.0,3.95833365000001,32.70833595
144.0,4.37500034999999,32.70833595
145.0,5.20833375000001,32.70833595
-9999.0,20.62500165,32.70833595
102.0,35.20833615,32.70833595
138.0,36.45833625,32.70833595
146.0,39.37500315,32.70833595
157.0,47.70833715,32.70833595
156.0,53.12500425,32.70833595
150.0,53.54167095,32.70833595
149.0,53.95833765,32.70833595
150.0,54.37500435,32.70833595
150.0,54.79167105,32.70833595
154.0,55.20833775,32.70833595
159.0,55.62500445,32.70833595
160.0,56.04167115,32.70833595
164.0,56.45833785,32.70833595
163.0,56.87500455,32.70833595
163.0,57.29167125,32.70833595
114.0,75.20833935,32.70833595
89.0,76.45833945,32.70833595
140.0,86.04167355,32.70833595
144.0,93.12500745,32.70833595
152.0,102.70834155,32.70833595
140.0,103.54167495,32.70833595
103.0,111.87500895,32.70833595
-9999.0,121.04167635,32.70833595
-9999.0,121.45834305,32.70833595
-9999.0,128.54167695,32.70833595
-9999.0,129.37501035,32.70833595
-9999.0,129.79167705,32.70833595
-9999.0,131.87501055,32.70833595
-9999.0,132.70834395,32.70833595
-9999.0,133.12501065,32.70833595
-9999.0,-9.37500075,32.29166925
111.0,-8.54166735000001,32.29166925
159.0,-5.62500044999999,32.29166925
142.0,-1.87500015000001,32.29166925
141.0,-1.45833345,32.29166925
138.0,-0.625000050000011,32.29166925
137.0,-0.208333350000004,32.29166925
134.0,0.625000050000011,32.29166925
145.0,3.54166695000001,32.29166925
-9999.0,34.37500275,32.29166925
122.0,35.62500285,32.29166925
121.0,36.04166955,32.29166925
155.0,48.95833725,32.29166925
158.0,49.37500395,32.29166925
155.0,54.37500435,32.29166925
155.0,54.79167105,32.29166925
155.0,55.20833775,32.29166925
164.0,59.37500475,32.29166925
160.0,60.20833815,32.29166925
135.0,74.37500595,32.29166925
129.0,75.20833935,32.29166925
123.0,78.95833965,32.29166925
148.0,92.70834075,32.29166925
152.0,101.87500815,32.29166925
140.0,102.70834155,32.29166925
154.0,103.12500825,32.29166925
74.0,120.62500965,32.29166925
69.0,121.04167635,32.29166925
-9999.0,121.45834305,32.29166925
-9999.0,121.87500975,32.29166925
-9999.0,128.54167695,32.29166925
-9999.0,129.79167705,32.29166925
-9999.0,130.20834375,32.29166925
88.0,131.04167715,32.29166925
157.0,-101.04167475,31.87500255
-9999.0,-9.79166745000001,31.87500255
119.0,-8.54166735000001,31.87500255
149.0,-4.37500034999999,31.87500255
139.0,-1.87500015000001,31.87500255
139.0,-1.45833345,31.87500255
140.0,-0.625000050000011,31.87500255
140.0,-0.208333350000004,31.87500255
138.0,0.625000050000011,31.87500255
-9999.0,34.37500275,31.87500255
111.0,34.79166945,31.87500255
132.0,35.62500285,31.87500255
127.0,36.04166955,31.87500255
155.0,48.12500385,31.87500255
160.0,54.79167105,31.87500255
162.0,59.79167145,31.87500255
151.0,69.37500555,31.87500255
144.0,69.79167225,31.87500255
138.0,74.79167265,31.87500255
135.0,75.62500605,31.87500255
120.0,78.95833965,31.87500255
129.0,79.37500635,31.87500255
139.0,85.20834015,31.87500255
144.0,96.87500775,31.87500255
146.0,97.29167445,31.87500255
149.0,98.54167455,31.87500255
152.0,100.62500805,31.87500255
151.0,101.87500815,31.87500255
94.0,111.87500895,31.87500255
86.0,113.95834245,31.87500255
92.0,116.04167595,31.87500255
79.0,119.79167625,31.87500255
76.0,120.20834295,31.87500255
69.0,121.04167635,31.87500255
68.0,121.45834305,31.87500255
101.0,131.04167715,31.87500255
141.0,-1.45833345,31.45833585
143.0,-1.04166674999999,31.45833585
143.0,-0.625000050000011,31.45833585
142.0,-0.208333350000004,31.45833585
142.0,0.208333350000004,31.45833585
151.0,8.95833404999999,31.45833585
90.0,34.37500275,31.45833585
116.0,34.79166945,31.45833585
123.0,35.20833615,31.45833585
137.0,35.62500285,31.45833585
130.0,36.04166955,31.45833585
149.0,49.79167065,31.45833585
146.0,68.95833885,31.45833585
119.0,79.37500635,31.45833585
147.0,96.87500775,31.45833585
156.0,97.29167445,31.45833585
150.0,98.54167455,31.45833585
155.0,100.62500805,31.45833585
152.0,101.04167475,31.45833585
147.0,101.45834145,31.45833585
144.0,101.87500815,31.45833585
89.0,112.29167565,31.45833585
86.0,113.95834245,31.45833585
87.0,114.37500915,31.45833585
91.0,115.62500925,31.45833585
94.0,116.45834265,31.45833585
87.0,116.87500935,31.45833585
82.0,117.29167605,31.45833585
80.0,117.70834275,31.45833585
80.0,118.12500945,31.45833585
80.0,118.54167615,31.45833585
83.0,118.95834285,31.45833585
80.0,119.79167625,31.45833585
77.0,120.20834295,31.45833585
74.0,120.62500965,31.45833585
-9999.0,121.45834305,31.45833585
-9999.0,121.87500975,31.45833585
-9999.0,129.79167705,31.45833585
-9999.0,130.20834375,31.45833585
-9999.0,130.62501045,31.45833585
-9999.0,131.45834385,31.45833585
-9999.0,-116.45834265,31.04166915
168.0,-110.20834215,31.04166915
151.0,-101.87500815,31.04166915
106.0,-9.37500075,31.04166915
127.0,-8.95833404999999,31.04166915
152.0,-8.12500065,31.04166915
173.0,-6.87500055000001,31.04166915
145.0,-1.45833345,31.04166915
80.0,77.70833955,31.04166915
138.0,93.95834085,31.04166915
134.0,94.79167425,31.04166915
134.0,95.62500765,31.04166915
142.0,99.37500795,31.04166915
143.0,99.79167465,31.04166915
146.0,100.62500805,31.04166915
126.0,101.87500815,31.04166915
75.0,109.37500875,31.04166915
86.0,109.79167545,31.04166915
83.0,113.54167575,31.04166915
88.0,114.79167585,31.04166915
87.0,115.20834255,31.04166915
78.0,116.04167595,31.04166915
79.0,116.45834265,31.04166915
79.0,118.54167615,31.04166915
78.0,120.20834295,31.04166915
73.0,121.45834305,31.04166915
-9999.0,121.87500975,31.04166915
-9999.0,122.70834315,31.04166915
-9999.0,-116.04167595,30.62500245
162.0,-115.62500925,30.62500245
175.0,-110.20834215,30.62500245
121.0,-8.95833404999999,30.62500245
134.0,-8.54166735000001,30.62500245
160.0,55.62500445,30.62500245
167.0,66.87500535,30.62500245
154.0,67.29167205,30.62500245
146.0,67.70833875,30.62500245
151.0,68.12500545,30.62500245
148.0,69.37500555,30.62500245
140.0,85.62500685,30.62500245
138.0,96.87500775,30.62500245
141.0,99.37500795,30.62500245
151.0,100.20834135,30.62500245
142.0,100.62500805,30.62500245
128.0,101.87500815,30.62500245
75.0,107.70834195,30.62500245
70.0,109.37500875,30.62500245
77.0,109.79167545,30.62500245
80.0,112.70834235,30.62500245
80.0,113.12500905,30.62500245
80.0,113.54167575,30.62500245
83.0,114.79167585,30.62500245
86.0,115.20834255,30.62500245
85.0,115.62500925,30.62500245
85.0,116.04167595,30.62500245
82.0,116.45834265,30.62500245
76.0,117.29167605,30.62500245
77.0,117.70834275,30.62500245
78.0,119.79167625,30.62500245
78.0,120.62500965,30.62500245
-9999.0,121.45834305,30.62500245
-9999.0,121.87500975,30.62500245
-9999.0,122.29167645,30.62500245
-9999.0,123.12500985,30.62500245
-9999.0,129.79167705,30.62500245
-9999.0,130.20834375,30.62500245
-9999.0,131.45834385,30.62500245
169.0,-110.62500885,30.20833575
174.0,-110.20834215,30.20833575
177.0,-109.79167545,30.20833575
123.0,-8.95833404999999,30.20833575
144.0,-8.54166735000001,30.20833575
164.0,55.62500445,30.20833575
166.0,56.45833785,30.20833575
168.0,56.87500455,30.20833575
143.0,67.29167205,30.20833575
158.0,67.70833875,30.20833575
149.0,68.12500545,30.20833575
160.0,68.54167215,30.20833575
157.0,68.95833885,30.20833575
152.0,69.37500555,30.20833575
108.0,78.54167295,30.20833575
105.0,78.95833965,30.20833575
147.0,86.45834025,30.20833575
135.0,96.87500775,30.20833575
141.0,100.20834135,30.20833575
141.0,101.04167475,30.20833575
135.0,101.45834145,30.20833575
125.0,101.87500815,30.20833575
69.0,108.95834205,30.20833575
71.0,110.20834215,30.20833575
77.0,110.62500885,30.20833575
79.0,112.29167565,30.20833575
76.0,112.70834235,30.20833575
78.0,113.54167575,30.20833575
84.0,114.79167585,30.20833575
84.0,115.20834255,30.20833575
82.0,115.62500925,30.20833575
79.0,116.45834265,30.20833575
78.0,116.87500935,30.20833575
78.0,117.29167605,30.20833575
75.0,118.12500945,30.20833575
75.0,118.54167615,30.20833575
79.0,119.37500955,30.20833575
79.0,119.79167625,30.20833575
80.0,120.20834295,30.20833575
-9999.0,121.45834305,30.20833575
-9999.0,122.29167645,30.20833575
-9999.0,122.70834315,30.20833575
-9999.0,130.62501045,30.20833575
-9999.0,131.04167715,30.20833575
-9999.0,-116.04167595,29.79166905
92.0,-9.79166745000001,29.79166905
167.0,53.95833765,29.79166905
162.0,54.79167105,29.79166905
158.0,55.20833775,29.79166905
160.0,60.20833815,29.79166905
163.0,60.62500485,29.79166905
169.0,66.45833865,29.79166905
157.0,66.87500535,29.79166905
162.0,67.29167205,29.79166905
154.0,68.95833885,29.79166905
152.0,69.37500555,29.79166905
97.0,80.20833975,29.79166905
132.0,93.95834085,29.79166905
128.0,96.87500775,29.79166905
134.0,97.70834115,29.79166905
133.0,101.45834145,29.79166905
120.0,101.87500815,29.79166905
72.0,107.70834195,29.79166905
72.0,109.37500875,29.79166905
71.0,109.79167545,29.79166905
78.0,110.20834215,29.79166905
76.0,110.62500885,29.79166905
78.0,111.04167555,29.79166905
72.0,112.70834235,29.79166905
77.0,116.04167595,29.79166905
79.0,116.45834265,29.79166905
81.0,117.70834275,29.79166905
79.0,118.12500945,29.79166905
78.0,118.54167615,29.79166905
81.0,119.79167625,29.79166905
82.0,120.20834295,29.79166905
-9999.0,130.62501045,29.79166905
137.0,-8.95833404999999,29.37500235
160.0,14.79166785,29.37500235
157.0,54.79167105,29.37500235
158.0,55.20833775,29.37500235
161.0,60.62500485,29.37500235
166.0,61.04167155,29.37500235
171.0,63.95833845,29.37500235
166.0,66.45833865,29.37500235
156.0,66.87500535,29.37500235
123.0,84.37500675,29.37500235
139.0,85.62500685,29.37500235
137.0,93.95834085,29.37500235
129.0,94.37500755,29.37500235
139.0,100.62500805,29.37500235
129.0,101.45834145,29.37500235
68.0,107.70834195,29.37500235
81.0,109.37500875,29.37500235
75.0,110.20834215,29.37500235
74.0,113.54167575,29.37500235
87.0,115.20834255,29.37500235
79.0,116.45834265,29.37500235
80.0,118.12500945,29.37500235
77.0,118.54167615,29.37500235
80.0,119.37500955,29.37500235
82.0,119.79167625,29.37500235
82.0,120.20834295,29.37500235
161.0,60.62500485,28.95833565
163.0,61.04167155,28.95833565
163.0,61.45833825,28.95833565
161.0,61.87500495,28.95833565
170.0,66.04167195,28.95833565
165.0,66.45833865,28.95833565
157.0,66.87500535,28.95833565
132.0,85.20834015,28.95833565
77.0,108.54167535,28.95833565
84.0,109.37500875,28.95833565
78.0,110.20834215,28.95833565
94.0,114.37500915,28.95833565
93.0,114.79167585,28.95833565
84.0,115.20834255,28.95833565
78.0,116.04167595,28.95833565
80.0,116.45834265,28.95833565
89.0,117.29167605,28.95833565
75.0,118.12500945,28.95833565
81.0,118.54167615,28.95833565
77.0,120.62500965,28.95833565
74.0,121.04167635,28.95833565
66.0,121.45834305,28.95833565
-9999.0,121.87500975,28.95833565
139.0,-8.95833404999999,28.54166895
163.0,23.54166855,28.54166895
159.0,60.62500485,28.54166895
157.0,61.04167155,28.54166895
162.0,61.45833825,28.54166895
161.0,61.87500495,28.54166895
168.0,66.04167195,28.54166895
156.0,66.45833865,28.54166895
162.0,66.87500535,28.54166895
150.0,86.45834025,28.54166895
141.0,93.54167415,28.54166895
137.0,101.45834145,28.54166895
72.0,107.70834195,28.54166895
80.0,108.54167535,28.54166895
83.0,108.95834205,28.54166895
83.0,109.37500875,28.54166895
89.0,114.79167585,28.54166895
85.0,115.20834255,28.54166895
79.0,115.62500925,28.54166895
76.0,116.04167595,28.54166895
79.0,116.45834265,28.54166895
86.0,117.29167605,28.54166895
86.0,118.54167615,28.54166895
84.0,118.95834285,28.54166895
86.0,119.37500955,28.54166895
77.0,120.20834295,28.54166895
68.0,121.04167635,28.54166895
172.0,64.37500515,28.12500225
168.0,66.04167195,28.12500225
166.0,66.45833865,28.12500225
143.0,91.45834065,28.12500225
144.0,92.29167405,28.12500225
107.0,102.70834155,28.12500225
100.0,103.12500825,28.12500225
74.0,107.29167525,28.12500225
74.0,108.12500865,28.12500225
77.0,108.54167535,28.12500225
82.0,109.79167545,28.12500225
84.0,110.20834215,28.12500225
75.0,112.70834235,28.12500225
87.0,114.37500915,28.12500225
84.0,115.20834255,28.12500225
77.0,116.04167595,28.12500225
81.0,116.87500935,28.12500225
87.0,117.70834275,28.12500225
87.0,118.54167615,28.12500225
87.0,118.95834285,28.12500225
77.0,120.20834295,28.12500225
71.0,120.62500965,28.12500225
169.0,66.04167195,27.70833555
165.0,66.45833865,27.70833555
136.0,90.62500725,27.70833555
142.0,91.87500735,27.70833555
141.0,92.29167405,27.70833555
121.0,92.70834075,27.70833555
102.0,98.12500785,27.70833555
102.0,103.12500825,27.70833555
77.0,107.29167525,27.70833555
76.0,107.70834195,27.70833555
77.0,108.54167535,27.70833555
81.0,109.79167545,27.70833555
76.0,110.62500885,27.70833555
74.0,111.04167555,27.70833555
81.0,115.62500925,27.70833555
80.0,116.04167595,27.70833555
78.0,116.45834265,27.70833555
80.0,116.87500935,27.70833555
82.0,117.29167605,27.70833555
78.0,117.70834275,27.70833555
86.0,118.12500945,27.70833555
85.0,118.95834285,27.70833555
85.0,119.79167625,27.70833555
-9999.0,121.04167635,27.70833555
-9999.0,121.45834305,27.70833555
77.0,106.87500855,27.29166885
83.0,108.54167535,27.29166885
81.0,109.37500875,27.29166885
80.0,109.79167545,27.29166885
76.0,111.04167555,27.29166885
81.0,116.04167595,27.29166885
89.0,117.29167605,27.29166885
79.0,117.70834275,27.29166885
89.0,118.12500945,27.29166885
80.0,118.54167615,27.29166885
-9999.0,120.62500965,27.29166885
-9999.0,-114.37500915,26.87500215
101.0,98.12500785,26.87500215
81.0,107.70834195,26.87500215
83.0,109.37500875,26.87500215
81.0,109.79167545,26.87500215
85.0,115.62500925,26.87500215
88.0,117.70834275,26.87500215
87.0,118.12500945,26.87500215
81.0,118.54167615,26.87500215
75.0,119.79167625,26.87500215
-9999.0,120.20834295,26.87500215
106.0,98.54167455,26.45833545
80.0,106.45834185,26.45833545
76.0,107.29167525,26.45833545
83.0,108.12500865,26.45833545
84.0,108.54167535,26.45833545
81.0,109.79167545,26.45833545
79.0,110.20834215,26.45833545
83.0,115.20834255,26.45833545
84.0,115.62500925,26.45833545
92.0,116.04167595,26.45833545
91.0,116.87500935,26.45833545
91.0,117.70834275,26.45833545
81.0,118.54167615,26.45833545
73.0,118.95834285,26.45833545
-9999.0,120.20834295,26.45833545
102.0,97.70834115,26.04166875
106.0,98.12500785,26.04166875
109.0,98.54167455,26.04166875
82.0,106.45834185,26.04166875
80.0,106.87500855,26.04166875
80.0,107.29167525,26.04166875
78.0,110.62500885,26.04166875
81.0,114.37500915,26.04166875
82.0,114.79167585,26.04166875
94.0,116.87500935,26.04166875
94.0,117.29167605,26.04166875
84.0,117.70834275,26.04166875
74.0,118.54167615,26.04166875
-9999.0,119.79167625,26.04166875
111.0,98.54167455,25.62500205
101.0,103.95834165,25.62500205
79.0,107.70834195,25.62500205
81.0,108.12500865,25.62500205
83.0,108.54167535,25.62500205
82.0,110.20834215,25.62500205
84.0,114.79167585,25.62500205
83.0,115.20834255,25.62500205
87.0,116.04167595,25.62500205
95.0,116.45834265,25.62500205
73.0,118.12500945,25.62500205
59.0,119.37500955,25.62500205
-9999.0,119.79167625,25.62500205
-9999.0,120.20834295,25.62500205
147.0,-100.62500805,25.20833535
111.0,100.20834135,25.20833535
82.0,107.70834195,25.20833535
80.0,108.12500865,25.20833535
85.0,109.37500875,25.20833535
82.0,113.12500905,25.20833535
81.0,113.54167575,25.20833535
80.0,113.95834245,25.20833535
85.0,114.37500915,25.20833535
85.0,114.79167585,25.20833535
88.0,116.04167595,25.20833535
90.0,116.45834265,25.20833535
73.0,118.12500945,25.20833535
67.0,118.54167615,25.20833535
-9999.0,119.79167625,25.20833535
-9999.0,121.04167635,25.20833535
59.0,121.45834305,25.20833535
-9999.0,121.87500975,25.20833535
-9999.0,122.29167645,25.20833535
112.0,99.79167465,24.79166865
112.0,100.62500805,24.79166865
79.0,108.54167535,24.79166865
83.0,109.37500875,24.79166865
81.0,111.04167555,24.79166865
81.0,111.87500895,24.79166865
83.0,112.29167565,24.79166865
85.0,113.54167575,24.79166865
80.0,113.95834245,24.79166865
83.0,114.37500915,24.79166865
87.0,114.79167585,24.79166865
87.0,115.62500925,24.79166865
89.0,116.04167595,24.79166865
88.0,116.45834265,24.79166865
77.0,117.29167605,24.79166865
66.0,118.12500945,24.79166865
62.0,118.54167615,24.79166865
-9999.0,119.37500955,24.79166865
-9999.0,120.62500965,24.79166865
-9999.0,122.29167645,24.79166865
184.0,-101.04167475,24.37500195
174.0,-100.62500805,24.37500195
164.0,-100.20834135,24.37500195
154.0,-99.79167465,24.37500195
116.0,97.70834115,24.37500195
119.0,98.12500785,24.37500195
120.0,98.95834125,24.37500195
113.0,100.20834135,24.37500195
83.0,110.20834215,24.37500195
82.0,110.62500885,24.37500195
84.0,111.04167555,24.37500195
84.0,111.45834225,24.37500195
82.0,111.87500895,24.37500195
81.0,112.29167565,24.37500195
85.0,112.70834235,24.37500195
86.0,113.12500905,24.37500195
85.0,114.37500915,24.37500195
84.0,114.79167585,24.37500195
89.0,116.04167595,24.37500195
65.0,117.29167605,24.37500195
-9999.0,118.54167615,24.37500195
70.0,120.62500965,24.37500195
-9999.0,121.87500975,24.37500195
179.0,-100.62500805,23.95833525
123.0,97.70834115,23.95833525
77.0,108.95834205,23.95833525
79.0,109.79167545,23.95833525
79.0,110.20834215,23.95833525
84.0,112.29167565,23.95833525
81.0,112.70834235,23.95833525
84.0,114.37500915,23.95833525
83.0,115.20834255,23.95833525
81.0,116.04167595,23.95833525
77.0,116.45834265,23.95833525
-9999.0,117.70834275,23.95833525
177.0,-101.04167475,23.54166855
164.0,-100.62500805,23.54166855
165.0,-100.20834135,23.54166855
123.0,97.70834115,23.54166855
119.0,98.12500785,23.54166855
127.0,98.95834125,23.54166855
124.0,99.37500795,23.54166855
120.0,100.20834135,23.54166855
76.0,108.95834205,23.54166855
81.0,112.29167565,23.54166855
82.0,112.70834235,23.54166855
85.0,113.95834245,23.54166855
81.0,114.79167585,23.54166855
74.0,115.62500925,23.54166855
69.0,116.45834265,23.54166855
77.0,121.04167635,23.54166855
-9999.0,121.87500975,23.54166855
166.0,-100.62500805,23.12500185
123.0,51.45833745,23.12500185
122.0,98.12500785,23.12500185
124.0,100.20834135,23.12500185
121.0,100.62500805,23.12500185
77.0,108.12500865,23.12500185
75.0,108.54167535,23.12500185
75.0,108.95834205,23.12500185
75.0,109.37500875,23.12500185
85.0,111.04167555,23.12500185
85.0,111.45834225,23.12500185
82.0,111.87500895,23.12500185
80.0,113.12500905,23.12500185
81.0,113.54167575,23.12500185
68.0,115.20834255,23.12500185
64.0,115.62500925,23.12500185
62.0,116.04167595,23.12500185
60.0,116.45834265,23.12500185
-9999.0,117.29167605,23.12500185
78.0,121.04167635,23.12500185
-9999.0,121.45834305,23.12500185
166.0,-100.62500805,22.70833515
123.0,97.70834115,22.70833515
123.0,98.12500785,22.70833515
127.0,98.54167455,22.70833515
127.0,98.95834125,22.70833515
75.0,108.12500865,22.70833515
75.0,109.79167545,22.70833515
78.0,110.20834215,22.70833515
83.0,110.62500885,22.70833515
78.0,111.87500895,22.70833515
74.0,113.12500905,22.70833515
76.0,113.95834245,22.70833515
70.0,114.37500915,22.70833515
64.0,114.79167585,22.70833515
-9999.0,115.62500925,22.70833515
-9999.0,116.04167595,22.70833515
75.0,121.04167635,22.70833515
-9999.0,121.87500975,22.70833515
166.0,-101.04167475,22.29166845
168.0,-100.62500805,22.29166845
122.0,98.12500785,22.29166845
125.0,98.54167455,22.29166845
126.0,99.79167465,22.29166845
126.0,100.20834135,22.29166845
124.0,100.62500805,22.29166845
119.0,101.04167475,22.29166845
114.0,101.45834145,22.29166845
113.0,101.87500815,22.29166845
72.0,108.54167535,22.29166845
71.0,109.37500875,22.29166845
73.0,109.79167545,22.29166845
76.0,110.20834215,22.29166845
74.0,111.87500895,22.29166845
66.0,113.12500905,22.29166845
58.0,113.95834245,22.29166845
-9999.0,114.79167585,22.29166845
-9999.0,121.04167635,22.29166845
125.0,98.95834125,21.87500175
126.0,99.79167465,21.87500175
120.0,101.04167475,21.87500175
69.0,108.95834205,21.87500175
69.0,109.37500875,21.87500175
69.0,109.79167545,21.87500175
70.0,110.20834215,21.87500175
75.0,111.04167555,21.87500175
72.0,111.45834225,21.87500175
69.0,111.87500895,21.87500175
63.0,112.29167565,21.87500175
-9999.0,113.12500905,21.87500175
-9999.0,113.95834245,21.87500175
125.0,99.37500795,21.45833505
125.0,99.79167465,21.45833505
118.0,101.45834145,21.45833505
-9999.0,108.54167535,21.45833505
-9999.0,108.95834205,21.45833505
65.0,109.37500875,21.45833505
64.0,110.20834215,21.45833505
123.0,98.95834125,21.04166835
124.0,99.79167465,21.04166835
120.0,101.45834145,21.04166835
122.0,99.37500795,20.62500165
122.0,101.04167475,20.62500165
-9999.0,107.70834195,20.62500165
145.0,-98.54167455,20.20833495
-9999.0,106.87500855,20.20833495
150.0,-99.37500795,19.37500155
146.0,-97.29167445,19.37500155
-9999.0,106.04167515,18.95833485
131.0,-79.37500635,-6.04166715000001
120.0,-78.95833965,-6.04166715000001
114.0,-78.54167295,-6.04166715000001
92.0,-77.29167285,-6.04166715000001
123.0,-77.70833955,-6.45833385
140.0,-77.70833955,-6.87500055000001
149.0,-77.70833955,-7.70833395000001
147.0,-77.29167285,-7.70833395000001
144.0,-75.62500605,-10.62500085
142.0,-75.62500605,-11.04166755
163.0,-71.87500575,-13.12500105
150.0,-75.20833935,-13.54166775
159.0,-74.37500595,-13.54166775
163.0,-73.54167255,-13.54166775
153.0,-71.87500575,-13.54166775
163.0,-71.45833905,-13.54166775
165.0,-73.54167255,-13.95833445
166.0,-73.12500585,-13.95833445
168.0,-72.70833915,-13.95833445
160.0,-71.87500575,-13.95833445
179.0,-71.45833905,-13.95833445
180.0,-71.04167235,-13.95833445
173.0,-70.20833895,-13.95833445
167.0,-73.95833925,-14.37500115
166.0,-73.54167255,-14.37500115
168.0,-73.12500585,-14.37500115
177.0,-71.87500575,-14.37500115
185.0,-71.45833905,-14.37500115
183.0,-71.04167235,-14.37500115
175.0,-70.20833895,-14.37500115
170.0,-73.12500585,-14.79166785
190.0,-71.45833905,-14.79166785
198.0,-71.04167235,-14.79166785
128.0,-68.95833885,-14.79166785
135.0,-69.79167225,-15.20833455
127.0,-69.37500555,-15.20833455
155.0,-70.20833895,-15.62500125
123.0,-68.95833885,-15.62500125
168.0,-70.62500565,-16.04166795
157.0,-70.20833895,-16.04166795
136.0,-68.54167215,-16.04166795
151.0,-68.54167215,-16.45833465
139.0,-68.12500545,-16.45833465
151.0,-68.95833885,-16.87500135
162.0,-68.12500545,-16.87500135
158.0,-66.45833865,-16.87500135
169.0,-68.95833885,-17.29166805
176.0,-68.12500545,-17.29166805
175.0,-67.70833875,-17.29166805
176.0,-67.29167205,-17.29166805
160.0,-66.87500535,-17.29166805
164.0,-66.45833865,-17.29166805
181.0,-68.95833885,-17.70833475
184.0,-68.12500545,-17.70833475
187.0,-67.70833875,-17.70833475
170.0,-66.45833865,-17.70833475
159.0,-66.04167195,-17.70833475
153.0,-65.62500525,-17.70833475
166.0,-65.20833855,-17.70833475
184.0,-69.37500555,-18.12500145
185.0,-68.54167215,-18.12500145
186.0,-68.12500545,-18.12500145
184.0,-67.70833875,-18.12500145
190.0,-67.29167205,-18.12500145
171.0,-66.45833865,-18.12500145
164.0,-66.04167195,-18.12500145
162.0,-65.62500525,-18.12500145
185.0,-69.37500555,-18.54166815
182.0,-68.95833885,-18.54166815
183.0,-68.54167215,-18.54166815
183.0,-68.12500545,-18.54166815
183.0,-67.70833875,-18.54166815
173.0,-66.87500535,-18.54166815
166.0,-66.45833865,-18.54166815
161.0,-66.04167195,-18.54166815
152.0,-65.62500525,-18.54166815
145.0,-65.20833855,-18.54166815
182.0,-68.54167215,-18.95833485
178.0,-68.12500545,-18.95833485
176.0,-67.70833875,-18.95833485
171.0,-67.29167205,-18.95833485
170.0,-66.45833865,-18.95833485
163.0,-66.04167195,-18.95833485
157.0,-65.62500525,-18.95833485
175.0,-68.54167215,-19.37500155
174.0,-68.12500545,-19.37500155
172.0,-67.70833875,-19.37500155
163.0,-66.04167195,-19.37500155
144.0,-65.20833855,-19.37500155
128.0,-64.79167185,-19.37500155
110.0,-64.37500515,-19.37500155
174.0,-68.54167215,-19.79166825
172.0,-68.12500545,-19.79166825
167.0,-66.87500535,-19.79166825
153.0,-64.79167185,-19.79166825
175.0,-68.54167215,-20.20833495
170.0,-68.12500545,-20.20833495
169.0,-66.87500535,-20.20833495
155.0,-64.79167185,-20.20833495
174.0,-68.54167215,-20.62500165
178.0,-68.12500545,-20.62500165
170.0,-66.87500535,-20.62500165
172.0,-68.12500545,-21.04166835
175.0,-66.87500535,-21.04166835
159.0,-64.79167185,-21.04166835
178.0,-68.12500545,-21.45833505
180.0,-67.70833875,-21.45833505
176.0,-67.29167205,-21.45833505
180.0,-66.87500535,-21.45833505
173.0,-65.62500525,-21.45833505
187.0,-66.87500535,-21.87500175
194.0,-66.04167195,-21.87500175
199.0,-65.62500525,-21.87500175
197.0,-65.62500525,-22.70833515
191.0,-65.62500525,-23.12500185
180.0,-66.04167195,-23.54166855
110.0,-70.20833895,-23.95833525
176.0,-66.45833865,-23.95833525
-9999.0,-70.62500565,-24.37500195
147.0,-64.37500515,-24.37500195
-9999.0,-70.62500565,-24.79166865
137.0,-69.37500555,-25.20833535
151.0,-66.04167195,-25.20833535
89.0,-70.62500565,-25.62500205
144.0,-66.04167195,-25.62500205
86.0,-70.62500565,-26.04166875
130.0,-66.04167195,-26.45833545
142.0,-66.87500535,-26.87500215
138.0,-66.45833865,-26.87500215
117.0,-70.62500565,-28.12500225
-9999.0,-71.87500575,-30.20833575
-9999.0,-71.87500575,-30.62500245
-9999.0,-71.87500575,-31.04166915
-9999.0,-71.87500575,-31.45833585
-9999.0,-71.87500575,-31.87500255
-9999.0,-71.87500575,-32.29166925
-9999.0,-71.87500575,-32.70833595
148.0,-68.54167215,-32.70833595
-9999.0,-71.87500575,-33.12500265
-9999.0,-72.29167245,-33.95833605
-9999.0,-72.29167245,-34.37500275
-9999.0,-72.29167245,-34.79166945
122.0,-71.87500575,-34.79166945
130.0,-71.87500575,-35.20833615
-9999.0,-73.12500585,-36.04166955
162.0,-68.95833885,-36.04166955
133.0,-71.87500575,-36.87500295
109.0,-73.12500585,-37.29166965
134.0,-71.87500575,-38.12500305
-9999.0,-73.54167255,-38.95833645
-9999.0,-73.54167255,-39.37500315
131.0,-71.45833905,-39.37500315
-9999.0,-73.54167255,-39.79166985
102.0,-73.12500585,-39.79166985
121.0,-71.87500575,-39.79166985
89.0,-73.54167255,-40.20833655
105.0,-72.70833915,-40.20833655
80.0,-73.54167255,-40.62500325
113.0,-71.87500575,-40.62500325
128.0,-70.62500565,-40.62500325
95.0,-71.45833905,-46.04167035
