GTOPO30_ASPECT_reduced,x,y
178.0,-148.54167855,64.79167185
161.0,-148.12501185,64.79167185
59.0,-146.87501175,64.79167185
147.0,-153.12501225,64.37500515
87.0,-153.12501225,63.95833845
12.0,121.45834305,63.95833845
15.0,125.20834335,63.95833845
-9999.0,127.29167685,63.95833845
-9999.0,-153.54167895,63.54167175
72.0,-137.29167765,63.54167175
23.0,-134.79167745,63.54167175
192.0,-134.37501075,63.54167175
332.0,-133.95834405,63.54167175
180.0,-133.54167735,63.54167175
98.0,119.37500955,63.54167175
0.0,119.79167625,63.54167175
115.0,-137.29167765,63.12500505
353.0,-133.95834405,63.12500505
214.0,-132.70834395,63.12500505
339.0,93.95834085,63.12500505
248.0,94.37500755,63.12500505
192.0,95.62500765,63.12500505
322.0,96.04167435,63.12500505
166.0,117.70834275,63.12500505
240.0,118.12500945,63.12500505
229.0,119.37500955,63.12500505
137.0,119.79167625,63.12500505
295.0,120.62500965,63.12500505
349.0,130.62501045,63.12500505
348.0,-150.20834535,62.70833835
164.0,-148.12501185,62.70833835
2.0,-138.54167775,62.70833835
288.0,86.04167355,62.70833835
172.0,86.45834025,62.70833835
147.0,95.62500765,62.70833835
282.0,96.04167435,62.70833835
211.0,118.12500945,62.70833835
44.0,118.54167615,62.70833835
154.0,119.37500955,62.70833835
29.0,121.87500975,62.70833835
333.0,129.37501035,62.70833835
4.0,130.62501045,62.70833835
98.0,-150.20834535,62.29167165
145.0,-134.79167745,62.29167165
199.0,-133.54167735,62.29167165
-9999.0,-115.20834255,62.29167165
-9999.0,17.70833475,62.29167165
333.0,85.62500685,62.29167165
172.0,93.12500745,62.29167165
160.0,93.54167415,62.29167165
6.0,93.95834085,62.29167165
65.0,94.37500755,62.29167165
301.0,96.04167435,62.29167165
183.0,96.87500775,62.29167165
49.0,113.95834245,62.29167165
173.0,114.37500915,62.29167165
196.0,114.79167585,62.29167165
195.0,117.70834275,62.29167165
358.0,118.12500945,62.29167165
177.0,118.54167615,62.29167165
311.0,119.79167625,62.29167165
277.0,126.04167675,62.29167165
21.0,126.45834345,62.29167165
243.0,126.87501015,62.29167165
342.0,128.54167695,62.29167165
332.0,129.37501035,62.29167165
130.0,129.79167705,62.29167165
56.0,130.62501045,62.29167165
180.0,131.04167715,62.29167165
113.0,-151.04167875,61.87500495
186.0,-135.62501085,61.87500495
347.0,-135.20834415,61.87500495
172.0,-134.37501075,61.87500495
263.0,-133.95834405,61.87500495
-9999.0,-112.70834235,61.87500495
25.0,84.79167345,61.87500495
46.0,93.12500745,61.87500495
305.0,93.54167415,61.87500495
150.0,93.95834085,61.87500495
355.0,94.37500755,61.87500495
332.0,96.04167435,61.87500495
13.0,96.87500775,61.87500495
193.0,113.12500905,61.87500495
183.0,113.54167575,61.87500495
121.0,113.95834245,61.87500495
161.0,117.70834275,61.87500495
207.0,119.79167625,61.87500495
176.0,120.62500965,61.87500495
236.0,121.87500975,61.87500495
108.0,125.62501005,61.87500495
180.0,126.87501015,61.87500495
168.0,129.37501035,61.87500495
200.0,-151.45834545,61.45833825
282.0,-151.04167875,61.45833825
130.0,-150.62501205,61.45833825
212.0,-150.20834535,61.45833825
262.0,-134.37501075,61.45833825
194.0,-133.12501065,61.45833825
141.0,87.29167365,61.45833825
167.0,95.62500765,61.45833825
341.0,96.04167435,61.45833825
233.0,113.54167575,61.45833825
217.0,113.95834245,61.45833825
125.0,121.04167635,61.45833825
342.0,126.04167675,61.45833825
162.0,126.45834345,61.45833825
330.0,130.20834375,61.45833825
175.0,-151.87501215,61.04167155
186.0,-151.45834545,61.04167155
-9999.0,-151.04167875,61.04167155
191.0,-136.45834425,61.04167155
348.0,-135.62501085,61.04167155
230.0,-134.79167745,61.04167155
315.0,-134.37501075,61.04167155
12.0,83.95834005,61.04167155
297.0,84.37500675,61.04167155
203.0,84.79167345,61.04167155
27.0,86.87500695,61.04167155
127.0,91.45834065,61.04167155
105.0,91.87500735,61.04167155
200.0,93.54167415,61.04167155
179.0,93.95834085,61.04167155
271.0,94.37500755,61.04167155
315.0,113.54167575,61.04167155
315.0,113.95834245,61.04167155
60.0,116.45834265,61.04167155
17.0,116.87500935,61.04167155
356.0,117.29167605,61.04167155
92.0,118.12500945,61.04167155
200.0,118.54167615,61.04167155
198.0,118.95834285,61.04167155
15.0,119.37500955,61.04167155
315.0,119.79167625,61.04167155
7.0,120.20834295,61.04167155
161.0,120.62500965,61.04167155
-9999.0,-166.87501335,60.62500485
-9999.0,-151.87501215,60.62500485
-9999.0,-151.45834545,60.62500485
188.0,-133.95834405,60.62500485
4.0,-133.12501065,60.62500485
169.0,-130.62501045,60.62500485
42.0,83.12500665,60.62500485
235.0,83.95834005,60.62500485
234.0,84.37500675,60.62500485
180.0,91.04167395,60.62500485
211.0,91.87500735,60.62500485
208.0,93.12500745,60.62500485
169.0,93.95834085,60.62500485
348.0,113.54167575,60.62500485
321.0,113.95834245,60.62500485
229.0,116.04167595,60.62500485
316.0,118.54167615,60.62500485
176.0,119.37500955,60.62500485
156.0,120.20834295,60.62500485
170.0,170.62501365,60.62500485
211.0,-132.70834395,60.20833815
15.0,-118.54167615,60.20833815
346.0,-118.12500945,60.20833815
205.0,-117.70834275,60.20833815
86.0,-116.87500935,60.20833815
8.0,-116.04167595,60.20833815
333.0,-114.37500915,60.20833815
356.0,81.87500655,60.20833815
328.0,91.04167395,60.20833815
338.0,91.45834065,60.20833815
330.0,91.87500735,60.20833815
169.0,95.62500765,60.20833815
343.0,96.04167435,60.20833815
331.0,111.87500895,60.20833815
159.0,112.29167565,60.20833815
278.0,121.04167635,60.20833815
184.0,130.20834375,60.20833815
10.0,130.62501045,60.20833815
70.0,-127.70834355,59.79167145
343.0,-125.20834335,59.79167145
350.0,-118.12500945,59.79167145
-9999.0,-117.70834275,59.79167145
35.0,-115.20834255,59.79167145
270.0,-111.87500895,59.79167145
175.0,91.04167395,59.79167145
347.0,91.45834065,59.79167145
216.0,91.87500735,59.79167145
55.0,92.29167405,59.79167145
200.0,92.70834075,59.79167145
160.0,93.12500745,59.79167145
209.0,93.54167415,59.79167145
100.0,93.95834085,59.79167145
147.0,94.37500755,59.79167145
75.0,94.79167425,59.79167145
306.0,95.20834095,59.79167145
129.0,95.62500765,59.79167145
42.0,101.04167475,59.79167145
89.0,111.45834225,59.79167145
206.0,112.29167565,59.79167145
149.0,112.70834235,59.79167145
206.0,113.12500905,59.79167145
208.0,115.20834255,59.79167145
35.0,118.95834285,59.79167145
128.0,130.20834375,59.79167145
126.0,-161.04167955,59.37500475
72.0,-131.45834385,59.37500475
232.0,-119.79167625,59.37500475
171.0,-117.70834275,59.37500475
291.0,-116.45834265,59.37500475
315.0,-115.62500925,59.37500475
56.0,-115.20834255,59.37500475
184.0,-114.79167585,59.37500475
193.0,-114.37500915,59.37500475
100.0,-113.95834245,59.37500475
29.0,70.20833895,59.37500475
210.0,70.62500565,59.37500475
212.0,71.87500575,59.37500475
177.0,78.12500625,59.37500475
347.0,79.37500635,59.37500475
180.0,81.87500655,59.37500475
351.0,83.12500665,59.37500475
150.0,85.62500685,59.37500475
57.0,90.62500725,59.37500475
50.0,91.04167395,59.37500475
183.0,91.87500735,59.37500475
307.0,92.29167405,59.37500475
89.0,92.70834075,59.37500475
152.0,93.12500745,59.37500475
207.0,93.54167415,59.37500475
216.0,93.95834085,59.37500475
222.0,94.37500755,59.37500475
240.0,94.79167425,59.37500475
244.0,95.20834095,59.37500475
338.0,95.62500765,59.37500475
202.0,96.04167435,59.37500475
346.0,99.79167465,59.37500475
96.0,100.20834135,59.37500475
329.0,101.87500815,59.37500475
148.0,111.04167555,59.37500475
209.0,113.12500905,59.37500475
351.0,113.54167575,59.37500475
356.0,117.29167605,59.37500475
23.0,117.70834275,59.37500475
309.0,118.12500945,59.37500475
309.0,119.37500955,59.37500475
225.0,132.29167725,59.37500475
193.0,-136.45834425,58.95833805
339.0,-116.87500935,58.95833805
225.0,-116.45834265,58.95833805
85.0,-115.20834255,58.95833805
159.0,-113.95834245,58.95833805
316.0,78.12500625,58.95833805
90.0,79.37500635,58.95833805
243.0,81.87500655,58.95833805
355.0,85.62500685,58.95833805
239.0,89.79167385,58.95833805
357.0,90.62500725,58.95833805
68.0,91.04167395,58.95833805
351.0,91.87500735,58.95833805
175.0,93.12500745,58.95833805
145.0,93.95834085,58.95833805
326.0,95.20834095,58.95833805
30.0,111.87500895,58.95833805
354.0,112.70834235,58.95833805
193.0,115.20834255,58.95833805
57.0,-131.04167715,58.54167135
334.0,-123.12500985,58.54167135
211.0,-119.37500955,58.54167135
180.0,-116.04167595,58.54167135
170.0,-114.79167585,58.54167135
0.0,79.37500635,58.54167135
218.0,80.20833975,58.54167135
158.0,81.04167315,58.54167135
217.0,82.29167325,58.54167135
145.0,82.70833995,58.54167135
337.0,85.62500685,58.54167135
155.0,87.29167365,58.54167135
188.0,88.95834045,58.54167135
315.0,89.37500715,58.54167135
344.0,89.79167385,58.54167135
77.0,90.62500725,58.54167135
193.0,91.04167395,58.54167135
159.0,91.45834065,58.54167135
112.0,92.29167405,58.54167135
176.0,92.70834075,58.54167135
235.0,93.12500745,58.54167135
154.0,94.37500755,58.54167135
173.0,98.12500785,58.54167135
162.0,101.87500815,58.54167135
15.0,102.29167485,58.54167135
281.0,111.87500895,58.54167135
328.0,112.29167565,58.54167135
87.0,116.04167595,58.54167135
62.0,116.45834265,58.54167135
352.0,-124.37500995,58.12500465
165.0,-122.29167645,58.12500465
11.0,-120.20834295,58.12500465
32.0,53.54167095,58.12500465
42.0,72.29167245,58.12500465
41.0,73.95833925,58.12500465
306.0,85.62500685,58.12500465
321.0,87.29167365,58.12500465
335.0,88.54167375,58.12500465
66.0,88.95834045,58.12500465
48.0,89.37500715,58.12500465
9.0,89.79167385,58.12500465
45.0,90.20834055,58.12500465
21.0,90.62500725,58.12500465
23.0,91.04167395,58.12500465
334.0,91.45834065,58.12500465
78.0,91.87500735,58.12500465
254.0,92.29167405,58.12500465
193.0,92.70834075,58.12500465
3.0,102.70834155,58.12500465
343.0,104.37500835,58.12500465
195.0,104.79167505,58.12500465
117.0,108.95834205,58.12500465
158.0,112.29167565,58.12500465
341.0,117.29167605,58.12500465
359.0,-116.87500935,57.70833795
195.0,84.37500675,57.70833795
345.0,84.79167345,57.70833795
153.0,85.62500685,57.70833795
41.0,88.12500705,57.70833795
45.0,88.95834045,57.70833795
188.0,89.79167385,57.70833795
356.0,90.62500725,57.70833795
359.0,91.04167395,57.70833795
298.0,91.45834065,57.70833795
117.0,91.87500735,57.70833795
71.0,92.29167405,57.70833795
109.0,92.70834075,57.70833795
326.0,93.54167415,57.70833795
122.0,96.87500775,57.70833795
264.0,97.29167445,57.70833795
190.0,102.70834155,57.70833795
130.0,105.20834175,57.70833795
32.0,115.20834255,57.70833795
-9999.0,-158.54167935,57.29167125
220.0,-123.12500985,57.29167125
162.0,-122.70834315,57.29167125
14.0,-119.79167625,57.29167125
90.0,-119.37500955,57.29167125
16.0,-118.95834285,57.29167125
62.0,-116.87500935,57.29167125
202.0,52.70833755,57.29167125
311.0,53.95833765,57.29167125
66.0,91.87500735,57.29167125
175.0,92.29167405,57.29167125
324.0,92.70834075,57.29167125
190.0,96.45834105,57.29167125
308.0,97.29167445,57.29167125
183.0,102.70834155,57.29167125
195.0,103.95834165,57.29167125
25.0,104.79167505,57.29167125
72.0,106.04167515,57.29167125
10.0,109.37500875,57.29167125
343.0,116.04167595,57.29167125
272.0,-126.87501015,56.87500455
350.0,-120.20834295,56.87500455
225.0,-116.87500935,56.87500455
31.0,48.12500385,56.87500455
86.0,49.37500395,56.87500455
39.0,51.45833745,56.87500455
143.0,51.87500415,56.87500455
-9999.0,53.12500425,56.87500455
15.0,54.37500435,56.87500455
285.0,55.62500445,56.87500455
197.0,56.87500455,56.87500455
338.0,58.12500465,56.87500455
145.0,59.37500475,56.87500455
357.0,93.12500745,56.87500455
140.0,93.54167415,56.87500455
252.0,94.79167425,56.87500455
220.0,95.20834095,56.87500455
79.0,97.29167445,56.87500455
13.0,103.95834165,56.87500455
188.0,104.37500835,56.87500455
87.0,-126.04167675,56.45833785
196.0,-125.62501005,56.45833785
21.0,-123.54167655,56.45833785
265.0,-121.45834305,56.45833785
163.0,-120.62500965,56.45833785
139.0,-120.20834295,56.45833785
126.0,-119.79167625,56.45833785
139.0,-117.29167605,56.45833785
359.0,-116.87500935,56.45833785
349.0,96.04167435,56.45833785
72.0,96.45834105,56.45833785
141.0,104.37500835,56.45833785
350.0,111.04167555,56.45833785
198.0,113.12500905,56.45833785
244.0,113.54167575,56.45833785
4.0,-119.79167625,56.04167115
0.0,-118.95834285,56.04167115
176.0,-118.12500945,56.04167115
202.0,-117.70834275,56.04167115
325.0,-116.87500935,56.04167115
164.0,-116.45834265,56.04167115
183.0,93.95834085,56.04167115
233.0,115.20834255,56.04167115
278.0,-126.04167675,55.62500445
158.0,-125.62501005,55.62500445
166.0,-125.20834335,55.62500445
184.0,-124.79167665,55.62500445
65.0,-124.37500995,55.62500445
24.0,-123.54167655,55.62500445
268.0,-123.12500985,55.62500445
148.0,-122.29167645,55.62500445
204.0,-119.79167625,55.62500445
79.0,-118.54167615,55.62500445
144.0,-117.70834275,55.62500445
108.0,-116.87500935,55.62500445
2.0,50.62500405,55.62500445
233.0,51.45833745,55.62500445
339.0,55.62500445,55.62500445
288.0,56.04167115,55.62500445
218.0,56.45833785,55.62500445
329.0,56.87500455,55.62500445
171.0,57.29167125,55.62500445
349.0,87.29167365,55.62500445
291.0,93.12500745,55.62500445
246.0,93.54167415,55.62500445
59.0,-125.20834335,55.20833775
164.0,-124.79167665,55.20833775
184.0,-118.54167615,55.20833775
3.0,51.87500415,55.20833775
341.0,52.29167085,55.20833775
183.0,53.54167095,55.20833775
334.0,53.95833765,55.20833775
59.0,54.37500435,55.20833775
156.0,54.79167105,55.20833775
278.0,56.04167115,55.20833775
183.0,56.45833785,55.20833775
98.0,57.29167125,55.20833775
180.0,57.70833795,55.20833775
135.0,90.20834055,55.20833775
194.0,91.45834065,55.20833775
332.0,92.29167405,55.20833775
36.0,-119.37500955,54.79167105
54.0,-117.70834275,54.79167105
340.0,-117.29167605,54.79167105
18.0,-116.87500935,54.79167105
202.0,-116.45834265,54.79167105
176.0,-115.62500925,54.79167105
258.0,42.29167005,54.79167105
81.0,42.70833675,54.79167105
88.0,53.12500425,54.79167105
141.0,53.54167095,54.79167105
45.0,53.95833765,54.79167105
335.0,54.37500435,54.79167105
83.0,54.79167105,54.79167105
70.0,55.20833775,54.79167105
102.0,55.62500445,54.79167105
94.0,56.04167115,54.79167105
11.0,56.45833785,54.79167105
247.0,56.87500455,54.79167105
355.0,57.29167125,54.79167105
163.0,61.45833825,54.79167105
211.0,65.20833855,54.79167105
344.0,81.04167315,54.79167105
165.0,91.87500735,54.79167105
13.0,92.29167405,54.79167105
125.0,93.12500745,54.79167105
197.0,93.54167415,54.79167105
139.0,93.95834085,54.79167105
181.0,-125.62501005,54.37500435
55.0,-125.20834335,54.37500435
337.0,-118.54167615,54.37500435
104.0,-117.70834275,54.37500435
216.0,-117.29167605,54.37500435
68.0,46.04167035,54.37500435
223.0,51.04167075,54.37500435
348.0,51.45833745,54.37500435
293.0,51.87500415,54.37500435
111.0,52.29167085,54.37500435
280.0,53.54167095,54.37500435
92.0,55.20833775,54.37500435
277.0,56.45833785,54.37500435
325.0,57.70833795,54.37500435
207.0,65.20833855,54.37500435
354.0,81.04167315,54.37500435
350.0,91.45834065,54.37500435
167.0,92.29167405,54.37500435
264.0,94.37500755,54.37500435
323.0,108.12500865,54.37500435
354.0,-125.20834335,53.95833765
54.0,-120.20834295,53.95833765
137.0,-116.45834265,53.95833765
340.0,-112.29167565,53.95833765
18.0,43.95833685,53.95833765
347.0,51.45833745,53.95833765
311.0,51.87500415,53.95833765
229.0,52.29167085,53.95833765
284.0,52.70833755,53.95833765
9.0,53.12500425,53.95833765
209.0,53.54167095,53.95833765
30.0,53.95833765,53.95833765
76.0,54.37500435,53.95833765
8.0,55.20833775,53.95833765
21.0,55.62500445,53.95833765
258.0,56.45833785,53.95833765
297.0,56.87500455,53.95833765
248.0,57.70833795,53.95833765
4.0,61.45833825,53.95833765
180.0,63.12500505,53.95833765
67.0,63.54167175,53.95833765
76.0,64.79167185,53.95833765
169.0,65.20833855,53.95833765
56.0,66.45833865,53.95833765
340.0,80.20833975,53.95833765
79.0,87.70834035,53.95833765
173.0,89.79167385,53.95833765
179.0,92.29167405,53.95833765
50.0,92.70834075,53.95833765
24.0,93.12500745,53.95833765
180.0,115.20834255,53.95833765
346.0,-124.37500995,53.54167095
174.0,-123.54167655,53.54167095
277.0,-120.20834295,53.54167095
339.0,-117.70834275,53.54167095
106.0,-116.45834265,53.54167095
41.0,-114.79167585,53.54167095
77.0,-106.87500855,53.54167095
208.0,-106.45834185,53.54167095
205.0,58.95833805,53.54167095
223.0,60.20833815,53.54167095
351.0,60.62500485,53.54167095
47.0,61.45833825,53.54167095
23.0,63.54167175,53.54167095
34.0,64.79167185,53.54167095
219.0,76.87500615,53.54167095
-9999.0,77.70833955,53.54167095
343.0,80.20833975,53.54167095
7.0,87.70834035,53.54167095
237.0,88.54167375,53.54167095
157.0,88.95834045,53.54167095
316.0,89.37500715,53.54167095
94.0,89.79167385,53.54167095
154.0,90.20834055,53.54167095
287.0,91.87500735,53.54167095
170.0,92.70834075,53.54167095
208.0,93.12500745,53.54167095
61.0,93.54167415,53.54167095
173.0,93.95834085,53.54167095
178.0,94.37500755,53.54167095
174.0,94.79167425,53.54167095
334.0,95.20834095,53.54167095
356.0,95.62500765,53.54167095
15.0,96.87500775,53.54167095
34.0,98.54167455,53.54167095
28.0,98.95834125,53.54167095
252.0,119.79167625,53.54167095
149.0,-124.37500995,53.12500425
303.0,-123.54167655,53.12500425
49.0,-122.70834315,53.12500425
87.0,-121.45834305,53.12500425
88.0,-121.04167635,53.12500425
186.0,-120.62500965,53.12500425
202.0,-118.54167615,53.12500425
85.0,-117.29167605,53.12500425
303.0,-116.87500935,53.12500425
208.0,-115.62500925,53.12500425
307.0,-114.79167585,53.12500425
41.0,-113.95834245,53.12500425
221.0,-113.12500905,53.12500425
135.0,-112.70834235,53.12500425
243.0,-111.87500895,53.12500425
139.0,-111.45834225,53.12500425
66.0,-106.87500855,53.12500425
337.0,47.70833715,53.12500425
8.0,48.12500385,53.12500425
349.0,51.45833745,53.12500425
322.0,61.04167155,53.12500425
310.0,61.45833825,53.12500425
24.0,72.70833915,53.12500425
120.0,73.12500585,53.12500425
113.0,75.20833935,53.12500425
180.0,75.62500605,53.12500425
219.0,77.29167285,53.12500425
18.0,87.70834035,53.12500425
343.0,88.54167375,53.12500425
316.0,88.95834045,53.12500425
11.0,92.70834075,53.12500425
160.0,94.79167425,53.12500425
161.0,95.20834095,53.12500425
77.0,95.62500765,53.12500425
221.0,98.54167455,53.12500425
31.0,102.29167485,53.12500425
65.0,106.04167515,53.12500425
48.0,122.29167645,53.12500425
135.0,-124.79167665,52.70833755
35.0,-122.70834315,52.70833755
219.0,-121.04167635,52.70833755
217.0,-120.20834295,52.70833755
5.0,-119.37500955,52.70833755
85.0,-117.70834275,52.70833755
215.0,-116.87500935,52.70833755
17.0,-111.04167555,52.70833755
164.0,-99.37500795,52.70833755
282.0,47.29167045,52.70833755
342.0,48.12500385,52.70833755
248.0,61.45833825,52.70833755
257.0,67.29167205,52.70833755
209.0,72.29167245,52.70833755
358.0,72.70833915,52.70833755
24.0,76.45833945,52.70833755
347.0,77.29167285,52.70833755
51.0,77.70833955,52.70833755
-9999.0,79.79167305,52.70833755
310.0,81.04167315,52.70833755
136.0,87.29167365,52.70833755
151.0,88.54167375,52.70833755
4.0,88.95834045,52.70833755
61.0,89.79167385,52.70833755
53.0,90.62500725,52.70833755
42.0,91.04167395,52.70833755
51.0,95.20834095,52.70833755
204.0,95.62500765,52.70833755
287.0,100.20834135,52.70833755
3.0,111.04167555,52.70833755
319.0,122.29167645,52.70833755
101.0,-124.37500995,52.29167085
62.0,-122.29167645,52.29167085
243.0,-121.87500975,52.29167085
167.0,-121.04167635,52.29167085
177.0,-105.62500845,52.29167085
91.0,40.20833655,52.29167085
11.0,52.70833755,52.29167085
355.0,53.95833765,52.29167085
146.0,59.37500475,52.29167085
345.0,60.20833815,52.29167085
235.0,67.29167205,52.29167085
90.0,72.70833915,52.29167085
23.0,73.12500585,52.29167085
236.0,76.04167275,52.29167085
121.0,76.45833945,52.29167085
6.0,76.87500615,52.29167085
41.0,77.70833955,52.29167085
348.0,84.37500675,52.29167085
152.0,84.79167345,52.29167085
71.0,86.04167355,52.29167085
169.0,87.29167365,52.29167085
241.0,87.70834035,52.29167085
219.0,88.12500705,52.29167085
43.0,88.95834045,52.29167085
78.0,89.79167385,52.29167085
18.0,90.20834055,52.29167085
179.0,90.62500725,52.29167085
184.0,91.45834065,52.29167085
287.0,91.87500735,52.29167085
301.0,93.12500745,52.29167085
11.0,93.54167415,52.29167085
196.0,94.37500755,52.29167085
124.0,94.79167425,52.29167085
338.0,95.20834095,52.29167085
211.0,95.62500765,52.29167085
132.0,96.04167435,52.29167085
275.0,96.87500775,52.29167085
325.0,97.70834115,52.29167085
12.0,98.54167455,52.29167085
280.0,98.95834125,52.29167085
192.0,108.95834205,52.29167085
15.0,110.62500885,52.29167085
358.0,111.04167555,52.29167085
22.0,-123.12500985,51.87500415
187.0,-121.45834305,51.87500415
329.0,-121.04167635,51.87500415
124.0,-111.45834225,51.87500415
225.0,-99.37500795,51.87500415
72.0,42.29167005,51.87500415
108.0,46.45833705,51.87500415
84.0,59.79167145,51.87500415
178.0,61.45833825,51.87500415
146.0,64.37500515,51.87500415
357.0,64.79167185,51.87500415
331.0,66.87500535,51.87500415
308.0,68.54167215,51.87500415
187.0,72.70833915,51.87500415
200.0,73.12500585,51.87500415
186.0,77.29167285,51.87500415
156.0,79.79167305,51.87500415
18.0,80.20833975,51.87500415
51.0,82.29167325,51.87500415
342.0,82.70833995,51.87500415
352.0,83.54167335,51.87500415
128.0,83.95834005,51.87500415
163.0,84.79167345,51.87500415
345.0,86.04167355,51.87500415
69.0,88.54167375,51.87500415
122.0,88.95834045,51.87500415
134.0,89.37500715,51.87500415
153.0,90.20834055,51.87500415
82.0,90.62500725,51.87500415
211.0,91.04167395,51.87500415
152.0,91.45834065,51.87500415
158.0,92.29167405,51.87500415
342.0,93.12500745,51.87500415
143.0,93.54167415,51.87500415
232.0,93.95834085,51.87500415
175.0,94.37500755,51.87500415
200.0,94.79167425,51.87500415
1.0,95.20834095,51.87500415
210.0,95.62500765,51.87500415
189.0,99.79167465,51.87500415
92.0,107.29167525,51.87500415
147.0,-121.04167635,51.45833745
220.0,-120.62500965,51.45833745
59.0,-118.54167615,51.45833745
97.0,-117.70834275,51.45833745
68.0,-109.79167545,51.45833745
75.0,49.79167065,51.45833745
197.0,50.20833735,51.45833745
27.0,51.04167075,51.45833745
301.0,60.20833815,51.45833745
21.0,60.62500485,51.45833745
205.0,61.04167155,51.45833745
135.0,65.20833855,51.45833745
26.0,66.87500535,51.45833745
253.0,67.70833875,51.45833745
336.0,68.12500545,51.45833745
197.0,68.54167215,51.45833745
21.0,68.95833885,51.45833745
250.0,73.12500585,51.45833745
217.0,74.79167265,51.45833745
333.0,75.20833935,51.45833745
84.0,75.62500605,51.45833745
301.0,78.54167295,51.45833745
321.0,79.79167305,51.45833745
275.0,82.29167325,51.45833745
151.0,83.12500665,51.45833745
61.0,83.54167335,51.45833745
192.0,84.79167345,51.45833745
185.0,86.04167355,51.45833745
251.0,88.54167375,51.45833745
84.0,88.95834045,51.45833745
13.0,89.79167385,51.45833745
10.0,90.20834055,51.45833745
260.0,90.62500725,51.45833745
127.0,91.04167395,51.45833745
331.0,91.45834065,51.45833745
2.0,91.87500735,51.45833745
151.0,92.70834075,51.45833745
23.0,93.12500745,51.45833745
319.0,93.54167415,51.45833745
183.0,93.95834085,51.45833745
75.0,94.79167425,51.45833745
316.0,95.20834095,51.45833745
171.0,95.62500765,51.45833745
260.0,96.04167435,51.45833745
118.0,96.45834105,51.45833745
229.0,96.87500775,51.45833745
198.0,106.04167515,51.45833745
292.0,114.37500915,51.45833745
78.0,-121.45834305,51.04167075
339.0,-121.04167635,51.04167075
309.0,-120.62500965,51.04167075
47.0,-109.79167545,51.04167075
180.0,-109.37500875,51.04167075
242.0,-108.95834205,51.04167075
285.0,48.95833725,51.04167075
188.0,50.20833735,51.04167075
270.0,51.04167075,51.04167075
18.0,53.54167095,51.04167075
241.0,56.87500455,51.04167075
157.0,59.79167145,51.04167075
232.0,61.04167155,51.04167075
123.0,61.45833825,51.04167075
34.0,62.29167165,51.04167075
333.0,62.70833835,51.04167075
66.0,63.95833845,51.04167075
218.0,64.37500515,51.04167075
212.0,64.79167185,51.04167075
234.0,65.62500525,51.04167075
270.0,66.87500535,51.04167075
254.0,67.29167205,51.04167075
23.0,68.12500545,51.04167075
353.0,68.54167215,51.04167075
193.0,71.45833905,51.04167075
134.0,73.12500585,51.04167075
323.0,74.37500595,51.04167075
357.0,75.62500605,51.04167075
279.0,76.45833945,51.04167075
288.0,76.87500615,51.04167075
354.0,82.29167325,51.04167075
173.0,83.54167335,51.04167075
20.0,83.95834005,51.04167075
40.0,85.20834015,51.04167075
27.0,86.87500695,51.04167075
45.0,87.29167365,51.04167075
333.0,87.70834035,51.04167075
343.0,88.12500705,51.04167075
343.0,88.54167375,51.04167075
212.0,88.95834045,51.04167075
170.0,89.37500715,51.04167075
37.0,89.79167385,51.04167075
355.0,90.62500725,51.04167075
344.0,91.04167395,51.04167075
282.0,91.45834065,51.04167075
150.0,92.29167405,51.04167075
336.0,92.70834075,51.04167075
88.0,93.12500745,51.04167075
6.0,93.54167415,51.04167075
193.0,93.95834085,51.04167075
337.0,94.37500755,51.04167075
7.0,94.79167425,51.04167075
196.0,95.20834095,51.04167075
346.0,95.62500765,51.04167075
26.0,96.04167435,51.04167075
155.0,96.87500775,51.04167075
193.0,98.54167455,51.04167075
20.0,-120.62500965,50.62500405
6.0,-120.20834295,50.62500405
141.0,-118.54167615,50.62500405
123.0,-111.04167555,50.62500405
148.0,-110.62500885,50.62500405
113.0,-109.79167545,50.62500405
67.0,-109.37500875,50.62500405
139.0,-108.54167535,50.62500405
79.0,-108.12500865,50.62500405
190.0,-105.20834175,50.62500405
81.0,31.04166915,50.62500405
240.0,55.20833775,50.62500405
30.0,59.37500475,50.62500405
234.0,59.79167145,50.62500405
193.0,60.20833815,50.62500405
184.0,60.62500485,50.62500405
151.0,61.45833825,50.62500405
159.0,62.29167165,50.62500405
340.0,62.70833835,50.62500405
79.0,64.37500515,50.62500405
176.0,64.79167185,50.62500405
329.0,66.87500535,50.62500405
338.0,73.12500585,50.62500405
138.0,74.37500595,50.62500405
208.0,74.79167265,50.62500405
357.0,75.20833935,50.62500405
79.0,76.45833945,50.62500405
15.0,76.87500615,50.62500405
62.0,78.12500625,50.62500405
298.0,87.70834035,50.62500405
318.0,88.12500705,50.62500405
122.0,88.54167375,50.62500405
243.0,88.95834045,50.62500405
248.0,89.37500715,50.62500405
96.0,89.79167385,50.62500405
352.0,90.20834055,50.62500405
75.0,91.45834065,50.62500405
127.0,91.87500735,50.62500405
156.0,92.70834075,50.62500405
209.0,93.54167415,50.62500405
173.0,95.20834095,50.62500405
149.0,95.62500765,50.62500405
3.0,96.04167435,50.62500405
336.0,96.45834105,50.62500405
12.0,96.87500775,50.62500405
336.0,98.12500785,50.62500405
55.0,98.95834125,50.62500405
89.0,107.29167525,50.62500405
269.0,116.87500935,50.62500405
358.0,119.37500955,50.62500405
142.0,-120.20834295,50.20833735
209.0,-117.70834275,50.20833735
208.0,-116.87500935,50.20833735
332.0,-108.12500865,50.20833735
244.0,-107.70834195,50.20833735
29.0,-99.37500795,50.20833735
346.0,52.70833755,50.20833735
338.0,57.70833795,50.20833735
151.0,58.54167135,50.20833735
198.0,58.95833805,50.20833735
88.0,59.37500475,50.20833735
157.0,60.62500485,50.20833735
236.0,61.04167155,50.20833735
342.0,66.87500535,50.20833735
270.0,68.12500545,50.20833735
288.0,70.62500565,50.20833735
77.0,71.45833905,50.20833735
285.0,72.29167245,50.20833735
323.0,73.54167255,50.20833735
246.0,73.95833925,50.20833735
266.0,74.79167265,50.20833735
231.0,75.62500605,50.20833735
235.0,76.45833945,50.20833735
300.0,78.95833965,50.20833735
185.0,79.37500635,50.20833735
94.0,79.79167305,50.20833735
183.0,80.62500645,50.20833735
199.0,83.12500665,50.20833735
87.0,86.87500695,50.20833735
27.0,87.70834035,50.20833735
0.0,88.54167375,50.20833735
172.0,88.95834045,50.20833735
74.0,89.37500715,50.20833735
317.0,89.79167385,50.20833735
110.0,90.20834055,50.20833735
120.0,90.62500725,50.20833735
-9999.0,91.04167395,50.20833735
273.0,93.54167415,50.20833735
244.0,95.20834095,50.20833735
189.0,95.62500765,50.20833735
334.0,96.04167435,50.20833735
108.0,96.45834105,50.20833735
140.0,96.87500775,50.20833735
203.0,112.29167565,50.20833735
347.0,114.79167585,50.20833735
-9999.0,-103.54167495,49.79167065
321.0,56.04167115,49.79167065
193.0,56.87500455,49.79167065
87.0,57.29167125,49.79167065
54.0,58.12500465,49.79167065
54.0,58.95833805,49.79167065
344.0,59.37500475,49.79167065
186.0,59.79167145,49.79167065
288.0,60.20833815,49.79167065
350.0,60.62500485,49.79167065
143.0,61.45833825,49.79167065
318.0,66.87500535,49.79167065
115.0,80.20833975,49.79167065
134.0,81.04167315,49.79167065
317.0,83.12500665,49.79167065
303.0,83.54167335,49.79167065
75.0,84.79167345,49.79167065
125.0,85.20834015,49.79167065
303.0,87.70834035,49.79167065
58.0,88.12500705,49.79167065
62.0,88.54167375,49.79167065
17.0,88.95834045,49.79167065
288.0,89.37500715,49.79167065
206.0,89.79167385,49.79167065
229.0,90.62500725,49.79167065
121.0,91.87500735,49.79167065
348.0,92.70834075,49.79167065
207.0,104.79167505,49.79167065
90.0,106.04167515,49.79167065
8.0,106.45834185,49.79167065
348.0,107.70834195,49.79167065
149.0,112.70834235,49.79167065
143.0,114.37500915,49.79167065
325.0,118.54167615,49.79167065
354.0,119.37500955,49.79167065
232.0,-119.79167625,49.37500395
45.0,-108.12500865,49.37500395
176.0,-101.87500815,49.37500395
17.0,-95.62500765,49.37500395
193.0,-1.45833345,49.37500395
338.0,0.208333350000004,49.37500395
11.0,0.625000050000011,49.37500395
186.0,58.54167135,49.37500395
2.0,59.37500475,49.37500395
254.0,59.79167145,49.37500395
290.0,60.20833815,49.37500395
0.0,60.62500485,49.37500395
52.0,61.04167155,49.37500395
163.0,66.87500535,49.37500395
353.0,79.79167305,49.37500395
25.0,80.20833975,49.37500395
292.0,87.70834035,49.37500395
55.0,88.12500705,49.37500395
150.0,88.54167375,49.37500395
112.0,88.95834045,49.37500395
102.0,89.37500715,49.37500395
161.0,91.45834065,49.37500395
132.0,92.70834075,49.37500395
326.0,94.37500755,49.37500395
303.0,96.04167435,49.37500395
151.0,99.79167465,49.37500395
148.0,101.45834145,49.37500395
89.0,104.37500835,49.37500395
175.0,114.79167585,49.37500395
162.0,-120.62500965,48.95833725
23.0,-118.12500945,48.95833725
219.0,-116.45834265,48.95833725
89.0,-115.20834255,48.95833725
296.0,-114.37500915,48.95833725
96.0,-113.12500905,48.95833725
7.0,-103.12500825,48.95833725
18.0,-99.37500795,48.95833725
243.0,-96.87500775,48.95833725
255.0,42.29167005,48.95833725
255.0,58.54167135,48.95833725
82.0,58.95833805,48.95833725
207.0,60.62500485,48.95833725
112.0,69.37500555,48.95833725
31.0,81.87500655,48.95833725
357.0,89.79167385,48.95833725
73.0,91.04167395,48.95833725
52.0,91.87500735,48.95833725
129.0,93.12500745,48.95833725
187.0,94.79167425,48.95833725
334.0,101.45834145,48.95833725
292.0,107.29167525,48.95833725
322.0,113.12500905,48.95833725
335.0,-121.04167635,48.54167055
252.0,-96.87500775,48.54167055
135.0,42.29167005,48.54167055
191.0,71.04167235,48.54167055
191.0,82.29167325,48.54167055
197.0,84.79167345,48.54167055
272.0,85.20834015,48.54167055
141.0,88.95834045,48.54167055
69.0,89.37500715,48.54167055
223.0,90.20834055,48.54167055
10.0,91.45834065,48.54167055
15.0,93.95834085,48.54167055
176.0,101.04167475,48.54167055
222.0,101.45834145,48.54167055
354.0,102.70834155,48.54167055
20.0,112.70834235,48.54167055
340.0,113.12500905,48.54167055
238.0,-113.95834245,48.12500385
70.0,74.37500595,48.12500385
84.0,85.20834015,48.12500385
337.0,88.95834045,48.12500385
342.0,91.45834065,48.12500385
96.0,94.79167425,48.12500385
198.0,99.37500795,48.12500385
288.0,104.79167505,48.12500385
81.0,-118.95834285,47.70833715
203.0,-118.12500945,47.70833715
166.0,-114.37500915,47.70833715
25.0,-113.12500905,47.70833715
230.0,-95.62500765,47.70833715
203.0,5.62500045000002,47.70833715
342.0,21.04166835,47.70833715
0.0,48.12500385,47.70833715
99.0,90.62500725,47.70833715
188.0,91.87500735,47.70833715
58.0,93.12500745,47.70833715
209.0,93.54167415,47.70833715
116.0,95.62500765,47.70833715
354.0,103.12500825,47.70833715
123.0,104.79167505,47.70833715
8.0,108.95834205,47.70833715
258.0,110.62500885,47.70833715
231.0,111.45834225,47.70833715
242.0,113.12500905,47.70833715
183.0,-119.79167625,47.29167045
30.0,-118.95834285,47.29167045
347.0,-118.54167615,47.29167045
290.0,-118.12500945,47.29167045
254.0,-117.29167605,47.29167045
342.0,-114.37500915,47.29167045
196.0,-96.87500775,47.29167045
23.0,20.62500165,47.29167045
270.0,21.04166835,47.29167045
108.0,26.45833545,47.29167045
159.0,36.87500295,47.29167045
147.0,38.54166975,47.29167045
175.0,60.20833815,47.29167045
313.0,60.62500485,47.29167045
139.0,85.20834015,47.29167045
24.0,86.04167355,47.29167045
174.0,88.54167375,47.29167045
50.0,91.87500735,47.29167045
297.0,92.29167405,47.29167045
225.0,92.70834075,47.29167045
35.0,93.12500745,47.29167045
78.0,103.12500825,47.29167045
185.0,103.95834165,47.29167045
288.0,105.20834175,47.29167045
323.0,111.04167555,47.29167045
159.0,-120.20834295,46.87500375
184.0,-119.79167625,46.87500375
159.0,-118.95834285,46.87500375
186.0,-117.70834275,46.87500375
172.0,-117.29167605,46.87500375
164.0,-114.37500915,46.87500375
261.0,-113.54167575,46.87500375
176.0,-112.29167565,46.87500375
257.0,-111.87500895,46.87500375
76.0,-111.45834225,46.87500375
342.0,-96.87500775,46.87500375
-9999.0,21.45833505,46.87500375
106.0,34.37500275,46.87500375
179.0,36.45833625,46.87500375
195.0,92.70834075,46.87500375
308.0,105.20834175,46.87500375
211.0,-120.20834295,46.45833705
27.0,-117.70834275,46.45833705
167.0,-117.29167605,46.45833705
343.0,-114.79167585,46.45833705
1.0,-114.37500915,46.45833705
109.0,-113.54167575,46.45833705
312.0,-113.12500905,46.45833705
278.0,-112.70834235,46.45833705
101.0,-112.29167565,46.45833705
151.0,-110.62500885,46.45833705
-9999.0,37.29166965,46.45833705
356.0,42.29167005,46.45833705
17.0,56.04167115,46.45833705
293.0,93.54167415,46.45833705
216.0,94.37500755,46.45833705
198.0,104.37500835,46.45833705
99.0,-120.20834295,46.04167035
191.0,-119.37500955,46.04167035
322.0,-118.12500945,46.04167035
19.0,-114.37500915,46.04167035
345.0,-113.95834245,46.04167035
135.0,-111.87500895,46.04167035
175.0,-110.20834215,46.04167035
126.0,-93.95834085,46.04167035
100.0,-0.208333350000004,46.04167035
168.0,21.45833505,46.04167035
-9999.0,50.20833735,46.04167035
49.0,58.54167135,46.04167035
-9999.0,59.79167145,46.04167035
330.0,83.95834005,46.04167035
217.0,93.54167415,46.04167035
153.0,-120.20834295,45.62500365
27.0,-119.37500955,45.62500365
269.0,-116.45834265,45.62500365
315.0,-113.54167575,45.62500365
120.0,-112.70834235,45.62500365
55.0,-111.87500895,45.62500365
256.0,28.95833565,45.62500365
-9999.0,30.62500245,45.62500365
33.0,43.95833685,45.62500365
18.0,44.79167025,45.62500365
326.0,57.70833795,45.62500365
307.0,58.54167135,45.62500365
-9999.0,58.95833805,45.62500365
351.0,67.70833875,45.62500365
346.0,-118.54167615,45.20833695
97.0,-118.12500945,45.20833695
233.0,-117.29167605,45.20833695
163.0,-115.62500925,45.20833695
68.0,-114.79167585,45.20833695
209.0,-114.37500915,45.20833695
68.0,-113.54167575,45.20833695
187.0,-112.70834235,45.20833695
206.0,-112.29167565,45.20833695
6.0,-111.45834225,45.20833695
147.0,-111.04167555,45.20833695
307.0,-110.62500885,45.20833695
77.0,-110.20834215,45.20833695
337.0,-109.79167545,45.20833695
160.0,-103.54167495,45.20833695
24.0,27.29166885,45.20833695
242.0,27.70833555,45.20833695
55.0,33.54166935,45.20833695
185.0,44.37500355,45.20833695
-9999.0,48.95833725,45.20833695
295.0,53.54167095,45.20833695
333.0,54.79167105,45.20833695
18.0,57.29167125,45.20833695
315.0,58.12500465,45.20833695
-9999.0,58.54167135,45.20833695
173.0,67.29167205,45.20833695
179.0,67.70833875,45.20833695
194.0,68.54167215,45.20833695
45.0,68.95833885,45.20833695
355.0,69.79167225,45.20833695
187.0,70.20833895,45.20833695
339.0,78.12500625,45.20833695
224.0,78.54167295,45.20833695
173.0,-120.20834295,44.79167025
17.0,-115.20834255,44.79167025
277.0,-114.79167585,44.79167025
343.0,-114.37500915,44.79167025
254.0,-113.54167575,44.79167025
271.0,-112.29167565,44.79167025
199.0,-111.87500895,44.79167025
213.0,-111.04167555,44.79167025
55.0,-110.20834215,44.79167025
21.0,-107.29167525,44.79167025
354.0,-102.70834155,44.79167025
152.0,28.54166895,44.79167025
-9999.0,33.12500265,44.79167025
324.0,38.12500305,44.79167025
-9999.0,50.20833735,44.79167025
239.0,53.54167095,44.79167025
315.0,56.04167115,44.79167025
334.0,67.29167205,44.79167025
321.0,67.70833875,44.79167025
135.0,68.12500545,44.79167025
195.0,68.54167215,44.79167025
0.0,68.95833885,44.79167025
334.0,69.79167225,44.79167025
208.0,70.20833895,44.79167025
357.0,77.70833955,44.79167025
3.0,78.12500625,44.79167025
323.0,-121.04167635,44.37500355
240.0,-120.62500965,44.37500355
212.0,-120.20834295,44.37500355
268.0,-118.54167615,44.37500355
305.0,-118.12500945,44.37500355
79.0,-113.95834245,44.37500355
172.0,-111.87500895,44.37500355
298.0,-110.20834215,44.37500355
222.0,-107.70834195,44.37500355
338.0,4.37500034999999,44.37500355
255.0,4.79166705,44.37500355
14.0,5.20833375000001,44.37500355
-9999.0,14.79166785,44.37500355
-9999.0,29.79166905,44.37500355
-9999.0,59.37500475,44.37500355
333.0,66.87500535,44.37500355
351.0,68.12500545,44.37500355
347.0,68.54167215,44.37500355
165.0,68.95833885,44.37500355
45.0,69.79167225,44.37500355
146.0,70.20833895,44.37500355
195.0,71.04167235,44.37500355
360.0,77.70833955,44.37500355
85.0,-121.04167635,43.95833685
138.0,-120.20834295,43.95833685
341.0,-119.79167625,43.95833685
121.0,-119.37500955,43.95833685
154.0,-118.12500945,43.95833685
317.0,-115.20834255,43.95833685
114.0,-114.37500915,43.95833685
291.0,-113.95834245,43.95833685
293.0,-111.45834225,43.95833685
259.0,-110.62500885,43.95833685
136.0,-110.20834215,43.95833685
118.0,-109.79167545,43.95833685
237.0,-109.37500875,43.95833685
123.0,-107.29167525,43.95833685
127.0,1.87500015000001,43.95833685
3.0,3.54166695000001,43.95833685
238.0,4.37500034999999,43.95833685
88.0,4.79166705,43.95833685
70.0,8.12500065,43.95833685
-9999.0,9.79166745000001,43.95833685
176.0,15.62500125,43.95833685
23.0,25.20833535,43.95833685
331.0,26.45833545,43.95833685
87.0,27.29166885,43.95833685
-9999.0,33.95833605,43.95833685
-9999.0,58.95833805,43.95833685
222.0,67.29167205,43.95833685
226.0,67.70833875,43.95833685
267.0,68.12500545,43.95833685
12.0,68.54167215,43.95833685
0.0,69.37500555,43.95833685
200.0,69.79167225,43.95833685
202.0,74.37500595,43.95833685
319.0,74.79167265,43.95833685
106.0,75.20833935,43.95833685
37.0,75.62500605,43.95833685
9.0,76.04167275,43.95833685
349.0,76.45833945,43.95833685
348.0,76.87500615,43.95833685
135.0,77.29167285,43.95833685
240.0,77.70833955,43.95833685
220.0,81.45833985,43.95833685
237.0,-120.62500965,43.54167015
54.0,-120.20834295,43.54167015
140.0,-119.79167625,43.54167015
344.0,-118.12500945,43.54167015
309.0,-117.29167605,43.54167015
334.0,-115.62500925,43.54167015
170.0,-113.12500905,43.54167015
220.0,-111.04167555,43.54167015
350.0,-110.20834215,43.54167015
140.0,-108.95834205,43.54167015
42.0,-108.12500865,43.54167015
108.0,-96.87500775,43.54167015
-9999.0,9.79166745000001,43.54167015
-9999.0,10.20833415,43.54167015
243.0,11.04166755,43.54167015
182.0,23.95833525,43.54167015
84.0,67.29167205,43.54167015
198.0,67.70833875,43.54167015
227.0,68.12500545,43.54167015
165.0,68.95833885,43.54167015
26.0,70.20833895,43.54167015
317.0,71.87500575,43.54167015
343.0,72.29167245,43.54167015
157.0,75.62500605,43.54167015
287.0,76.45833945,43.54167015
0.0,77.29167285,43.54167015
342.0,78.95833965,43.54167015
343.0,79.79167305,43.54167015
313.0,-121.45834305,43.12500345
339.0,-121.04167635,43.12500345
290.0,-120.62500965,43.12500345
278.0,-120.20834295,43.12500345
146.0,-119.79167625,43.12500345
322.0,-119.37500955,43.12500345
141.0,-118.12500945,43.12500345
105.0,-117.70834275,43.12500345
220.0,-117.29167605,43.12500345
74.0,-116.45834265,43.12500345
172.0,-115.62500925,43.12500345
194.0,-114.79167585,43.12500345
110.0,-114.37500915,43.12500345
273.0,-110.62500885,43.12500345
283.0,-110.20834215,43.12500345
14.0,-107.70834195,43.12500345
185.0,-101.04167475,43.12500345
323.0,2.70833354999999,43.12500345
-9999.0,5.62500045000002,43.12500345
266.0,6.04166714999999,43.12500345
-9999.0,6.45833385,43.12500345
-9999.0,7.29166724999999,43.12500345
-9999.0,17.29166805,43.12500345
-9999.0,28.95833565,43.12500345
306.0,41.45833665,43.12500345
222.0,41.87500335,43.12500345
279.0,42.29167005,43.12500345
193.0,42.70833675,43.12500345
134.0,43.12500345,43.12500345
354.0,64.79167185,43.12500345
164.0,67.70833875,43.12500345
152.0,68.12500545,43.12500345
189.0,68.95833885,43.12500345
142.0,69.37500555,43.12500345
322.0,70.20833895,43.12500345
339.0,71.04167235,43.12500345
352.0,71.45833905,43.12500345
322.0,72.29167245,43.12500345
49.0,73.54167255,43.12500345
54.0,73.95833925,43.12500345
214.0,-113.95834245,42.70833675
234.0,-113.12500905,42.70833675
101.0,-112.70834235,42.70833675
31.0,-111.87500895,42.70833675
19.0,-110.62500885,42.70833675
123.0,-110.20834215,42.70833675
219.0,-109.37500875,42.70833675
326.0,-107.70834195,42.70833675
199.0,-106.45834185,42.70833675
355.0,-106.04167515,42.70833675
60.0,-98.54167455,42.70833675
180.0,-97.29167445,42.70833675
212.0,-91.87500735,42.70833675
198.0,-3.95833364999999,42.70833675
-9999.0,8.95833404999999,42.70833675
108.0,43.95833685,42.70833675
34.0,64.37500515,42.70833675
40.0,64.79167185,42.70833675
351.0,68.12500545,42.70833675
111.0,70.62500565,42.70833675
130.0,-116.87500935,42.29167005
214.0,-116.45834265,42.29167005
12.0,-115.62500925,42.29167005
289.0,-114.79167585,42.29167005
63.0,-110.62500885,42.29167005
89.0,-110.20834215,42.29167005
352.0,-105.62500845,42.29167005
94.0,-98.54167455,42.29167005
32.0,-97.70834115,42.29167005
159.0,-96.04167435,42.29167005
155.0,-92.29167405,42.29167005
16.0,-4.79166705,42.29167005
119.0,-3.95833364999999,42.29167005
305.0,-3.12500025,42.29167005
122.0,-1.45833345,42.29167005
201.0,0.208333350000004,42.29167005
214.0,3.12500025,42.29167005
283.0,12.70833435,42.29167005
-9999.0,14.79166785,42.29167005
-9999.0,16.04166795,42.29167005
306.0,53.95833765,42.29167005
333.0,54.79167105,42.29167005
45.0,55.20833775,42.29167005
276.0,68.95833885,42.29167005
331.0,69.37500555,42.29167005
166.0,73.95833925,42.29167005
348.0,74.37500595,42.29167005
220.0,81.45833985,42.29167005
263.0,-122.29167645,41.87500335
249.0,-121.87500975,41.87500335
252.0,-121.45834305,41.87500335
58.0,-120.20834295,41.87500335
66.0,-117.29167605,41.87500335
32.0,-116.87500935,41.87500335
131.0,-116.45834265,41.87500335
351.0,-116.04167595,41.87500335
125.0,-112.29167565,41.87500335
270.0,-111.87500895,41.87500335
169.0,-109.37500875,41.87500335
344.0,-99.79167465,41.87500335
348.0,-97.70834115,41.87500335
116.0,-97.29167445,41.87500335
155.0,-96.87500775,41.87500335
9.0,-6.45833385,41.87500335
53.0,-1.45833345,41.87500335
145.0,-1.04166674999999,41.87500335
232.0,-0.625000050000011,41.87500335
201.0,-0.208333350000004,41.87500335
156.0,14.79166785,41.87500335
-9999.0,16.45833465,41.87500335
31.0,43.12500345,41.87500335
180.0,53.54167095,41.87500335
358.0,54.37500435,41.87500335
163.0,55.62500445,41.87500335
238.0,68.12500545,41.87500335
325.0,68.95833885,41.87500335
54.0,69.37500555,41.87500335
138.0,73.54167255,41.87500335
357.0,73.95833925,41.87500335
174.0,74.37500595,41.87500335
307.0,-122.29167645,41.45833665
148.0,-121.87500975,41.45833665
107.0,-121.45834305,41.45833665
27.0,-120.20834295,41.45833665
130.0,-118.95834285,41.45833665
11.0,-117.70834275,41.45833665
298.0,-116.87500935,41.45833665
317.0,-116.45834265,41.45833665
63.0,-114.79167585,41.45833665
151.0,-113.95834245,41.45833665
193.0,-112.29167565,41.45833665
270.0,-109.37500875,41.45833665
27.0,-104.79167505,41.45833665
359.0,-104.37500835,41.45833665
6.0,-98.54167455,41.45833665
131.0,-97.70834115,41.45833665
96.0,-4.79166705,41.45833665
134.0,-1.45833345,41.45833665
351.0,-1.04166674999999,41.45833665
141.0,-0.208333350000004,41.45833665
284.0,0.208333350000004,41.45833665
314.0,0.625000050000011,41.45833665
75.0,1.45833345,41.45833665
-9999.0,3.12500025,41.45833665
247.0,12.70833435,41.45833665
212.0,13.12500105,41.45833665
11.0,15.20833455,41.45833665
41.0,15.62500125,41.45833665
-9999.0,16.04166795,41.45833665
-9999.0,19.37500155,41.45833665
-9999.0,28.54166895,41.45833665
38.0,48.54167055,41.45833665
25.0,48.95833725,41.45833665
318.0,67.29167205,41.45833665
80.0,67.70833875,41.45833665
218.0,68.12500545,41.45833665
238.0,68.95833885,41.45833665
309.0,69.37500555,41.45833665
213.0,70.20833895,41.45833665
41.0,73.95833925,41.45833665
18.0,74.37500595,41.45833665
160.0,-117.29167605,41.04166995
335.0,-116.45834265,41.04166995
84.0,-114.79167585,41.04166995
136.0,-111.04167555,41.04166995
203.0,-109.37500875,41.04166995
126.0,-108.95834205,41.04166995
191.0,-106.87500855,41.04166995
45.0,-106.45834185,41.04166995
315.0,-105.62500845,41.04166995
7.0,-98.54167455,41.04166995
77.0,-98.12500785,41.04166995
283.0,-93.54167415,41.04166995
271.0,-5.62500044999999,41.04166995
56.0,-3.12500025,41.04166995
118.0,-2.70833354999999,41.04166995
167.0,-0.208333350000004,41.04166995
-9999.0,2.29166685000001,41.04166995
-9999.0,13.54166775,41.04166995
200.0,14.37500115,41.04166995
6.0,16.87500135,41.04166995
-9999.0,19.37500155,41.04166995
-9999.0,38.12500305,41.04166995
-9999.0,38.54166975,41.04166995
315.0,41.87500335,41.04166995
-9999.0,53.54167095,41.04166995
135.0,54.37500435,41.04166995
263.0,54.79167105,41.04166995
18.0,68.12500545,41.04166995
232.0,70.62500565,41.04166995
198.0,72.70833915,41.04166995
311.0,73.54167255,41.04166995
229.0,-121.04167635,40.62500325
269.0,-120.62500965,40.62500325
219.0,-120.20834295,40.62500325
252.0,-117.29167605,40.62500325
270.0,-116.87500935,40.62500325
58.0,-114.79167585,40.62500325
241.0,-110.62500885,40.62500325
111.0,-106.45834185,40.62500325
68.0,-91.45834065,40.62500325
135.0,-89.79167385,40.62500325
296.0,-5.20833375000001,40.62500325
178.0,-3.95833364999999,40.62500325
204.0,-2.29166684999998,40.62500325
169.0,0.208333350000004,40.62500325
-9999.0,8.12500065,40.62500325
-9999.0,13.95833445,40.62500325
-9999.0,14.79166785,40.62500325
164.0,15.20833455,40.62500325
191.0,17.29166805,40.62500325
-9999.0,18.54166815,40.62500325
-9999.0,18.95833485,40.62500325
225.0,19.37500155,40.62500325
-9999.0,25.20833535,40.62500325
-9999.0,27.29166885,40.62500325
-9999.0,28.95833565,40.62500325
356.0,29.37500235,40.62500325
218.0,33.95833605,40.62500325
144.0,37.70833635,40.62500325
20.0,38.54166975,40.62500325
33.0,42.29167005,40.62500325
329.0,47.29167045,40.62500325
199.0,47.70833715,40.62500325
113.0,48.95833725,40.62500325
90.0,53.12500425,40.62500325
18.0,53.54167095,40.62500325
15.0,53.95833765,40.62500325
257.0,54.37500435,40.62500325
47.0,57.29167125,40.62500325
63.0,68.12500545,40.62500325
154.0,70.62500565,40.62500325
336.0,71.04167235,40.62500325
281.0,71.45833905,40.62500325
357.0,71.87500575,40.62500325
120.0,113.12500905,40.62500325
165.0,-121.04167635,40.20833655
27.0,-120.20834295,40.20833655
80.0,-117.29167605,40.20833655
310.0,-112.70834235,40.20833655
52.0,-106.45834185,40.20833655
359.0,-97.29167445,40.20833655
188.0,-95.62500765,40.20833655
180.0,-94.37500755,40.20833655
266.0,-5.20833375000001,40.20833655
359.0,-4.79166705,40.20833655
108.0,-3.95833364999999,40.20833655
293.0,-3.54166695000001,40.20833655
163.0,-3.12500025,40.20833655
96.0,-2.70833354999999,40.20833655
-9999.0,2.70833354999999,40.20833655
-9999.0,3.12500025,40.20833655
22.0,16.04166795,40.20833655
105.0,31.87500255,40.20833655
65.0,36.87500295,40.20833655
2.0,37.29166965,40.20833655
298.0,37.70833635,40.20833655
6.0,48.54167055,40.20833655
-9999.0,52.70833755,40.20833655
130.0,57.29167125,40.20833655
261.0,71.04167235,40.20833655
349.0,71.87500575,40.20833655
99.0,73.95833925,40.20833655
-9999.0,-120.20834295,39.79166985
261.0,-119.79167625,39.79166985
276.0,-117.29167605,39.79166985
40.0,-110.62500885,39.79166985
52.0,-110.20834215,39.79166985
321.0,-94.37500755,39.79166985
74.0,-8.12500065,39.79166985
51.0,-7.70833395,39.79166985
211.0,-3.12500025,39.79166985
109.0,-1.04166674999999,39.79166985
127.0,-0.208333350000004,39.79166985
-9999.0,0.208333350000004,39.79166985
-9999.0,0.625000050000011,39.79166985
-9999.0,2.29166685000001,39.79166985
-9999.0,3.12500025,39.79166985
-9999.0,8.54166735000001,39.79166985
-9999.0,16.87500135,39.79166985
-9999.0,18.95833485,39.79166985
20.0,28.54166895,39.79166985
0.0,56.04167115,39.79166985
239.0,57.29167125,39.79166985
49.0,68.12500545,39.79166985
1.0,69.37500555,39.79166985
360.0,-120.20834295,39.37500315
4.0,-119.79167625,39.37500315
188.0,-111.87500895,39.37500315
188.0,-111.04167555,39.37500315
161.0,-110.20834215,39.37500315
3.0,-109.79167545,39.37500315
166.0,-108.54167535,39.37500315
12.0,-105.20834175,39.37500315
200.0,-97.29167445,39.37500315
242.0,-7.70833395,39.37500315
108.0,-5.20833375000001,39.37500315
315.0,-1.45833345,39.37500315
-9999.0,-0.208333350000004,39.37500315
-9999.0,2.29166685000001,39.37500315
-9999.0,2.70833354999999,39.37500315
195.0,3.12500025,39.37500315
-9999.0,3.54166695000001,39.37500315
-9999.0,8.12500065,39.37500315
173.0,9.37500075,39.37500315
260.0,20.62500165,39.37500315
212.0,21.04166835,39.37500315
35.0,22.70833515,39.37500315
-9999.0,26.45833545,39.37500315
104.0,27.29166885,39.37500315
290.0,37.29166965,39.37500315
357.0,38.54166975,39.37500315
175.0,38.95833645,39.37500315
182.0,39.37500315,39.37500315
276.0,53.12500425,39.37500315
18.0,53.54167095,39.37500315
106.0,55.20833775,39.37500315
60.0,56.04167115,39.37500315
201.0,56.87500455,39.37500315
63.0,57.70833795,39.37500315
342.0,58.54167135,39.37500315
345.0,74.37500595,39.37500315
48.0,76.87500615,39.37500315
320.0,-119.79167625,38.95833645
156.0,-116.45834265,38.95833645
13.0,-95.20834095,38.95833645
345.0,-7.70833395,38.95833645
241.0,-6.87500055000001,38.95833645
1.0,-5.62500044999999,38.95833645
104.0,-5.20833375000001,38.95833645
56.0,-0.208333350000004,38.95833645
-9999.0,1.87500015000001,38.95833645
-9999.0,3.12500025,38.95833645
-9999.0,9.79166745000001,38.95833645
-9999.0,17.29166805,38.95833645
-9999.0,25.62500205,38.95833645
328.0,48.54167055,38.95833645
322.0,55.20833775,38.95833645
270.0,58.54167135,38.95833645
187.0,77.29167285,38.95833645
342.0,77.70833955,38.95833645
16.0,78.12500625,38.95833645
53.0,-119.79167625,38.54166975
29.0,-117.70834275,38.54166975
152.0,-117.29167605,38.54166975
225.0,-116.87500935,38.54166975
138.0,-116.45834265,38.54166975
12.0,-114.37500915,38.54166975
162.0,-97.29167445,38.54166975
103.0,-7.70833395,38.54166975
317.0,-5.20833375000001,38.54166975
211.0,-3.95833364999999,38.54166975
76.0,-2.70833354999999,38.54166975
303.0,-1.04166674999999,38.54166975
186.0,-0.208333350000004,38.54166975
-9999.0,1.87500015000001,38.54166975
-9999.0,16.87500135,38.54166975
-9999.0,20.62500165,38.54166975
-9999.0,25.62500205,38.54166975
6.0,26.04166875,38.54166975
273.0,26.45833545,38.54166975
102.0,28.95833565,38.54166975
182.0,29.37500235,38.54166975
342.0,36.04166955,38.54166975
306.0,39.37500315,38.54166975
194.0,40.20833655,38.54166975
17.0,40.62500325,38.54166975
306.0,41.45833665,38.54166975
113.0,41.87500335,38.54166975
-9999.0,43.12500345,38.54166975
93.0,48.54167055,38.54166975
257.0,54.79167105,38.54166975
33.0,55.62500445,38.54166975
262.0,58.54167135,38.54166975
333.0,59.79167145,38.54166975
10.0,-119.37500955,38.12500305
171.0,-118.95834285,38.12500305
356.0,-118.54167615,38.12500305
208.0,-117.70834275,38.12500305
278.0,-117.29167605,38.12500305
135.0,-116.87500935,38.12500305
14.0,-112.29167565,38.12500305
181.0,-111.87500895,38.12500305
154.0,-108.95834205,38.12500305
203.0,-108.12500865,38.12500305
311.0,-106.87500855,38.12500305
-9999.0,-8.95833404999999,38.12500305
211.0,-7.70833395,38.12500305
336.0,-6.45833385,38.12500305
200.0,-6.04166714999999,38.12500305
53.0,-5.20833375000001,38.12500305
77.0,-4.79166705,38.12500305
214.0,-4.37500034999999,38.12500305
168.0,-3.95833364999999,38.12500305
322.0,-3.12500025,38.12500305
329.0,-2.70833354999999,38.12500305
-9999.0,13.54166775,38.12500305
-9999.0,13.95833445,38.12500305
6.0,15.20833455,38.12500305
-9999.0,20.20833495,38.12500305
204.0,20.62500165,38.12500305
248.0,21.45833505,38.12500305
250.0,22.29166845,38.12500305
-9999.0,22.70833515,38.12500305
-9999.0,26.04166875,38.12500305
348.0,28.12500225,38.12500305
31.0,28.54166895,38.12500305
215.0,57.29167125,38.12500305
215.0,66.45833865,38.12500305
340.0,71.04167235,38.12500305
302.0,73.54167255,38.12500305
319.0,73.95833925,38.12500305
297.0,74.79167265,38.12500305
344.0,96.45834105,38.12500305
36.0,-118.95834285,37.70833635
65.0,-118.12500945,37.70833635
50.0,-112.29167565,37.70833635
307.0,-93.12500745,37.70833635
51.0,-7.70833395,37.70833635
111.0,-7.29166724999999,37.70833635
190.0,-6.87500055000001,37.70833635
281.0,-6.45833385,37.70833635
210.0,-5.20833375000001,37.70833635
28.0,-4.79166705,37.70833635
302.0,-4.37500034999999,37.70833635
184.0,-3.54166695000001,37.70833635
277.0,-2.29166684999998,37.70833635
28.0,-1.87500015000001,37.70833635
-9999.0,9.37500075,37.70833635
-9999.0,10.20833415,37.70833635
31.0,13.54166775,37.70833635
89.0,15.20833455,37.70833635
-9999.0,20.62500165,37.70833635
178.0,22.70833515,37.70833635
162.0,38.95833645,37.70833635
315.0,39.37500315,37.70833635
27.0,40.20833655,37.70833635
295.0,40.62500325,37.70833635
328.0,41.87500335,37.70833635
-9999.0,49.37500395,37.70833635
51.0,54.37500435,37.70833635
177.0,57.29167125,37.70833635
22.0,57.70833795,37.70833635
333.0,58.12500465,37.70833635
147.0,71.87500575,37.70833635
73.0,73.54167255,37.70833635
312.0,73.95833925,37.70833635
194.0,74.37500595,37.70833635
187.0,74.79167265,37.70833635
54.0,75.20833935,37.70833635
229.0,75.62500605,37.70833635
198.0,105.20834175,37.70833635
247.0,107.70834195,37.70833635
7.0,-118.54167615,37.29166965
103.0,-118.12500945,37.29166965
310.0,-117.70834275,37.29166965
267.0,-113.12500905,37.29166965
275.0,-107.29167525,37.29166965
17.0,-105.20834175,37.29166965
14.0,-104.79167505,37.29166965
141.0,-96.04167435,37.29166965
220.0,-5.20833375000001,37.29166965
3.0,-4.79166705,37.29166965
157.0,-4.37500034999999,37.29166965
273.0,-2.29166684999998,37.29166965
-9999.0,-1.04166674999999,37.29166965
-9999.0,3.12500025,37.29166965
-9999.0,3.54166695000001,37.29166965
-9999.0,3.95833365000001,37.29166965
-9999.0,4.37500034999999,37.29166965
-9999.0,4.79166705,37.29166965
-9999.0,5.20833375000001,37.29166965
-9999.0,6.45833385,37.29166965
-9999.0,8.95833404999999,37.29166965
-9999.0,15.20833455,37.29166965
-9999.0,15.62500125,37.29166965
320.0,22.70833515,37.29166965
-9999.0,26.45833545,37.29166965
231.0,35.62500285,37.29166965
307.0,36.04166955,37.29166965
222.0,36.45833625,37.29166965
139.0,37.29166965,37.29166965
353.0,38.54166975,37.29166965
225.0,40.20833655,37.29166965
83.0,40.62500325,37.29166965
351.0,49.37500395,37.29166965
337.0,49.79167065,37.29166965
0.0,50.20833735,37.29166965
-9999.0,53.54167095,37.29166965
85.0,57.70833795,37.29166965
187.0,58.54167135,37.29166965
315.0,60.62500485,37.29166965
30.0,72.70833915,37.29166965
275.0,73.54167255,37.29166965
43.0,74.79167265,37.29166965
61.0,75.20833935,37.29166965
128.0,75.62500605,37.29166965
173.0,76.04167275,37.29166965
243.0,101.45834145,37.29166965
355.0,102.70834155,37.29166965
189.0,104.37500835,37.29166965
24.0,105.62500845,37.29166965
350.0,106.04167515,37.29166965
338.0,106.87500855,37.29166965
163.0,107.29167525,37.29166965
240.0,-118.12500945,36.87500295
132.0,-117.70834275,36.87500295
63.0,-104.79167505,36.87500295
193.0,-104.37500835,36.87500295
261.0,-103.95834165,36.87500295
120.0,-96.04167435,36.87500295
-9999.0,-8.12500065,36.87500295
312.0,-5.62500044999999,36.87500295
339.0,-5.20833375000001,36.87500295
342.0,-4.37500034999999,36.87500295
183.0,-3.95833364999999,36.87500295
170.0,-2.29166684999998,36.87500295
-9999.0,0.625000050000011,36.87500295
-9999.0,1.45833345,36.87500295
-9999.0,1.87500015000001,36.87500295
-9999.0,2.29166685000001,36.87500295
-9999.0,2.70833354999999,36.87500295
-9999.0,3.12500025,36.87500295
299.0,3.95833365000001,36.87500295
28.0,4.37500034999999,36.87500295
40.0,4.79166705,36.87500295
-9999.0,5.20833375000001,36.87500295
-9999.0,5.62500045000002,36.87500295
88.0,6.45833385,36.87500295
120.0,7.29166724999999,36.87500295
243.0,8.54166735000001,36.87500295
197.0,14.79166785,36.87500295
-9999.0,15.62500125,36.87500295
-9999.0,26.04166875,36.87500295
-9999.0,31.04166915,36.87500295
157.0,43.54167015,36.87500295
78.0,49.79167065,36.87500295
42.0,50.20833735,36.87500295
-9999.0,51.04167075,36.87500295
19.0,57.29167125,36.87500295
5.0,67.70833875,36.87500295
70.0,73.95833925,36.87500295
33.0,75.62500605,36.87500295
-9999.0,100.20834135,36.87500295
252.0,101.45834145,36.87500295
255.0,101.87500815,36.87500295
47.0,106.87500855,36.87500295
206.0,107.29167525,36.87500295
81.0,-118.12500945,36.45833625
85.0,-117.70834275,36.45833625
69.0,-117.29167605,36.45833625
39.0,-106.87500855,36.45833625
41.0,-96.04167435,36.45833625
135.0,-93.12500745,36.45833625
239.0,-6.04166714999999,36.45833625
-9999.0,-4.37500034999999,36.45833625
-9999.0,-2.70833354999999,36.45833625
-9999.0,-2.29166684999998,36.45833625
-9999.0,-0.208333350000004,36.45833625
-9999.0,0.208333350000004,36.45833625
-9999.0,0.625000050000011,36.45833625
315.0,1.04166674999999,36.45833625
270.0,1.45833345,36.45833625
111.0,1.87500015000001,36.45833625
117.0,2.29166685000001,36.45833625
37.0,3.12500025,36.45833625
7.0,3.54166695000001,36.45833625
6.0,3.95833365000001,36.45833625
116.0,4.37500034999999,36.45833625
336.0,4.79166705,36.45833625
203.0,5.20833375000001,36.45833625
246.0,5.62500045000002,36.45833625
59.0,6.45833385,36.45833625
145.0,6.87500055000001,36.45833625
-9999.0,14.79166785,36.45833625
-9999.0,28.95833565,36.45833625
321.0,29.37500235,36.45833625
-9999.0,30.62500245,36.45833625
-9999.0,31.04166915,36.45833625
332.0,32.70833595,36.45833625
46.0,33.54166935,36.45833625
281.0,37.29166965,36.45833625
204.0,42.70833675,36.45833625
235.0,43.54167015,36.45833625
159.0,46.87500375,36.45833625
6.0,48.54167055,36.45833625
150.0,51.87500415,36.45833625
0.0,52.70833755,36.45833625
15.0,57.70833795,36.45833625
125.0,58.95833805,36.45833625
190.0,63.95833845,36.45833625
62.0,65.62500525,36.45833625
331.0,71.04167235,36.45833625
329.0,72.70833915,36.45833625
63.0,73.12500585,36.45833625
200.0,73.54167255,36.45833625
40.0,73.95833925,36.45833625
33.0,74.79167265,36.45833625
337.0,75.62500605,36.45833625
256.0,76.04167275,36.45833625
140.0,76.87500615,36.45833625
254.0,107.29167525,36.45833625
178.0,107.70834195,36.45833625
228.0,-118.12500945,36.04166955
258.0,-117.70834275,36.04166955
70.0,-117.29167605,36.04166955
249.0,-106.87500855,36.04166955
120.0,-104.79167505,36.04166955
256.0,-97.29167445,36.04166955
-9999.0,-6.45833385,36.04166955
-9999.0,-0.625000050000011,36.04166955
-9999.0,-0.208333350000004,36.04166955
130.0,0.208333350000004,36.04166955
313.0,0.625000050000011,36.04166955
345.0,1.87500015000001,36.04166955
73.0,3.12500025,36.04166955
3.0,4.37500034999999,36.04166955
206.0,5.62500045000002,36.04166955
336.0,6.45833385,36.04166955
-9999.0,14.37500115,36.04166955
-9999.0,29.37500235,36.04166955
-9999.0,29.79166905,36.04166955
-9999.0,30.20833575,36.04166955
-9999.0,30.62500245,36.04166955
-9999.0,32.29166925,36.04166955
179.0,32.70833595,36.04166955
-9999.0,33.12500265,36.04166955
-9999.0,33.54166935,36.04166955
174.0,42.70833675,36.04166955
354.0,43.54167015,36.04166955
23.0,44.79167025,36.04166955
161.0,48.54167055,36.04166955
30.0,48.95833725,36.04166955
112.0,49.79167065,36.04166955
107.0,51.04167075,36.04166955
63.0,52.70833755,36.04166955
114.0,63.12500505,36.04166955
126.0,63.54167175,36.04166955
253.0,64.37500515,36.04166955
15.0,65.20833855,36.04166955
343.0,68.12500545,36.04166955
287.0,71.87500575,36.04166955
32.0,73.95833925,36.04166955
179.0,74.37500595,36.04166955
128.0,74.79167265,36.04166955
201.0,75.20833935,36.04166955
203.0,75.62500605,36.04166955
319.0,76.04167275,36.04166955
0.0,76.87500615,36.04166955
196.0,77.29167285,36.04166955
47.0,88.95834045,36.04166955
277.0,89.79167385,36.04166955
124.0,90.20834055,36.04166955
348.0,90.62500725,36.04166955
30.0,101.87500815,36.04166955
120.0,102.70834155,36.04166955
66.0,106.04167515,36.04166955
133.0,108.54167535,36.04166955
344.0,-118.12500945,35.62500285
250.0,-106.87500855,35.62500285
64.0,-105.62500845,35.62500285
291.0,-96.45834105,35.62500285
-9999.0,-6.45833385,35.62500285
-9999.0,-4.79166705,35.62500285
-9999.0,-4.37500034999999,35.62500285
-9999.0,-1.45833345,35.62500285
331.0,-1.04166674999999,35.62500285
175.0,-0.625000050000011,35.62500285
59.0,-0.208333350000004,35.62500285
287.0,0.625000050000011,35.62500285
274.0,6.04166714999999,35.62500285
314.0,6.45833385,35.62500285
-9999.0,25.62500205,35.62500285
-9999.0,32.70833595,35.62500285
-9999.0,33.12500265,35.62500285
-9999.0,33.95833605,35.62500285
-9999.0,34.37500275,35.62500285
189.0,47.70833715,35.62500285
197.0,51.04167075,35.62500285
320.0,52.70833755,35.62500285
198.0,53.12500425,35.62500285
350.0,61.87500495,35.62500285
234.0,62.70833835,35.62500285
129.0,64.79167185,35.62500285
163.0,68.12500545,35.62500285
357.0,71.04167235,35.62500285
326.0,73.95833925,35.62500285
19.0,74.37500595,35.62500285
165.0,74.79167265,35.62500285
192.0,75.20833935,35.62500285
233.0,75.62500605,35.62500285
244.0,76.04167275,35.62500285
320.0,76.45833945,35.62500285
213.0,76.87500615,35.62500285
58.0,77.29167285,35.62500285
190.0,91.87500735,35.62500285
276.0,102.70834155,35.62500285
195.0,103.95834165,35.62500285
75.0,108.95834205,35.62500285
342.0,-118.12500945,35.20833615
12.0,-105.62500845,35.20833615
21.0,-5.20833375000001,35.20833615
-9999.0,-4.37500034999999,35.20833615
26.0,-3.54166695000001,35.20833615
-9999.0,-2.70833354999999,35.20833615
334.0,-1.04166674999999,35.20833615
233.0,-0.208333350000004,35.20833615
324.0,0.208333350000004,35.20833615
154.0,1.04166674999999,35.20833615
113.0,2.70833354999999,35.20833615
-9999.0,3.54166695000001,35.20833615
-9999.0,11.45833425,35.20833615
-9999.0,27.29166885,35.20833615
-9999.0,32.29166925,35.20833615
175.0,33.12500265,35.20833615
-9999.0,34.37500275,35.20833615
98.0,51.04167075,35.20833615
55.0,52.29167085,35.20833615
145.0,62.70833835,35.20833615
329.0,63.12500505,35.20833615
242.0,65.62500525,35.20833615
136.0,66.04167195,35.20833615
41.0,66.45833865,35.20833615
349.0,67.29167205,35.20833615
114.0,71.45833905,35.20833615
91.0,74.79167265,35.20833615
301.0,75.62500605,35.20833615
193.0,76.04167275,35.20833615
216.0,76.45833945,35.20833615
312.0,76.87500615,35.20833615
38.0,77.29167285,35.20833615
120.0,77.70833955,35.20833615
166.0,78.12500625,35.20833615
329.0,88.95834045,35.20833615
126.0,89.79167385,35.20833615
326.0,90.20834055,35.20833615
356.0,91.04167395,35.20833615
56.0,95.20834095,35.20833615
112.0,95.62500765,35.20833615
252.0,96.04167435,35.20833615
224.0,96.45834105,35.20833615
144.0,97.29167445,35.20833615
181.0,98.12500785,35.20833615
28.0,98.54167455,35.20833615
73.0,98.95834125,35.20833615
204.0,103.12500825,35.20833615
330.0,103.54167495,35.20833615
259.0,103.95834165,35.20833615
39.0,106.87500855,35.20833615
156.0,-97.29167445,34.79166945
-9999.0,-6.87500055000001,34.79166945
241.0,-5.20833375000001,34.79166945
293.0,-4.37500034999999,34.79166945
258.0,-3.12500025,34.79166945
263.0,-2.70833354999999,34.79166945
327.0,-1.87500015000001,34.79166945
356.0,-1.04166674999999,34.79166945
330.0,-0.625000050000011,34.79166945
-9999.0,11.45833425,34.79166945
-9999.0,32.29166925,34.79166945
330.0,32.70833595,34.79166945
309.0,33.12500265,34.79166945
-9999.0,33.54166935,34.79166945
-9999.0,34.37500275,34.79166945
-9999.0,35.62500285,34.79166945
201.0,36.04166955,34.79166945
68.0,38.95833645,34.79166945
4.0,52.70833755,34.79166945
55.0,53.54167095,34.79166945
18.0,54.79167105,34.79166945
207.0,66.04167195,34.79166945
160.0,66.45833865,34.79166945
283.0,67.29167205,34.79166945
38.0,67.70833875,34.79166945
287.0,73.95833925,34.79166945
296.0,74.37500595,34.79166945
177.0,74.79167265,34.79166945
91.0,75.20833935,34.79166945
31.0,75.62500605,34.79166945
15.0,76.04167275,34.79166945
9.0,76.45833945,34.79166945
299.0,76.87500615,34.79166945
178.0,77.29167285,34.79166945
161.0,77.70833955,34.79166945
62.0,78.12500625,34.79166945
242.0,78.54167295,34.79166945
32.0,78.95833965,34.79166945
45.0,90.20834055,34.79166945
150.0,90.62500725,34.79166945
244.0,91.04167395,34.79166945
190.0,91.87500735,34.79166945
250.0,95.62500765,34.79166945
94.0,96.04167435,34.79166945
29.0,96.45834105,34.79166945
26.0,96.87500775,34.79166945
21.0,97.29167445,34.79166945
61.0,97.70834115,34.79166945
69.0,98.54167455,34.79166945
13.0,98.95834125,34.79166945
89.0,102.29167485,34.79166945
1.0,102.70834155,34.79166945
324.0,103.95834165,34.79166945
246.0,105.20834175,34.79166945
2.0,106.87500855,34.79166945
57.0,109.79167545,34.79166945
-9999.0,-6.87500055000001,34.37500275
152.0,-6.45833385,34.37500275
80.0,-5.62500044999999,34.37500275
106.0,-5.20833375000001,34.37500275
300.0,-4.79166705,34.37500275
27.0,-4.37500034999999,34.37500275
31.0,-3.95833364999999,34.37500275
164.0,-3.54166695000001,34.37500275
243.0,-3.12500025,34.37500275
-9999.0,32.70833595,34.37500275
-9999.0,33.12500265,34.37500275
-9999.0,35.20833615,34.37500275
348.0,36.04166955,34.37500275
68.0,36.45833625,34.37500275
240.0,44.37500355,34.37500275
24.0,52.29167085,34.37500275
181.0,52.70833755,34.37500275
214.0,53.95833765,34.37500275
5.0,65.20833855,34.37500275
78.0,65.62500525,34.37500275
13.0,67.29167205,34.37500275
166.0,68.12500545,34.37500275
286.0,74.79167265,34.37500275
160.0,75.20833935,34.37500275
23.0,76.45833945,34.37500275
209.0,76.87500615,34.37500275
357.0,77.29167285,34.37500275
105.0,78.12500625,34.37500275
96.0,78.54167295,34.37500275
360.0,90.62500725,34.37500275
127.0,91.45834065,34.37500275
176.0,91.87500735,34.37500275
22.0,93.95834085,34.37500275
169.0,96.45834105,34.37500275
1.0,97.29167445,34.37500275
61.0,97.70834115,34.37500275
308.0,98.12500785,34.37500275
43.0,98.95834125,34.37500275
340.0,101.04167475,34.37500275
251.0,102.70834155,34.37500275
213.0,103.95834165,34.37500275
77.0,105.20834175,34.37500275
154.0,105.62500845,34.37500275
346.0,106.87500855,34.37500275
140.0,107.29167525,34.37500275
124.0,108.95834205,34.37500275
17.0,109.37500875,34.37500275
21.0,109.79167545,34.37500275
49.0,-108.54167535,33.95833605
201.0,-108.12500865,33.95833605
283.0,-107.70834195,33.95833605
148.0,-96.45834105,33.95833605
-9999.0,-7.70833395,33.95833605
-9999.0,-7.29166724999999,33.95833605
345.0,-6.87500055000001,33.95833605
78.0,-6.45833385,33.95833605
225.0,-6.04166714999999,33.95833605
330.0,-5.62500044999999,33.95833605
291.0,-5.20833375000001,33.95833605
185.0,-2.29166684999998,33.95833605
77.0,0.625000050000011,33.95833605
132.0,3.54166695000001,33.95833605
-9999.0,35.20833615,33.95833605
293.0,35.62500285,33.95833605
132.0,36.04166955,33.95833605
8.0,44.37500355,33.95833605
357.0,52.29167085,33.95833605
26.0,53.12500425,33.95833605
326.0,67.29167205,33.95833605
214.0,76.45833945,33.95833605
351.0,76.87500615,33.95833605
208.0,77.29167285,33.95833605
231.0,77.70833955,33.95833605
88.0,78.12500625,33.95833605
267.0,78.95833965,33.95833605
39.0,91.45834065,33.95833605
135.0,91.87500735,33.95833605
341.0,94.37500755,33.95833605
352.0,94.79167425,33.95833605
37.0,95.20834095,33.95833605
152.0,95.62500765,33.95833605
194.0,97.29167445,33.95833605
194.0,97.70834115,33.95833605
173.0,98.12500785,33.95833605
300.0,98.54167455,33.95833605
60.0,101.45834145,33.95833605
294.0,101.87500815,33.95833605
28.0,103.54167495,33.95833605
40.0,103.95834165,33.95833605
7.0,104.37500835,33.95833605
44.0,105.20834175,33.95833605
104.0,-96.45834105,33.54166935
-9999.0,-8.12500065,33.54166935
326.0,-7.29166724999999,33.54166935
192.0,-6.87500055000001,33.54166935
86.0,-6.45833385,33.54166935
177.0,-6.04166714999999,33.54166935
31.0,-5.62500044999999,33.54166935
90.0,6.45833385,33.54166935
45.0,10.20833415,33.54166935
341.0,11.04166755,33.54166935
-9999.0,11.45833425,33.54166935
-9999.0,11.87500095,33.54166935
-9999.0,35.20833615,33.54166935
232.0,48.54167055,33.54166935
340.0,67.29167205,33.54166935
79.0,67.70833875,33.54166935
279.0,75.62500605,33.54166935
188.0,76.87500615,33.54166935
96.0,77.29167285,33.54166935
12.0,77.70833955,33.54166935
171.0,78.95833965,33.54166935
287.0,88.95834045,33.54166935
179.0,90.20834055,33.54166935
173.0,91.45834065,33.54166935
331.0,93.95834085,33.54166935
191.0,94.79167425,33.54166935
196.0,95.20834095,33.54166935
274.0,98.95834125,33.54166935
169.0,101.45834145,33.54166935
102.0,101.87500815,33.54166935
59.0,103.54167495,33.54166935
192.0,105.20834175,33.54166935
-9999.0,-8.95833404999999,33.12500265
106.0,-8.54166735000001,33.12500265
20.0,-8.12500065,33.12500265
120.0,-6.87500055000001,33.12500265
327.0,-6.45833385,33.12500265
351.0,-6.04166714999999,33.12500265
101.0,-5.62500044999999,33.12500265
130.0,6.04166714999999,33.12500265
313.0,9.79166745000001,33.12500265
92.0,11.04166755,33.12500265
-9999.0,12.70833435,33.12500265
-9999.0,13.95833445,33.12500265
-9999.0,21.45833505,33.12500265
-9999.0,21.87500175,33.12500265
-9999.0,22.29166845,33.12500265
107.0,35.62500285,33.12500265
0.0,39.37500315,33.12500265
358.0,41.45833665,33.12500265
104.0,48.12500385,33.12500265
116.0,50.20833735,33.12500265
331.0,65.62500525,33.12500265
215.0,70.62500565,33.12500265
7.0,77.29167285,33.12500265
170.0,88.54167375,33.12500265
165.0,89.79167385,33.12500265
282.0,90.20834055,33.12500265
80.0,90.62500725,33.12500265
272.0,91.45834065,33.12500265
2.0,91.87500735,33.12500265
343.0,92.29167405,33.12500265
51.0,92.70834075,33.12500265
54.0,93.95834085,33.12500265
359.0,94.37500755,33.12500265
216.0,94.79167425,33.12500265
185.0,101.04167475,33.12500265
67.0,101.45834145,33.12500265
212.0,102.29167485,33.12500265
93.0,104.37500835,33.12500265
135.0,106.04167515,33.12500265
-9999.0,-9.37500075,32.70833595
324.0,-8.54166735000001,32.70833595
148.0,-7.70833395,32.70833595
60.0,-7.29166724999999,32.70833595
268.0,-6.87500055000001,32.70833595
169.0,-6.45833385,32.70833595
249.0,-6.04166714999999,32.70833595
105.0,-3.12500025,32.70833595
63.0,9.79166745000001,32.70833595
14.0,10.20833415,32.70833595
14.0,12.70833435,32.70833595
16.0,13.12500105,32.70833595
-9999.0,20.62500165,32.70833595
202.0,45.20833695,32.70833595
196.0,69.79167225,32.70833595
236.0,75.20833935,32.70833595
29.0,78.95833965,32.70833595
234.0,86.04167355,32.70833595
254.0,88.12500705,32.70833595
229.0,88.54167375,32.70833595
227.0,88.95834045,32.70833595
137.0,89.37500715,32.70833595
175.0,90.62500725,32.70833595
232.0,91.87500735,32.70833595
96.0,92.29167405,32.70833595
281.0,93.12500745,32.70833595
206.0,94.37500755,32.70833595
178.0,94.79167425,32.70833595
22.0,98.95834125,32.70833595
224.0,100.62500805,32.70833595
48.0,101.45834145,32.70833595
79.0,101.87500815,32.70833595
80.0,103.12500825,32.70833595
133.0,103.95834165,32.70833595
20.0,105.62500845,32.70833595
-9999.0,-9.37500075,32.29166925
3.0,-8.95833404999999,32.29166925
166.0,-6.87500055000001,32.29166925
297.0,-6.45833385,32.29166925
77.0,5.20833375000001,32.29166925
270.0,6.04166714999999,32.29166925
180.0,6.45833385,32.29166925
135.0,11.04166755,32.29166925
339.0,11.45833425,32.29166925
73.0,13.54166775,32.29166925
22.0,20.62500165,32.29166925
173.0,21.87500175,32.29166925
-9999.0,34.37500275,32.29166925
232.0,36.45833625,32.29166925
264.0,45.62500365,32.29166925
243.0,46.04167035,32.29166925
17.0,68.95833885,32.29166925
162.0,69.37500555,32.29166925
190.0,70.20833895,32.29166925
235.0,76.87500615,32.29166925
281.0,78.95833965,32.29166925
220.0,85.20834015,32.29166925
178.0,87.70834035,32.29166925
276.0,91.45834065,32.29166925
198.0,91.87500735,32.29166925
103.0,92.29167405,32.29166925
290.0,92.70834075,32.29166925
35.0,93.12500745,32.29166925
104.0,99.37500795,32.29166925
297.0,100.62500805,32.29166925
149.0,101.45834145,32.29166925
130.0,101.87500815,32.29166925
261.0,-101.04167475,31.87500255
-9999.0,-9.79166745000001,31.87500255
74.0,-9.37500075,31.87500255
205.0,-6.45833385,31.87500255
343.0,-1.87500015000001,31.87500255
-9999.0,6.04166714999999,31.87500255
225.0,6.45833385,31.87500255
175.0,7.29166724999999,31.87500255
260.0,11.04166755,31.87500255
226.0,12.29166765,31.87500255
130.0,13.54166775,31.87500255
-9999.0,15.62500125,31.87500255
-9999.0,19.79166825,31.87500255
177.0,20.62500165,31.87500255
50.0,21.87500175,31.87500255
265.0,35.62500285,31.87500255
184.0,36.45833625,31.87500255
209.0,45.20833695,31.87500255
4.0,46.04167035,31.87500255
157.0,47.29167045,31.87500255
143.0,49.37500395,31.87500255
277.0,68.95833885,31.87500255
111.0,70.20833895,31.87500255
204.0,78.95833965,31.87500255
332.0,79.37500635,31.87500255
336.0,85.20834015,31.87500255
7.0,85.62500685,31.87500255
178.0,86.04167355,31.87500255
299.0,86.87500695,31.87500255
319.0,91.45834065,31.87500255
138.0,91.87500735,31.87500255
21.0,100.20834135,31.87500255
82.0,101.04167475,31.87500255
179.0,101.45834145,31.87500255
141.0,102.70834155,31.87500255
137.0,103.12500825,31.87500255
342.0,-9.37500075,31.45833585
348.0,-8.95833404999999,31.45833585
142.0,-6.04166714999999,31.45833585
135.0,-0.625000050000011,31.45833585
135.0,12.70833435,31.45833585
16.0,14.37500115,31.45833585
-9999.0,16.04166795,31.45833585
-9999.0,16.87500135,31.45833585
268.0,21.87500175,31.45833585
-9999.0,34.37500275,31.45833585
249.0,34.79166945,31.45833585
211.0,46.04167035,31.45833585
39.0,48.12500385,31.45833585
172.0,49.37500395,31.45833585
313.0,68.95833885,31.45833585
21.0,79.37500635,31.45833585
356.0,80.62500645,31.45833585
144.0,81.04167315,31.45833585
342.0,84.79167345,31.45833585
213.0,85.62500685,31.45833585
257.0,86.04167355,31.45833585
75.0,86.45834025,31.45833585
54.0,86.87500695,31.45833585
161.0,88.12500705,31.45833585
118.0,88.54167375,31.45833585
38.0,88.95834045,31.45833585
245.0,89.37500715,31.45833585
315.0,89.79167385,31.45833585
192.0,90.20834055,31.45833585
251.0,90.62500725,31.45833585
285.0,91.04167395,31.45833585
93.0,91.45834065,31.45833585
123.0,92.29167405,31.45833585
337.0,98.12500785,31.45833585
24.0,100.20834135,31.45833585
284.0,101.87500815,31.45833585
161.0,103.54167495,31.45833585
105.0,-108.12500865,31.04166915
119.0,-99.79167465,31.04166915
206.0,-9.37500075,31.04166915
306.0,-8.95833404999999,31.04166915
264.0,-8.54166735000001,31.04166915
186.0,-1.45833345,31.04166915
143.0,6.04166714999999,31.04166915
235.0,6.45833385,31.04166915
53.0,10.20833415,31.04166915
6.0,11.04166755,31.04166915
140.0,13.95833445,31.04166915
149.0,16.04166795,31.04166915
196.0,21.87500175,31.04166915
225.0,41.87500335,31.04166915
167.0,68.12500545,31.04166915
40.0,83.12500665,31.04166915
130.0,85.20834015,31.04166915
131.0,87.70834035,31.04166915
177.0,88.12500705,31.04166915
225.0,88.54167375,31.04166915
125.0,88.95834045,31.04166915
204.0,96.87500775,31.04166915
66.0,98.95834125,31.04166915
345.0,99.79167465,31.04166915
113.0,100.20834135,31.04166915
68.0,101.04167475,31.04166915
38.0,101.45834145,31.04166915
7.0,-98.95834125,30.62500245
162.0,-9.37500075,30.62500245
185.0,-8.95833404999999,30.62500245
186.0,-8.54166735000001,30.62500245
210.0,-8.12500065,30.62500245
314.0,13.95833445,30.62500245
124.0,14.79166785,30.62500245
166.0,16.04166795,30.62500245
117.0,21.87500175,30.62500245
34.0,28.54166895,30.62500245
205.0,34.37500275,30.62500245
49.0,37.29166965,30.62500245
173.0,38.12500305,30.62500245
112.0,40.62500325,30.62500245
162.0,41.45833665,30.62500245
81.0,41.87500335,30.62500245
353.0,58.12500465,30.62500245
72.0,58.54167135,30.62500245
35.0,68.12500545,30.62500245
-9999.0,81.45833985,30.62500245
177.0,82.29167325,30.62500245
203.0,86.04167355,30.62500245
153.0,86.45834025,30.62500245
88.0,88.95834045,30.62500245
206.0,101.45834145,30.62500245
298.0,-8.95833404999999,30.20833575
72.0,-8.54166735000001,30.20833575
192.0,-7.29166724999999,30.20833575
119.0,8.95833404999999,30.20833575
178.0,11.04166755,30.20833575
86.0,14.79166785,30.20833575
69.0,15.20833455,30.20833575
325.0,16.04166795,30.20833575
27.0,19.79166825,30.20833575
175.0,21.04166835,30.20833575
230.0,21.45833505,30.20833575
117.0,22.70833515,30.20833575
346.0,23.95833525,30.20833575
8.0,26.04166875,30.20833575
184.0,27.29166885,30.20833575
281.0,27.70833555,30.20833575
269.0,28.54166895,30.20833575
350.0,28.95833565,30.20833575
167.0,39.37500315,30.20833575
122.0,39.79166985,30.20833575
275.0,41.45833665,30.20833575
286.0,41.87500335,30.20833575
59.0,42.29167005,30.20833575
52.0,50.20833735,30.20833575
8.0,56.45833785,30.20833575
239.0,79.37500635,30.20833575
248.0,82.70833995,30.20833575
43.0,83.54167335,30.20833575
355.0,84.37500675,30.20833575
-9999.0,84.79167345,30.20833575
287.0,86.45834025,30.20833575
7.0,86.87500695,30.20833575
206.0,97.70834115,30.20833575
336.0,98.12500785,30.20833575
188.0,99.37500795,30.20833575
97.0,99.79167465,30.20833575
257.0,100.20834135,30.20833575
331.0,100.62500805,30.20833575
262.0,102.29167485,30.20833575
67.0,103.12500825,30.20833575
116.0,-7.70833395,29.79166905
190.0,8.12500065,29.79166905
225.0,12.70833435,29.79166905
156.0,14.79166785,29.79166905
264.0,15.20833455,29.79166905
59.0,19.79166825,29.79166905
66.0,21.04166835,29.79166905
216.0,21.45833505,29.79166905
254.0,22.70833515,29.79166905
260.0,23.54166855,29.79166905
15.0,28.54166895,29.79166905
40.0,38.54166975,29.79166905
9.0,38.95833645,29.79166905
68.0,42.70833675,29.79166905
331.0,43.12500345,29.79166905
10.0,43.54167015,29.79166905
122.0,44.37500355,29.79166905
354.0,44.79167025,29.79166905
59.0,45.20833695,29.79166905
201.0,45.62500365,29.79166905
14.0,46.45833705,29.79166905
-9999.0,49.37500395,29.79166905
-9999.0,49.79167065,29.79166905
65.0,79.79167305,29.79166905
169.0,80.62500645,29.79166905
136.0,83.54167335,29.79166905
280.0,86.45834025,29.79166905
246.0,86.87500695,29.79166905
49.0,100.62500805,29.79166905
146.0,101.04167475,29.79166905
245.0,103.12500825,29.79166905
270.0,-5.20833375000001,29.37500235
354.0,12.70833435,29.37500235
72.0,14.79166785,29.37500235
234.0,18.95833485,29.37500235
185.0,21.45833505,29.37500235
195.0,22.70833515,29.37500235
289.0,23.54166855,29.37500235
216.0,28.54166895,29.37500235
158.0,37.70833635,29.37500235
186.0,38.12500305,29.37500235
135.0,38.54166975,29.37500235
280.0,38.95833645,29.37500235
73.0,40.62500325,29.37500235
332.0,45.62500365,29.37500235
342.0,46.04167035,29.37500235
250.0,46.45833705,29.37500235
260.0,46.87500375,29.37500235
331.0,47.29167045,29.37500235
-9999.0,47.70833715,29.37500235
259.0,55.62500445,29.37500235
100.0,86.04167355,29.37500235
221.0,98.95834125,29.37500235
-9999.0,-115.20834255,28.95833565
354.0,5.62500045000002,28.95833565
318.0,20.20833495,28.95833565
359.0,22.70833515,28.95833565
41.0,23.95833525,28.95833565
270.0,37.29166965,28.95833565
206.0,38.12500305,28.95833565
143.0,38.54166975,28.95833565
178.0,38.95833645,28.95833565
-9999.0,50.20833735,28.95833565
31.0,53.12500425,28.95833565
49.0,84.79167345,28.95833565
188.0,85.20834015,28.95833565
326.0,86.45834025,28.95833565
225.0,98.12500785,28.95833565
71.0,98.54167455,28.95833565
86.0,98.95834125,28.95833565
198.0,101.87500815,28.95833565
202.0,-7.70833395,28.54166895
159.0,-5.62500044999999,28.54166895
88.0,-0.208333350000004,28.54166895
186.0,11.87500095,28.54166895
338.0,36.87500295,28.54166895
160.0,41.87500335,28.54166895
340.0,43.54167015,28.54166895
264.0,53.54167095,28.54166895
346.0,86.04167355,28.54166895
20.0,86.45834025,28.54166895
241.0,86.87500695,28.54166895
38.0,99.79167465,28.54166895
122.0,101.87500815,28.54166895
139.0,-102.29167485,28.12500225
268.0,-4.79166705,28.12500225
285.0,12.70833435,28.12500225
351.0,14.79166785,28.12500225
109.0,34.37500275,28.12500225
78.0,35.62500285,28.12500225
127.0,48.12500385,28.12500225
267.0,57.70833795,28.12500225
165.0,102.29167485,28.12500225
329.0,103.54167495,28.12500225
225.0,-3.54166695000001,27.70833555
268.0,11.87500095,27.70833555
179.0,56.87500455,27.70833555
322.0,57.29167125,27.70833555
261.0,57.70833795,27.70833555
118.0,59.79167145,27.70833555
238.0,89.79167385,27.70833555
188.0,99.79167465,27.70833555
253.0,101.45834145,27.70833555
243.0,102.70834155,27.70833555
150.0,103.54167495,27.70833555
292.0,-3.95833364999999,27.29166885
194.0,56.04167115,27.29166885
180.0,56.87500455,27.29166885
270.0,57.29167125,27.29166885
249.0,57.70833795,27.29166885
191.0,58.95833805,27.29166885
119.0,99.79167465,27.29166885
13.0,101.45834145,27.29166885
109.0,101.87500815,27.29166885
132.0,-6.45833385,26.87500215
-9999.0,-1.45833345,26.87500215
330.0,53.54167095,26.87500215
197.0,53.95833765,26.87500215
282.0,56.04167115,26.87500215
-9999.0,56.45833785,26.87500215
192.0,57.29167125,26.87500215
317.0,57.70833795,26.87500215
144.0,-105.62500845,26.45833545
-9999.0,53.95833765,26.45833545
-9999.0,55.20833775,26.45833545
254.0,57.29167125,26.45833545
124.0,57.70833795,26.45833545
293.0,58.54167135,26.45833545
91.0,59.37500475,26.45833545
174.0,59.79167145,26.45833545
239.0,60.62500485,26.45833545
228.0,101.45834145,26.45833545
306.0,102.70834155,26.45833545
-9999.0,50.20833735,26.04166875
-9999.0,51.45833745,26.04166875
-9999.0,54.79167105,26.04166875
-9999.0,55.20833775,26.04166875
-9999.0,56.87500455,26.04166875
219.0,57.29167125,26.04166875
88.0,57.70833795,26.04166875
182.0,58.12500465,26.04166875
189.0,58.54167135,26.04166875
54.0,59.79167145,26.04166875
199.0,60.62500485,26.04166875
180.0,61.45833825,26.04166875
181.0,61.87500495,26.04166875
320.0,62.29167165,26.04166875
216.0,62.70833835,26.04166875
108.0,51.45833745,25.62500205
-9999.0,55.20833775,25.62500205
-9999.0,57.29167125,25.62500205
-9999.0,57.70833795,25.62500205
45.0,58.12500465,25.62500205
-9999.0,58.54167135,25.62500205
186.0,58.95833805,25.62500205
354.0,59.37500475,25.62500205
341.0,59.79167145,25.62500205
17.0,60.62500485,25.62500205
63.0,61.04167155,25.62500205
329.0,61.45833825,25.62500205
193.0,61.87500495,25.62500205
227.0,62.29167165,25.62500205
214.0,62.70833835,25.62500205
249.0,63.12500505,25.62500205
259.0,98.54167455,25.62500205
125.0,103.54167495,25.62500205
63.0,-8.12500065,25.20833535
311.0,51.04167075,25.20833535
-9999.0,54.37500435,25.20833535
-9999.0,59.79167145,25.20833535
-9999.0,60.20833815,25.20833535
-9999.0,61.04167155,25.20833535
180.0,61.45833825,25.20833535
76.0,62.29167165,25.20833535
-9999.0,62.70833835,25.20833535
256.0,49.79167065,24.79166865
-9999.0,54.37500435,24.79166865
243.0,55.20833775,24.79166865
-9999.0,-6.04166714999999,24.37500195
99.0,-100.20834135,23.95833525
113.0,49.37500395,23.95833525
174.0,50.20833735,23.95833525
-9999.0,-6.87500055000001,23.54166855
10.0,58.54167135,23.54166855
-9999.0,58.95833805,23.54166855
158.0,48.54167055,23.12500185
43.0,-101.04167475,22.70833515
0.0,-7.29166724999999,22.70833515
45.0,-6.87500055000001,22.70833515
225.0,3.12500025,22.70833515
188.0,59.79167145,22.29166845
-9999.0,-5.20833375000001,21.87500175
262.0,-0.208333350000004,21.45833505
-9999.0,59.37500475,21.45833505
258.0,-13.12500105,21.04166835
291.0,-98.95834125,19.79166825
283.0,-98.54167455,19.79166825
182.0,-98.12500785,19.79166825
25.0,9.37500075,19.79166825
257.0,-0.208333350000004,16.87500135
333.0,0.208333350000004,16.87500135
153.0,0.625000050000011,16.87500135
314.0,-79.37500635,-6.04166715000001
64.0,-78.95833965,-6.04166715000001
158.0,-78.54167295,-6.04166715000001
53.0,-77.29167285,-6.04166715000001
37.0,-77.70833955,-6.87500055000001
52.0,-77.70833955,-7.70833395000001
119.0,-77.29167285,-7.70833395000001
205.0,-75.62500605,-10.62500085
25.0,-71.87500575,-13.12500105
147.0,-75.62500605,-13.54166775
216.0,-75.20833935,-13.54166775
194.0,-74.37500595,-13.54166775
3.0,-73.54167255,-13.54166775
217.0,-71.87500575,-13.54166775
325.0,-71.45833905,-13.54166775
120.0,-74.37500595,-13.95833445
233.0,-73.54167255,-13.95833445
353.0,-73.12500585,-13.95833445
112.0,-72.70833915,-13.95833445
308.0,-71.87500575,-13.95833445
151.0,-71.45833905,-13.95833445
87.0,-71.04167235,-13.95833445
38.0,-70.62500565,-13.95833445
337.0,-70.20833895,-13.95833445
345.0,-73.95833925,-14.37500115
56.0,-73.54167255,-14.37500115
212.0,-73.12500585,-14.37500115
279.0,-71.87500575,-14.37500115
265.0,-71.45833905,-14.37500115
159.0,-71.04167235,-14.37500115
79.0,-70.62500565,-14.37500115
264.0,-70.20833895,-14.37500115
162.0,-73.54167255,-14.79166785
343.0,-73.12500585,-14.79166785
8.0,-71.87500575,-14.79166785
308.0,-71.45833905,-14.79166785
285.0,-71.04167235,-14.79166785
240.0,-70.20833895,-14.79166785
11.0,-68.95833885,-14.79166785
317.0,-72.29167245,-15.20833455
197.0,-71.45833905,-15.20833455
40.0,-71.04167235,-15.20833455
191.0,-70.20833895,-15.20833455
295.0,-69.79167225,-15.20833455
328.0,-69.37500555,-15.20833455
29.0,-68.95833885,-15.20833455
65.0,-71.45833905,-15.62500125
134.0,-70.62500565,-15.62500125
122.0,-70.20833895,-15.62500125
-9999.0,-69.79167225,-15.62500125
54.0,-68.95833885,-15.62500125
265.0,-70.62500565,-16.04166795
100.0,-70.20833895,-16.04166795
337.0,-69.79167225,-16.04166795
-9999.0,-68.95833885,-16.04166795
229.0,-68.54167215,-16.04166795
259.0,-68.54167215,-16.45833465
171.0,-68.12500545,-16.45833465
281.0,-70.20833895,-16.87500135
20.0,-68.95833885,-16.87500135
268.0,-68.12500545,-16.87500135
41.0,-67.70833875,-16.87500135
328.0,-66.45833865,-16.87500135
60.0,-68.95833885,-17.29166805
255.0,-68.54167215,-17.29166805
111.0,-68.12500545,-17.29166805
161.0,-67.70833875,-17.29166805
231.0,-67.29167205,-17.29166805
296.0,-66.87500535,-17.29166805
228.0,-66.45833865,-17.29166805
133.0,-66.04167195,-17.29166805
172.0,-68.95833885,-17.70833475
298.0,-68.12500545,-17.70833475
5.0,-67.70833875,-17.70833475
320.0,-66.87500535,-17.70833475
66.0,-66.45833865,-17.70833475
27.0,-66.04167195,-17.70833475
199.0,-65.62500525,-17.70833475
276.0,-68.54167215,-18.12500145
100.0,-67.70833875,-18.12500145
2.0,-67.29167205,-18.12500145
71.0,-66.45833865,-18.12500145
213.0,-65.62500525,-18.12500145
174.0,-68.95833885,-18.54166815
126.0,-68.54167215,-18.54166815
163.0,-68.12500545,-18.54166815
243.0,-67.70833875,-18.54166815
266.0,-66.87500535,-18.54166815
304.0,-66.45833865,-18.54166815
24.0,-66.04167195,-18.54166815
87.0,-65.62500525,-18.54166815
55.0,-68.54167215,-18.95833485
156.0,-68.12500545,-18.95833485
328.0,-67.70833875,-18.95833485
211.0,-67.29167205,-18.95833485
-9999.0,-66.87500535,-18.95833485
260.0,-66.45833865,-18.95833485
216.0,-66.04167195,-18.95833485
47.0,-68.54167215,-19.37500155
-9999.0,-68.12500545,-19.37500155
108.0,-67.70833875,-19.37500155
72.0,-67.29167205,-19.37500155
51.0,-66.87500535,-19.37500155
101.0,-66.45833865,-19.37500155
39.0,-66.04167195,-19.37500155
62.0,-65.20833855,-19.37500155
298.0,-64.79167185,-19.37500155
165.0,-68.54167215,-19.79166825
120.0,-68.12500545,-19.79166825
295.0,-67.70833875,-19.79166825
-9999.0,-67.29167205,-19.79166825
277.0,-66.87500535,-19.79166825
92.0,-66.45833865,-19.79166825
181.0,-66.04167195,-19.79166825
147.0,-64.79167185,-19.79166825
103.0,-68.54167215,-20.20833495
7.0,-68.12500545,-20.20833495
-9999.0,-67.70833875,-20.20833495
242.0,-66.87500535,-20.20833495
220.0,-64.79167185,-20.20833495
286.0,-68.54167215,-20.62500165
318.0,-68.12500545,-20.62500165
5.0,-67.70833875,-20.62500165
-9999.0,-67.29167205,-20.62500165
140.0,-66.87500535,-20.62500165
291.0,-66.45833865,-20.62500165
133.0,-65.62500525,-20.62500165
113.0,-64.79167185,-20.62500165
189.0,-68.12500545,-21.04166835
336.0,-67.70833875,-21.04166835
294.0,-67.29167205,-21.04166835
294.0,-66.87500535,-21.04166835
351.0,-66.45833865,-21.04166835
321.0,-68.12500545,-21.45833505
37.0,-67.70833875,-21.45833505
325.0,-67.29167205,-21.45833505
257.0,-67.70833875,-21.87500175
19.0,-67.70833875,-22.29166845
267.0,-66.87500535,-23.12500185
309.0,-66.45833865,-23.12500185
227.0,-65.62500525,-23.54166855
343.0,-67.29167205,-23.95833525
100.0,-65.62500525,-23.95833525
54.0,-65.62500525,-24.37500195
239.0,-66.45833865,-24.79166865
146.0,-66.04167195,-24.79166865
123.0,-66.45833865,-25.20833535
340.0,-66.45833865,-25.62500205
251.0,-67.29167205,-26.04166875
214.0,-67.29167205,-26.45833545
140.0,-66.04167195,-26.45833545
159.0,-65.62500525,-26.45833545
208.0,-66.87500535,-26.87500215
190.0,-66.45833865,-26.87500215
340.0,-66.04167195,-26.87500215
181.0,-68.54167215,-27.70833555
235.0,-70.62500565,-28.12500225
-9999.0,-71.45833905,-29.37500235
-9999.0,-71.87500575,-30.20833575
-9999.0,-71.87500575,-30.62500245
-9999.0,-71.87500575,-31.04166915
-9999.0,-71.87500575,-31.45833585
-9999.0,-71.87500575,-31.87500255
-9999.0,-71.87500575,-32.29166925
-9999.0,-71.87500575,-32.70833595
25.0,-68.54167215,-32.70833595
-9999.0,-71.87500575,-33.12500265
-9999.0,-71.87500575,-33.54166935
-9999.0,-72.29167245,-33.95833605
343.0,-71.45833905,-33.95833605
-9999.0,-72.29167245,-34.37500275
38.0,-70.20833895,-34.37500275
-9999.0,-72.29167245,-34.79166945
341.0,-71.87500575,-34.79166945
-9999.0,-72.70833915,-35.20833615
306.0,-72.29167245,-35.20833615
-9999.0,-72.70833915,-35.62500285
-9999.0,-73.12500585,-36.04166955
54.0,-70.20833895,-36.04166955
153.0,-69.79167225,-36.04166955
-9999.0,-73.54167255,-36.87500295
127.0,-73.54167255,-37.29166965
356.0,-73.12500585,-37.29166965
270.0,-73.54167255,-37.70833635
204.0,-71.87500575,-38.12500305
-9999.0,-73.54167255,-38.54166975
-9999.0,-73.54167255,-38.95833645
-9999.0,-73.54167255,-39.37500315
16.0,-71.87500575,-39.37500315
244.0,-71.45833905,-39.37500315
-9999.0,-73.54167255,-39.79166985
326.0,-73.12500585,-39.79166985
347.0,-71.87500575,-39.79166985
233.0,-73.54167255,-40.20833655
159.0,-72.70833915,-40.20833655
-9999.0,-72.29167245,-40.20833655
204.0,-71.87500575,-40.20833655
31.0,-73.54167255,-40.62500325
202.0,-71.87500575,-40.62500325
54.0,-71.45833905,-40.62500325
266.0,-71.45833905,-41.45833665
78.0,-70.20833895,-41.45833665
204.0,-71.87500575,-41.87500335
44.0,-71.45833905,-42.70833675
54.0,-70.62500565,-42.70833675
95.0,-70.20833895,-42.70833675
356.0,-71.45833905,-46.04167035
