GTOPO30_ELEVATION,x,y
126.0,-148.54167855,64.79167185
329.0,-148.12501185,64.79167185
270.0,-146.87501175,64.79167185
339.0,-153.12501225,64.37500515
454.0,-153.12501225,63.95833845
135.0,121.45834305,63.95833845
75.0,125.20834335,63.95833845
29.0,127.29167685,63.95833845
160.0,-153.54167895,63.54167175
546.0,-137.29167765,63.54167175
1028.0,-134.79167745,63.54167175
1167.0,-134.37501075,63.54167175
594.0,-133.95834405,63.54167175
979.0,-133.54167735,63.54167175
114.0,119.37500955,63.54167175
188.0,119.79167625,63.54167175
1180.0,-137.29167765,63.12500505
1174.0,-133.95834405,63.12500505
920.0,-132.70834395,63.12500505
471.0,93.95834085,63.12500505
391.0,94.37500755,63.12500505
281.0,95.62500765,63.12500505
286.0,96.04167435,63.12500505
133.0,117.70834275,63.12500505
110.0,118.12500945,63.12500505
203.0,119.37500955,63.12500505
212.0,119.79167625,63.12500505
208.0,120.62500965,63.12500505
149.0,130.62501045,63.12500505
242.0,-150.20834535,62.70833835
1356.0,-148.12501185,62.70833835
1252.0,-138.54167775,62.70833835
132.0,86.04167355,62.70833835
85.0,86.45834025,62.70833835
680.0,95.62500765,62.70833835
578.0,96.04167435,62.70833835
201.0,118.12500945,62.70833835
262.0,118.54167615,62.70833835
291.0,119.37500955,62.70833835
295.0,121.87500975,62.70833835
197.0,129.37501035,62.70833835
149.0,130.62501045,62.70833835
121.0,-150.20834535,62.29167165
1498.0,-134.79167745,62.29167165
1154.0,-133.54167735,62.29167165
156.0,-115.20834255,62.29167165
-9999.0,17.70833475,62.29167165
113.0,85.62500685,62.29167165
598.0,93.12500745,62.29167165
482.0,93.54167415,62.29167165
397.0,93.95834085,62.29167165
430.0,94.37500755,62.29167165
633.0,96.04167435,62.29167165
474.0,96.87500775,62.29167165
325.0,113.95834245,62.29167165
336.0,114.37500915,62.29167165
368.0,114.79167585,62.29167165
140.0,117.70834275,62.29167165
202.0,118.12500945,62.29167165
180.0,118.54167615,62.29167165
340.0,119.79167625,62.29167165
329.0,126.04167675,62.29167165
260.0,126.45834345,62.29167165
304.0,126.87501015,62.29167165
251.0,128.54167695,62.29167165
208.0,129.37501035,62.29167165
197.0,129.79167705,62.29167165
141.0,130.62501045,62.29167165
205.0,131.04167715,62.29167165
91.0,-151.04167875,61.87500495
875.0,-135.62501085,61.87500495
911.0,-135.20834415,61.87500495
1031.0,-134.37501075,61.87500495
1440.0,-133.95834405,61.87500495
156.0,-112.70834235,61.87500495
148.0,84.79167345,61.87500495
319.0,93.12500745,61.87500495
503.0,93.54167415,61.87500495
346.0,93.95834085,61.87500495
400.0,94.37500755,61.87500495
403.0,96.04167435,61.87500495
609.0,96.87500775,61.87500495
412.0,113.12500905,61.87500495
353.0,113.54167575,61.87500495
344.0,113.95834245,61.87500495
164.0,117.70834275,61.87500495
222.0,119.79167625,61.87500495
279.0,120.62500965,61.87500495
363.0,121.87500975,61.87500495
261.0,125.62501005,61.87500495
241.0,126.87501015,61.87500495
252.0,129.37501035,61.87500495
190.0,-151.45834545,61.45833825
340.0,-151.04167875,61.45833825
80.0,-150.62501205,61.45833825
38.0,-150.20834535,61.45833825
936.0,-134.37501075,61.45833825
1459.0,-133.12501065,61.45833825
168.0,87.29167365,61.45833825
597.0,95.62500765,61.45833825
277.0,96.04167435,61.45833825
382.0,113.54167575,61.45833825
315.0,113.95834245,61.45833825
387.0,121.04167635,61.45833825
349.0,126.04167675,61.45833825
175.0,126.45834345,61.45833825
186.0,130.20834375,61.45833825
24.0,-151.87501215,61.04167155
89.0,-151.45834545,61.04167155
-9999.0,-151.04167875,61.04167155
893.0,-136.45834425,61.04167155
1340.0,-135.62501085,61.04167155
1157.0,-134.79167745,61.04167155
905.0,-134.37501075,61.04167155
124.0,83.95834005,61.04167155
139.0,84.37500675,61.04167155
139.0,84.79167345,61.04167155
142.0,86.87500695,61.04167155
309.0,91.45834065,61.04167155
330.0,91.87500735,61.04167155
415.0,93.54167415,61.04167155
206.0,93.95834085,61.04167155
353.0,94.37500755,61.04167155
361.0,113.54167575,61.04167155
352.0,113.95834245,61.04167155
401.0,116.45834265,61.04167155
290.0,116.87500935,61.04167155
319.0,117.29167605,61.04167155
381.0,118.12500945,61.04167155
322.0,118.54167615,61.04167155
314.0,118.95834285,61.04167155
291.0,119.37500955,61.04167155
319.0,119.79167625,61.04167155
393.0,120.20834295,61.04167155
245.0,120.62500965,61.04167155
-9999.0,-166.87501335,60.62500485
-9999.0,-151.87501215,60.62500485
-9999.0,-151.45834545,60.62500485
877.0,-133.95834405,60.62500485
1187.0,-133.12501065,60.62500485
1197.0,-130.62501045,60.62500485
119.0,83.12500665,60.62500485
122.0,83.95834005,60.62500485
129.0,84.37500675,60.62500485
430.0,91.04167395,60.62500485
355.0,91.87500735,60.62500485
346.0,93.12500745,60.62500485
381.0,93.95834085,60.62500485
291.0,113.54167575,60.62500485
410.0,113.95834245,60.62500485
175.0,116.04167595,60.62500485
316.0,118.54167615,60.62500485
332.0,119.37500955,60.62500485
359.0,120.20834295,60.62500485
633.0,170.62501365,60.62500485
873.0,-132.70834395,60.20833815
458.0,-118.54167615,60.20833815
633.0,-118.12500945,60.20833815
660.0,-117.70834275,60.20833815
282.0,-116.87500935,60.20833815
267.0,-116.04167595,60.20833815
272.0,-114.37500915,60.20833815
124.0,81.87500655,60.20833815
280.0,91.04167395,60.20833815
630.0,91.45834065,60.20833815
613.0,91.87500735,60.20833815
500.0,95.62500765,60.20833815
467.0,96.04167435,60.20833815
360.0,111.87500895,60.20833815
545.0,112.29167565,60.20833815
164.0,121.04167635,60.20833815
311.0,130.20834375,60.20833815
308.0,130.62501045,60.20833815
798.0,-127.70834355,59.79167145
1084.0,-125.20834335,59.79167145
638.0,-118.12500945,59.79167145
610.0,-117.70834275,59.79167145
397.0,-115.20834255,59.79167145
241.0,-111.87500895,59.79167145
229.0,91.04167395,59.79167145
255.0,91.45834065,59.79167145
510.0,91.87500735,59.79167145
423.0,92.29167405,59.79167145
610.0,92.70834075,59.79167145
668.0,93.12500745,59.79167145
518.0,93.54167415,59.79167145
553.0,93.95834085,59.79167145
627.0,94.37500755,59.79167145
624.0,94.79167425,59.79167145
393.0,95.20834095,59.79167145
401.0,95.62500765,59.79167145
344.0,101.04167475,59.79167145
467.0,111.45834225,59.79167145
337.0,112.29167565,59.79167145
437.0,112.70834235,59.79167145
391.0,113.12500905,59.79167145
617.0,115.20834255,59.79167145
522.0,118.95834285,59.79167145
356.0,130.20834375,59.79167145
120.0,-161.04167955,59.37500475
1055.0,-131.45834385,59.37500475
589.0,-119.79167625,59.37500475
352.0,-117.70834275,59.37500475
432.0,-116.45834265,59.37500475
768.0,-115.62500925,59.37500475
847.0,-115.20834255,59.37500475
842.0,-114.79167585,59.37500475
770.0,-114.37500915,59.37500475
328.0,-113.95834245,59.37500475
94.0,70.20833895,59.37500475
100.0,70.62500565,59.37500475
101.0,71.87500575,59.37500475
83.0,78.12500625,59.37500475
89.0,79.37500635,59.37500475
93.0,81.87500655,59.37500475
103.0,83.12500665,59.37500475
123.0,85.62500685,59.37500475
170.0,90.62500725,59.37500475
91.0,91.04167395,59.37500475
263.0,91.87500735,59.37500475
354.0,92.29167405,59.37500475
400.0,92.70834075,59.37500475
433.0,93.12500745,59.37500475
544.0,93.54167415,59.37500475
468.0,93.95834085,59.37500475
303.0,94.37500755,59.37500475
364.0,94.79167425,59.37500475
528.0,95.20834095,59.37500475
372.0,95.62500765,59.37500475
546.0,96.04167435,59.37500475
246.0,99.79167465,59.37500475
317.0,100.20834135,59.37500475
304.0,101.87500815,59.37500475
441.0,111.04167555,59.37500475
529.0,113.12500905,59.37500475
989.0,113.54167575,59.37500475
631.0,117.29167605,59.37500475
491.0,117.70834275,59.37500475
401.0,118.12500945,59.37500475
306.0,119.37500955,59.37500475
317.0,132.29167725,59.37500475
853.0,-136.45834425,58.95833805
466.0,-116.87500935,58.95833805
663.0,-116.45834265,58.95833805
866.0,-115.20834255,58.95833805
433.0,-113.95834245,58.95833805
86.0,78.12500625,58.95833805
71.0,79.37500635,58.95833805
54.0,81.87500655,58.95833805
110.0,85.62500685,58.95833805
181.0,89.79167385,58.95833805
160.0,90.62500725,58.95833805
139.0,91.04167395,58.95833805
90.0,91.87500735,58.95833805
284.0,93.12500745,58.95833805
485.0,93.95834085,58.95833805
401.0,95.20834095,58.95833805
407.0,111.87500895,58.95833805
233.0,112.70834235,58.95833805
1303.0,115.20834255,58.95833805
1272.0,-131.04167715,58.54167135
609.0,-123.12500985,58.54167135
626.0,-119.37500955,58.54167135
332.0,-116.04167595,58.54167135
287.0,-114.79167585,58.54167135
68.0,79.37500635,58.54167135
68.0,80.20833975,58.54167135
99.0,81.04167315,58.54167135
30.0,82.29167325,58.54167135
46.0,82.70833995,58.54167135
84.0,85.62500685,58.54167135
170.0,87.29167365,58.54167135
140.0,88.95834045,58.54167135
124.0,89.37500715,58.54167135
161.0,89.79167385,58.54167135
162.0,90.62500725,58.54167135
152.0,91.04167395,58.54167135
196.0,91.45834065,58.54167135
89.0,92.29167405,58.54167135
133.0,92.70834075,58.54167135
346.0,93.12500745,58.54167135
440.0,94.37500755,58.54167135
235.0,98.12500785,58.54167135
311.0,101.87500815,58.54167135
281.0,102.29167485,58.54167135
384.0,111.87500895,58.54167135
589.0,112.29167565,58.54167135
831.0,116.04167595,58.54167135
755.0,116.45834265,58.54167135
1371.0,-124.37500995,58.12500465
671.0,-122.29167645,58.12500465
500.0,-120.20834295,58.12500465
247.0,53.54167095,58.12500465
97.0,72.29167245,58.12500465
111.0,73.95833925,58.12500465
142.0,85.62500685,58.12500465
145.0,87.29167365,58.12500465
144.0,88.54167375,58.12500465
164.0,88.95834045,58.12500465
165.0,89.37500715,58.12500465
149.0,89.79167385,58.12500465
153.0,90.20834055,58.12500465
165.0,90.62500725,58.12500465
165.0,91.04167395,58.12500465
156.0,91.45834065,58.12500465
142.0,91.87500735,58.12500465
183.0,92.29167405,58.12500465
86.0,92.70834075,58.12500465
338.0,102.70834155,58.12500465
471.0,104.37500835,58.12500465
503.0,104.79167505,58.12500465
559.0,108.95834205,58.12500465
689.0,112.29167565,58.12500465
1353.0,117.29167605,58.12500465
381.0,-116.87500935,57.70833795
91.0,84.37500675,57.70833795
105.0,84.79167345,57.70833795
80.0,85.62500685,57.70833795
160.0,88.12500705,57.70833795
189.0,88.95834045,57.70833795
179.0,89.79167385,57.70833795
191.0,90.62500725,57.70833795
178.0,91.04167395,57.70833795
191.0,91.45834065,57.70833795
208.0,91.87500735,57.70833795
164.0,92.29167405,57.70833795
167.0,92.70834075,57.70833795
131.0,93.54167415,57.70833795
396.0,96.87500775,57.70833795
371.0,97.29167445,57.70833795
580.0,102.70834155,57.70833795
583.0,105.20834175,57.70833795
514.0,115.20834255,57.70833795
-9999.0,-158.54167935,57.29167125
1683.0,-123.12500985,57.29167125
1127.0,-122.70834315,57.29167125
744.0,-119.79167625,57.29167125
656.0,-119.37500955,57.29167125
976.0,-118.95834285,57.29167125
440.0,-116.87500935,57.29167125
257.0,52.70833755,57.29167125
142.0,53.95833765,57.29167125
213.0,91.87500735,57.29167125
269.0,92.29167405,57.29167125
249.0,92.70834075,57.29167125
338.0,96.45834105,57.29167125
378.0,97.29167445,57.29167125
434.0,102.70834155,57.29167125
415.0,103.95834165,57.29167125
458.0,104.79167505,57.29167125
488.0,106.04167515,57.29167125
1275.0,109.37500875,57.29167125
1180.0,116.04167595,57.29167125
1200.0,-126.87501015,56.87500455
745.0,-120.20834295,56.87500455
605.0,-116.87500935,56.87500455
122.0,48.12500385,56.87500455
164.0,49.37500395,56.87500455
112.0,51.45833745,56.87500455
140.0,51.87500415,56.87500455
88.0,53.12500425,56.87500455
125.0,54.37500435,56.87500455
148.0,55.62500445,56.87500455
218.0,56.87500455,56.87500455
251.0,58.12500465,56.87500455
354.0,59.37500475,56.87500455
224.0,93.12500745,56.87500455
330.0,93.54167415,56.87500455
232.0,94.79167425,56.87500455
226.0,95.20834095,56.87500455
235.0,97.29167445,56.87500455
467.0,103.95834165,56.87500455
569.0,104.37500835,56.87500455
1893.0,-126.04167675,56.45833785
1832.0,-125.62501005,56.45833785
1599.0,-123.54167655,56.45833785
853.0,-121.45834305,56.45833785
642.0,-120.62500965,56.45833785
729.0,-120.20834295,56.45833785
702.0,-119.79167625,56.45833785
586.0,-117.29167605,56.45833785
579.0,-116.87500935,56.45833785
276.0,96.04167435,56.45833785
309.0,96.45834105,56.45833785
611.0,104.37500835,56.45833785
870.0,111.04167555,56.45833785
1937.0,113.12500905,56.45833785
1402.0,113.54167575,56.45833785
612.0,-119.79167625,56.04167115
579.0,-118.95834285,56.04167115
619.0,-118.12500945,56.04167115
426.0,-117.70834275,56.04167115
650.0,-116.87500935,56.04167115
731.0,-116.45834265,56.04167115
316.0,93.95834085,56.04167115
1179.0,115.20834255,56.04167115
863.0,-126.04167675,55.62500445
1284.0,-125.62501005,55.62500445
1368.0,-125.20834335,55.62500445
1513.0,-124.79167665,55.62500445
880.0,-124.37500995,55.62500445
762.0,-123.54167655,55.62500445
1646.0,-123.12500985,55.62500445
962.0,-122.29167645,55.62500445
890.0,-119.79167625,55.62500445
666.0,-118.54167615,55.62500445
563.0,-117.70834275,55.62500445
635.0,-116.87500935,55.62500445
121.0,50.62500405,55.62500445
61.0,51.45833745,55.62500445
165.0,55.62500445,55.62500445
197.0,56.04167115,55.62500445
199.0,56.45833785,55.62500445
328.0,56.87500455,55.62500445
366.0,57.29167125,55.62500445
371.0,87.29167365,55.62500445
586.0,93.12500745,55.62500445
617.0,93.54167415,55.62500445
884.0,-125.20834335,55.20833775
885.0,-124.79167665,55.20833775
680.0,-118.54167615,55.20833775
136.0,51.87500415,55.20833775
166.0,52.29167085,55.20833775
143.0,53.54167095,55.20833775
183.0,53.95833765,55.20833775
133.0,54.37500435,55.20833775
191.0,54.79167105,55.20833775
175.0,56.04167115,55.20833775
118.0,56.45833785,55.20833775
293.0,57.29167125,55.20833775
366.0,57.70833795,55.20833775
437.0,90.20834055,55.20833775
462.0,91.45834065,55.20833775
277.0,92.29167405,55.20833775
868.0,-119.37500955,54.79167105
671.0,-117.70834275,54.79167105
712.0,-117.29167605,54.79167105
742.0,-116.87500935,54.79167105
881.0,-116.45834265,54.79167105
1133.0,-115.62500925,54.79167105
146.0,42.29167005,54.79167105
119.0,42.70833675,54.79167105
263.0,53.12500425,54.79167105
148.0,53.54167095,54.79167105
147.0,53.95833765,54.79167105
226.0,54.37500435,54.79167105
91.0,54.79167105,54.79167105
151.0,55.20833775,54.79167105
181.0,55.62500445,54.79167105
104.0,56.04167115,54.79167105
135.0,56.45833785,54.79167105
112.0,56.87500455,54.79167105
244.0,57.29167125,54.79167105
238.0,61.45833825,54.79167105
177.0,65.20833855,54.79167105
151.0,81.04167315,54.79167105
494.0,91.87500735,54.79167105
685.0,92.29167405,54.79167105
775.0,93.12500745,54.79167105
883.0,93.54167415,54.79167105
847.0,93.95834085,54.79167105
1033.0,-125.62501005,54.37500435
1213.0,-125.20834335,54.37500435
963.0,-118.54167615,54.37500435
862.0,-117.70834275,54.37500435
915.0,-117.29167605,54.37500435
174.0,46.04167035,54.37500435
154.0,51.04167075,54.37500435
142.0,51.45833745,54.37500435
174.0,51.87500415,54.37500435
294.0,52.29167085,54.37500435
336.0,53.54167095,54.37500435
118.0,55.20833775,54.37500435
108.0,56.45833785,54.37500435
422.0,57.70833795,54.37500435
159.0,65.20833855,54.37500435
190.0,81.04167315,54.37500435
380.0,91.45834065,54.37500435
344.0,92.29167405,54.37500435
963.0,94.37500755,54.37500435
1140.0,108.12500865,54.37500435
946.0,-125.20834335,53.95833765
2233.0,-120.20834295,53.95833765
1230.0,-116.45834265,53.95833765
616.0,-112.29167565,53.95833765
192.0,43.95833685,53.95833765
221.0,51.45833745,53.95833765
227.0,51.87500415,53.95833765
168.0,52.29167085,53.95833765
191.0,52.70833755,53.95833765
194.0,53.12500425,53.95833765
137.0,53.54167095,53.95833765
290.0,53.95833765,53.95833765
361.0,54.37500435,53.95833765
284.0,55.20833775,53.95833765
213.0,55.62500445,53.95833765
279.0,56.45833785,53.95833765
603.0,56.87500455,53.95833765
474.0,57.70833795,53.95833765
208.0,61.45833825,53.95833765
171.0,63.12500505,53.95833765
156.0,63.54167175,53.95833765
94.0,64.79167185,53.95833765
166.0,65.20833855,53.95833765
171.0,66.45833865,53.95833765
228.0,80.20833975,53.95833765
475.0,87.70834035,53.95833765
842.0,89.79167385,53.95833765
274.0,92.29167405,53.95833765
360.0,92.70834075,53.95833765
333.0,93.12500745,53.95833765
1102.0,115.20834255,53.95833765
1076.0,-124.37500995,53.54167095
788.0,-123.54167655,53.54167095
1893.0,-120.20834295,53.54167095
1422.0,-117.70834275,53.54167095
914.0,-116.45834265,53.54167095
775.0,-114.79167585,53.54167095
504.0,-106.87500855,53.54167095
504.0,-106.45834185,53.54167095
353.0,58.95833805,53.54167095
387.0,60.20833815,53.54167095
289.0,60.62500485,53.54167095
219.0,61.45833825,53.54167095
173.0,63.54167175,53.54167095
147.0,64.79167185,53.54167095
122.0,76.87500615,53.54167095
107.0,77.70833955,53.54167095
228.0,80.20833975,53.54167095
383.0,87.70834035,53.54167095
495.0,88.54167375,53.54167095
585.0,88.95834045,53.54167095
710.0,89.37500715,53.54167095
1105.0,89.79167385,53.54167095
792.0,90.20834055,53.54167095
297.0,91.87500735,53.54167095
374.0,92.70834075,53.54167095
402.0,93.12500745,53.54167095
612.0,93.54167415,53.54167095
1036.0,93.95834085,53.54167095
1288.0,94.37500755,53.54167095
1583.0,94.79167425,53.54167095
995.0,95.20834095,53.54167095
1601.0,95.62500765,53.54167095
1456.0,96.87500775,53.54167095
1524.0,98.54167455,53.54167095
1578.0,98.95834125,53.54167095
707.0,119.79167625,53.54167095
936.0,-124.37500995,53.12500425
906.0,-123.54167655,53.12500425
624.0,-122.70834315,53.12500425
1830.0,-121.45834305,53.12500425
1836.0,-121.04167635,53.12500425
1515.0,-120.62500965,53.12500425
1981.0,-118.54167615,53.12500425
1525.0,-117.29167605,53.12500425
1402.0,-116.87500935,53.12500425
914.0,-115.62500925,53.12500425
835.0,-114.79167585,53.12500425
823.0,-113.95834245,53.12500425
762.0,-113.12500905,53.12500425
745.0,-112.70834235,53.12500425
692.0,-111.87500895,53.12500425
716.0,-111.45834225,53.12500425
546.0,-106.87500855,53.12500425
128.0,47.70833715,53.12500425
93.0,48.12500385,53.12500425
174.0,51.45833745,53.12500425
258.0,61.04167155,53.12500425
241.0,61.45833825,53.12500425
138.0,72.70833915,53.12500425
70.0,73.12500585,53.12500425
114.0,75.20833935,53.12500425
100.0,75.62500605,53.12500425
115.0,77.29167285,53.12500425
520.0,87.70834035,53.12500425
774.0,88.54167375,53.12500425
799.0,88.95834045,53.12500425
422.0,92.70834075,53.12500425
952.0,94.79167425,53.12500425
1114.0,95.20834095,53.12500425
1361.0,95.62500765,53.12500425
1822.0,98.54167455,53.12500425
563.0,102.29167485,53.12500425
672.0,106.04167515,53.12500425
539.0,122.29167645,53.12500425
1782.0,-124.79167665,52.70833755
1122.0,-122.70834315,52.70833755
1589.0,-121.04167635,52.70833755
938.0,-120.20834295,52.70833755
1848.0,-119.37500955,52.70833755
1947.0,-117.70834275,52.70833755
1739.0,-116.87500935,52.70833755
671.0,-111.04167555,52.70833755
267.0,-99.37500795,52.70833755
255.0,47.29167045,52.70833755
100.0,48.12500385,52.70833755
263.0,61.45833825,52.70833755
347.0,67.29167205,52.70833755
243.0,72.29167245,52.70833755
194.0,72.70833915,52.70833755
104.0,76.45833945,52.70833755
118.0,77.29167285,52.70833755
139.0,77.70833955,52.70833755
101.0,79.79167305,52.70833755
196.0,81.04167315,52.70833755
431.0,87.29167365,52.70833755
614.0,88.54167375,52.70833755
875.0,88.95834045,52.70833755
577.0,89.79167385,52.70833755
841.0,90.62500725,52.70833755
910.0,91.04167395,52.70833755
1356.0,95.20834095,52.70833755
853.0,95.62500765,52.70833755
2007.0,100.20834135,52.70833755
1111.0,111.04167555,52.70833755
576.0,122.29167645,52.70833755
1112.0,-124.37500995,52.29167085
408.0,-122.29167645,52.29167085
1120.0,-121.87500975,52.29167085
923.0,-121.04167635,52.29167085
574.0,-105.62500845,52.29167085
173.0,40.20833655,52.29167085
235.0,52.70833755,52.29167085
226.0,53.95833765,52.29167085
342.0,59.37500475,52.29167085
355.0,60.20833815,52.29167085
331.0,67.29167205,52.29167085
233.0,72.70833915,52.29167085
207.0,73.12500585,52.29167085
128.0,76.04167275,52.29167085
115.0,76.45833945,52.29167085
100.0,76.87500615,52.29167085
59.0,77.70833955,52.29167085
225.0,84.37500675,52.29167085
220.0,84.79167345,52.29167085
311.0,86.04167355,52.29167085
362.0,87.29167365,52.29167085
354.0,87.70834035,52.29167085
487.0,88.12500705,52.29167085
1362.0,88.95834045,52.29167085
962.0,89.79167385,52.29167085
1166.0,90.20834055,52.29167085
1256.0,90.62500725,52.29167085
1560.0,91.45834065,52.29167085
2089.0,91.87500735,52.29167085
671.0,93.12500745,52.29167085
1339.0,93.54167415,52.29167085
1579.0,94.37500755,52.29167085
1796.0,94.79167425,52.29167085
1774.0,95.20834095,52.29167085
1609.0,95.62500765,52.29167085
988.0,96.04167435,52.29167085
1334.0,96.87500775,52.29167085
1788.0,97.70834115,52.29167085
2151.0,98.54167455,52.29167085
2599.0,98.95834125,52.29167085
905.0,108.95834205,52.29167085
797.0,110.62500885,52.29167085
951.0,111.04167555,52.29167085
1085.0,-123.12500985,51.87500415
1058.0,-121.45834305,51.87500415
979.0,-121.04167635,51.87500415
777.0,-111.45834225,51.87500415
251.0,-99.37500795,51.87500415
134.0,42.29167005,51.87500415
105.0,46.45833705,51.87500415
340.0,59.79167145,51.87500415
267.0,61.45833825,51.87500415
107.0,64.37500515,51.87500415
190.0,64.79167185,51.87500415
296.0,66.87500535,51.87500415
303.0,68.54167215,51.87500415
305.0,72.70833915,51.87500415
342.0,73.12500585,51.87500415
111.0,77.29167285,51.87500415
181.0,79.79167305,51.87500415
181.0,80.20833975,51.87500415
161.0,82.29167325,51.87500415
238.0,82.70833995,51.87500415
425.0,83.54167335,51.87500415
300.0,83.95834005,51.87500415
735.0,84.79167345,51.87500415
386.0,86.04167355,51.87500415
1005.0,88.54167375,51.87500415
1791.0,88.95834045,51.87500415
1970.0,89.37500715,51.87500415
2039.0,90.20834055,51.87500415
1923.0,90.62500725,51.87500415
1635.0,91.04167395,51.87500415
1727.0,91.45834065,51.87500415
828.0,92.29167405,51.87500415
1367.0,93.12500745,51.87500415
1861.0,93.54167415,51.87500415
1250.0,93.95834085,51.87500415
781.0,94.37500755,51.87500415
1518.0,94.79167425,51.87500415
1634.0,95.20834095,51.87500415
1823.0,95.62500765,51.87500415
2064.0,99.79167465,51.87500415
895.0,107.29167525,51.87500415
1109.0,-121.04167635,51.45833745
1217.0,-120.62500965,51.45833745
1024.0,-118.54167615,51.45833745
2069.0,-117.70834275,51.45833745
684.0,-109.79167545,51.45833745
85.0,49.79167065,51.45833745
118.0,50.20833735,51.45833745
126.0,51.04167075,51.45833745
299.0,60.20833815,51.45833745
316.0,60.62500485,51.45833745
255.0,61.04167155,51.45833745
164.0,65.20833855,51.45833745
310.0,66.87500535,51.45833745
264.0,67.70833875,51.45833745
307.0,68.12500545,51.45833745
323.0,68.54167215,51.45833745
289.0,68.95833885,51.45833745
473.0,73.12500585,51.45833745
297.0,74.79167265,51.45833745
291.0,75.20833935,51.45833745
237.0,75.62500605,51.45833745
161.0,78.54167295,51.45833745
181.0,79.79167305,51.45833745
272.0,82.29167325,51.45833745
483.0,83.12500665,51.45833745
620.0,83.54167335,51.45833745
1064.0,84.79167345,51.45833745
708.0,86.04167355,51.45833745
1660.0,88.54167375,51.45833745
2254.0,88.95834045,51.45833745
2641.0,89.79167385,51.45833745
1782.0,90.20834055,51.45833745
1484.0,90.62500725,51.45833745
1789.0,91.04167395,51.45833745
682.0,91.45834065,51.45833745
1194.0,91.87500735,51.45833745
694.0,92.70834075,51.45833745
1062.0,93.12500745,51.45833745
1118.0,93.54167415,51.45833745
1086.0,93.95834085,51.45833745
701.0,94.79167425,51.45833745
923.0,95.20834095,51.45833745
717.0,95.62500765,51.45833745
1098.0,96.04167435,51.45833745
1455.0,96.45834105,51.45833745
1941.0,96.87500775,51.45833745
1100.0,106.04167515,51.45833745
775.0,114.37500915,51.45833745
746.0,-121.45834305,51.04167075
1504.0,-121.04167635,51.04167075
1445.0,-120.62500965,51.04167075
710.0,-109.79167545,51.04167075
684.0,-109.37500875,51.04167075
701.0,-108.95834205,51.04167075
86.0,48.95833725,51.04167075
157.0,50.20833735,51.04167075
37.0,51.04167075,51.04167075
120.0,53.54167095,51.04167075
392.0,56.87500455,51.04167075
336.0,59.79167145,51.04167075
315.0,61.04167155,51.04167075
261.0,61.45833825,51.04167075
244.0,62.29167165,51.04167075
245.0,62.70833835,51.04167075
169.0,63.95833845,51.04167075
115.0,64.37500515,51.04167075
120.0,64.79167185,51.04167075
193.0,65.62500525,51.04167075
257.0,66.87500535,51.04167075
258.0,67.29167205,51.04167075
296.0,68.12500545,51.04167075
368.0,68.54167215,51.04167075
341.0,71.45833905,51.04167075
556.0,73.12500585,51.04167075
379.0,74.37500595,51.04167075
245.0,75.62500605,51.04167075
242.0,76.45833945,51.04167075
221.0,76.87500615,51.04167075
431.0,82.29167325,51.04167075
1449.0,83.54167335,51.04167075
1412.0,83.95834005,51.04167075
1633.0,85.20834015,51.04167075
2095.0,86.87500695,51.04167075
1709.0,87.29167365,51.04167075
743.0,87.70834035,51.04167075
2784.0,88.12500705,51.04167075
2446.0,88.54167375,51.04167075
2397.0,88.95834045,51.04167075
2614.0,89.37500715,51.04167075
2454.0,89.79167385,51.04167075
918.0,90.62500725,51.04167075
1055.0,91.04167395,51.04167075
1757.0,91.45834065,51.04167075
2517.0,92.29167405,51.04167075
2403.0,92.70834075,51.04167075
1440.0,93.12500745,51.04167075
1288.0,93.54167415,51.04167075
1481.0,93.95834085,51.04167075
1644.0,94.37500755,51.04167075
1084.0,94.79167425,51.04167075
1006.0,95.20834095,51.04167075
1448.0,95.62500765,51.04167075
1448.0,96.04167435,51.04167075
1313.0,96.87500775,51.04167075
2514.0,98.54167455,51.04167075
1454.0,-120.62500965,50.62500405
1030.0,-120.20834295,50.62500405
1097.0,-118.54167615,50.62500405
777.0,-111.04167555,50.62500405
754.0,-110.62500885,50.62500405
733.0,-109.79167545,50.62500405
689.0,-109.37500875,50.62500405
692.0,-108.54167535,50.62500405
670.0,-108.12500865,50.62500405
564.0,-105.20834175,50.62500405
98.0,31.04166915,50.62500405
147.0,55.20833775,50.62500405
277.0,59.37500475,50.62500405
326.0,59.79167145,50.62500405
318.0,60.20833815,50.62500405
295.0,60.62500485,50.62500405
271.0,61.45833825,50.62500405
216.0,62.29167165,50.62500405
218.0,62.70833835,50.62500405
113.0,64.37500515,50.62500405
111.0,64.79167185,50.62500405
363.0,66.87500535,50.62500405
537.0,73.12500585,50.62500405
474.0,74.37500595,50.62500405
397.0,74.79167265,50.62500405
445.0,75.20833935,50.62500405
311.0,76.45833945,50.62500405
286.0,76.87500615,50.62500405
236.0,78.12500625,50.62500405
1646.0,87.70834035,50.62500405
2106.0,88.12500705,50.62500405
2374.0,88.54167375,50.62500405
2212.0,88.95834045,50.62500405
2097.0,89.37500715,50.62500405
3063.0,89.79167385,50.62500405
2578.0,90.20834055,50.62500405
1905.0,91.45834065,50.62500405
1412.0,91.87500735,50.62500405
851.0,92.70834075,50.62500405
789.0,93.54167415,50.62500405
1429.0,95.20834095,50.62500405
1856.0,95.62500765,50.62500405
2219.0,96.04167435,50.62500405
2310.0,96.45834105,50.62500405
1916.0,96.87500775,50.62500405
2165.0,98.12500785,50.62500405
2179.0,98.95834125,50.62500405
622.0,107.29167525,50.62500405
874.0,116.87500935,50.62500405
693.0,119.37500955,50.62500405
1085.0,-120.20834295,50.20833735
614.0,-117.70834275,50.20833735
1425.0,-116.87500935,50.20833735
755.0,-108.12500865,50.20833735
826.0,-107.70834195,50.20833735
361.0,-99.37500795,50.20833735
31.0,52.70833755,50.20833735
334.0,57.70833795,50.20833735
339.0,58.54167135,50.20833735
258.0,58.95833805,50.20833735
294.0,59.37500475,50.20833735
262.0,60.62500485,50.20833735
243.0,61.04167155,50.20833735
341.0,66.87500535,50.20833735
324.0,68.12500545,50.20833735
404.0,70.62500565,50.20833735
384.0,71.45833905,50.20833735
488.0,72.29167245,50.20833735
514.0,73.54167255,50.20833735
609.0,73.95833925,50.20833735
680.0,74.79167265,50.20833735
605.0,75.62500605,50.20833735
591.0,76.45833945,50.20833735
262.0,78.95833965,50.20833735
250.0,79.37500635,50.20833735
288.0,79.79167305,50.20833735
261.0,80.62500645,50.20833735
835.0,83.12500665,50.20833735
1679.0,86.87500695,50.20833735
1792.0,87.70834035,50.20833735
2904.0,88.54167375,50.20833735
2701.0,88.95834045,50.20833735
2522.0,89.37500715,50.20833735
2159.0,89.79167385,50.20833735
2850.0,90.20834055,50.20833735
2112.0,90.62500725,50.20833735
1405.0,91.04167395,50.20833735
853.0,93.54167415,50.20833735
1141.0,95.20834095,50.20833735
1370.0,95.62500765,50.20833735
2120.0,96.04167435,50.20833735
2343.0,96.45834105,50.20833735
2165.0,96.87500775,50.20833735
1279.0,112.29167565,50.20833735
728.0,114.79167585,50.20833735
606.0,-103.54167495,49.79167065
304.0,56.04167115,49.79167065
285.0,56.87500455,49.79167065
309.0,57.29167125,49.79167065
385.0,58.12500465,49.79167065
290.0,58.95833805,49.79167065
348.0,59.37500475,49.79167065
256.0,59.79167145,49.79167065
228.0,60.20833815,49.79167065
252.0,60.62500485,49.79167065
225.0,61.45833825,49.79167065
390.0,66.87500535,49.79167065
451.0,80.20833975,49.79167065
429.0,81.04167315,49.79167065
707.0,83.12500665,49.79167065
943.0,83.54167335,49.79167065
553.0,84.79167345,49.79167065
1832.0,85.20834015,49.79167065
3292.0,87.70834035,49.79167065
3391.0,88.12500705,49.79167065
1970.0,88.54167375,49.79167065
2082.0,88.95834045,49.79167065
2259.0,89.37500715,49.79167065
3776.0,89.79167385,49.79167065
1677.0,90.62500725,49.79167065
1433.0,91.87500735,49.79167065
1117.0,92.70834075,49.79167065
814.0,104.79167505,49.79167065
638.0,106.04167515,49.79167065
669.0,106.45834185,49.79167065
828.0,107.70834195,49.79167065
797.0,112.70834235,49.79167065
835.0,114.37500915,49.79167065
534.0,118.54167615,49.79167065
552.0,119.37500955,49.79167065
1373.0,-119.79167625,49.37500395
914.0,-108.12500865,49.37500395
560.0,-101.87500815,49.37500395
341.0,-95.62500765,49.37500395
7.0,-1.45833345,49.37500395
122.0,0.208333350000004,49.37500395
118.0,0.625000050000011,49.37500395
372.0,58.54167135,49.37500395
328.0,59.37500475,49.37500395
263.0,59.79167145,49.37500395
199.0,60.20833815,49.37500395
200.0,60.62500485,49.37500395
217.0,61.04167155,49.37500395
424.0,66.87500535,49.37500395
433.0,79.79167305,49.37500395
475.0,80.20833975,49.37500395
2222.0,87.70834035,49.37500395
3028.0,88.12500705,49.37500395
2784.0,88.54167375,49.37500395
2426.0,88.95834045,49.37500395
2785.0,89.37500715,49.37500395
2994.0,91.45834065,49.37500395
1154.0,92.70834075,49.37500395
1976.0,94.37500755,49.37500395
1714.0,96.04167435,49.37500395
1801.0,99.79167465,49.37500395
1174.0,101.45834145,49.37500395
1052.0,104.37500835,49.37500395
772.0,114.79167585,49.37500395
1582.0,-120.62500965,48.95833725
792.0,-118.12500945,48.95833725
547.0,-116.45834265,48.95833725
853.0,-115.20834255,48.95833725
1280.0,-114.37500915,48.95833725
1426.0,-113.12500905,48.95833725
572.0,-103.12500825,48.95833725
486.0,-99.37500795,48.95833725
277.0,-96.87500775,48.95833725
92.0,42.29167005,48.95833725
354.0,58.54167135,48.95833725
359.0,58.95833805,48.95833725
211.0,60.62500485,48.95833725
461.0,69.37500555,48.95833725
843.0,81.87500655,48.95833725
1880.0,89.79167385,48.95833725
1655.0,91.04167395,48.95833725
2081.0,91.87500735,48.95833725
1139.0,93.12500745,48.95833725
1411.0,94.79167425,48.95833725
1750.0,101.45834145,48.95833725
1235.0,107.29167525,48.95833725
1082.0,113.12500905,48.95833725
1053.0,-121.04167635,48.54167055
253.0,-96.87500775,48.54167055
51.0,42.29167005,48.54167055
436.0,71.04167235,48.54167055
515.0,82.29167325,48.54167055
1029.0,84.79167345,48.54167055
1353.0,85.20834015,48.54167055
2605.0,88.95834045,48.54167055
3032.0,89.37500715,48.54167055
2489.0,90.20834055,48.54167055
1190.0,91.45834065,48.54167055
1296.0,93.95834085,48.54167055
1795.0,101.04167475,48.54167055
1632.0,101.45834145,48.54167055
1359.0,102.70834155,48.54167055
999.0,112.70834235,48.54167055
872.0,113.12500905,48.54167055
1086.0,-113.95834245,48.12500385
743.0,74.37500595,48.12500385
442.0,85.20834015,48.12500385
2592.0,88.95834045,48.12500385
1673.0,91.45834065,48.12500385
1913.0,94.79167425,48.12500385
2203.0,99.37500795,48.12500385
1033.0,104.79167505,48.12500385
631.0,-118.95834285,47.70833715
819.0,-118.12500945,47.70833715
939.0,-114.37500915,47.70833715
1889.0,-113.12500905,47.70833715
406.0,-95.62500765,47.70833715
295.0,5.62500045000002,47.70833715
96.0,21.04166835,47.70833715
-14.0,48.12500385,47.70833715
2731.0,90.62500725,47.70833715
1818.0,91.87500735,47.70833715
1288.0,93.12500745,47.70833715
1165.0,93.54167415,47.70833715
1678.0,95.62500765,47.70833715
1498.0,103.12500825,47.70833715
1240.0,104.79167505,47.70833715
1543.0,108.95834205,47.70833715
1246.0,110.62500885,47.70833715
1015.0,111.45834225,47.70833715
1063.0,113.12500905,47.70833715
612.0,-119.79167625,47.29167045
493.0,-118.95834285,47.29167045
609.0,-118.54167615,47.29167045
640.0,-118.12500945,47.29167045
757.0,-117.29167605,47.29167045
996.0,-114.37500915,47.29167045
265.0,-96.87500775,47.29167045
80.0,20.62500165,47.29167045
91.0,21.04166835,47.29167045
275.0,26.45833545,47.29167045
179.0,36.87500295,47.29167045
101.0,38.54166975,47.29167045
146.0,60.20833815,47.29167045
98.0,60.62500485,47.29167045
1762.0,85.20834015,47.29167045
1343.0,86.04167355,47.29167045
718.0,88.54167375,47.29167045
2834.0,91.87500735,47.29167045
1635.0,92.29167405,47.29167045
1111.0,92.70834075,47.29167045
2407.0,93.12500745,47.29167045
1416.0,103.12500825,47.29167045
1464.0,103.95834165,47.29167045
1155.0,105.20834175,47.29167045
1197.0,111.04167555,47.29167045
924.0,-120.20834295,46.87500375
345.0,-119.79167625,46.87500375
426.0,-118.95834285,46.87500375
549.0,-117.70834275,46.87500375
725.0,-117.29167605,46.87500375
2070.0,-114.37500915,46.87500375
1152.0,-113.54167575,46.87500375
1511.0,-112.29167565,46.87500375
1394.0,-111.87500895,46.87500375
1890.0,-111.45834225,46.87500375
277.0,-96.87500775,46.87500375
91.0,21.45833505,46.87500375
35.0,34.37500275,46.87500375
57.0,36.45833625,46.87500375
2423.0,92.70834075,46.87500375
1331.0,105.20834175,46.87500375
426.0,-120.20834295,46.45833705
518.0,-117.70834275,46.45833705
610.0,-117.29167605,46.45833705
1892.0,-114.79167585,46.45833705
2191.0,-114.37500915,46.45833705
2167.0,-113.54167575,46.45833705
2098.0,-113.12500905,46.45833705
1366.0,-112.70834235,46.45833705
2012.0,-112.29167565,46.45833705
1877.0,-110.62500885,46.45833705
-9999.0,37.29166965,46.45833705
20.0,42.29167005,46.45833705
66.0,56.04167115,46.45833705
2452.0,93.54167415,46.45833705
2183.0,94.37500755,46.45833705
1586.0,104.37500835,46.45833705
873.0,-120.20834295,46.04167035
358.0,-119.37500955,46.04167035
677.0,-118.12500945,46.04167035
1463.0,-114.37500915,46.04167035
1803.0,-113.95834245,46.04167035
1402.0,-111.87500895,46.04167035
2202.0,-110.20834215,46.04167035
388.0,-93.95834085,46.04167035
139.0,-0.208333350000004,46.04167035
151.0,21.45833505,46.04167035
-28.0,50.20833735,46.04167035
208.0,58.54167135,46.04167035
40.0,59.79167145,46.04167035
1166.0,83.95834005,46.04167035
2795.0,93.54167415,46.04167035
305.0,-120.20834295,45.62500365
313.0,-119.37500955,45.62500365
480.0,-116.45834265,45.62500365
1889.0,-113.54167575,45.62500365
1646.0,-112.70834235,45.62500365
1891.0,-111.87500895,45.62500365
53.0,28.95833565,45.62500365
-9999.0,30.62500245,45.62500365
73.0,43.95833685,45.62500365
69.0,44.79167025,45.62500365
81.0,57.70833795,45.62500365
182.0,58.54167135,45.62500365
40.0,58.95833805,45.62500365
229.0,67.70833875,45.62500365
1405.0,-118.54167615,45.20833695
1477.0,-118.12500945,45.20833695
2427.0,-117.29167605,45.20833695
1889.0,-115.62500925,45.20833695
2162.0,-114.79167585,45.20833695
2549.0,-114.37500915,45.20833695
2316.0,-113.54167575,45.20833695
1695.0,-112.70834235,45.20833695
2301.0,-112.29167565,45.20833695
2560.0,-111.45834225,45.20833695
2288.0,-111.04167555,45.20833695
2804.0,-110.62500885,45.20833695
2925.0,-110.20834215,45.20833695
2641.0,-109.79167545,45.20833695
931.0,-103.54167495,45.20833695
33.0,27.29166885,45.20833695
3.0,27.70833555,45.20833695
24.0,33.54166935,45.20833695
185.0,44.37500355,45.20833695
-28.0,48.95833725,45.20833695
-27.0,53.54167095,45.20833695
-28.0,54.79167105,45.20833695
124.0,57.29167125,45.20833695
136.0,58.12500465,45.20833695
40.0,58.54167135,45.20833695
135.0,67.29167205,45.20833695
143.0,67.70833875,45.20833695
177.0,68.54167215,45.20833695
242.0,68.95833885,45.20833695
221.0,69.79167225,45.20833695
246.0,70.20833895,45.20833695
452.0,78.12500625,45.20833695
771.0,78.54167295,45.20833695
775.0,-120.20834295,44.79167025
2555.0,-115.20834255,44.79167025
1280.0,-114.79167585,44.79167025
2823.0,-114.37500915,44.79167025
1721.0,-113.54167575,44.79167025
2364.0,-112.29167565,44.79167025
2595.0,-111.87500895,44.79167025
2156.0,-111.04167555,44.79167025
2794.0,-110.20834215,44.79167025
1585.0,-107.29167525,44.79167025
810.0,-102.70834155,44.79167025
232.0,28.54166895,44.79167025
-9999.0,33.12500265,44.79167025
85.0,38.12500305,44.79167025
-28.0,50.20833735,44.79167025
-37.0,53.54167095,44.79167025
100.0,56.04167115,44.79167025
163.0,67.29167205,44.79167025
142.0,67.70833875,44.79167025
129.0,68.12500545,44.79167025
157.0,68.54167215,44.79167025
164.0,68.95833885,44.79167025
203.0,69.79167225,44.79167025
213.0,70.20833895,44.79167025
614.0,77.70833955,44.79167025
719.0,78.12500625,44.79167025
937.0,-121.04167635,44.37500355
1406.0,-120.62500965,44.37500355
1399.0,-120.20834295,44.37500355
1416.0,-118.54167615,44.37500355
1385.0,-118.12500945,44.37500355
2869.0,-113.95834245,44.37500355
1921.0,-111.87500895,44.37500355
2519.0,-110.20834215,44.37500355
1524.0,-107.70834195,44.37500355
209.0,4.37500034999999,44.37500355
161.0,4.79166705,44.37500355
360.0,5.20833375000001,44.37500355
1.0,14.79166785,44.37500355
-9999.0,29.79166905,44.37500355
40.0,59.37500475,44.37500355
320.0,66.87500535,44.37500355
212.0,68.12500545,44.37500355
190.0,68.54167215,44.37500355
259.0,68.95833885,44.37500355
365.0,69.79167225,44.37500355
335.0,70.20833895,44.37500355
348.0,71.04167235,44.37500355
1205.0,77.70833955,44.37500355
1146.0,-121.04167635,43.95833685
1249.0,-120.20834295,43.95833685
1432.0,-119.79167625,43.95833685
1405.0,-119.37500955,43.95833685
1066.0,-118.12500945,43.95833685
2114.0,-115.20834255,43.95833685
2926.0,-114.37500915,43.95833685
2804.0,-113.95834245,43.95833685
1666.0,-111.45834225,43.95833685
2134.0,-110.62500885,43.95833685
2377.0,-110.20834215,43.95833685
3036.0,-109.79167545,43.95833685
2804.0,-109.37500875,43.95833685
1549.0,-107.29167525,43.95833685
258.0,1.87500015000001,43.95833685
711.0,3.54166695000001,43.95833685
81.0,4.37500034999999,43.95833685
17.0,4.79166705,43.95833685
49.0,8.12500065,43.95833685
-9999.0,9.79166745000001,43.95833685
169.0,15.62500125,43.95833685
66.0,25.20833535,43.95833685
57.0,26.45833545,43.95833685
188.0,27.29166885,43.95833685
-9999.0,33.95833605,43.95833685
45.0,58.95833805,43.95833685
184.0,67.29167205,43.95833685
647.0,67.70833875,43.95833685
1097.0,68.12500545,43.95833685
520.0,68.54167215,43.95833685
310.0,69.37500555,43.95833685
290.0,69.79167225,43.95833685
834.0,74.37500595,43.95833685
895.0,74.79167265,43.95833685
1200.0,75.20833935,43.95833685
772.0,75.62500605,43.95833685
666.0,76.04167275,43.95833685
555.0,76.45833945,43.95833685
663.0,76.87500615,43.95833685
558.0,77.29167285,43.95833685
791.0,77.70833955,43.95833685
737.0,81.45833985,43.95833685
1443.0,-120.62500965,43.54167015
1406.0,-120.20834295,43.54167015
1402.0,-119.79167625,43.54167015
1216.0,-118.12500945,43.54167015
1109.0,-117.29167605,43.54167015
1524.0,-115.62500925,43.54167015
1568.0,-113.12500905,43.54167015
2073.0,-111.04167555,43.54167015
2345.0,-110.20834215,43.54167015
2067.0,-108.95834205,43.54167015
1646.0,-108.12500865,43.54167015
456.0,-96.87500775,43.54167015
-9999.0,9.79166745000001,43.54167015
-9999.0,10.20833415,43.54167015
91.0,11.04166755,43.54167015
165.0,23.95833525,43.54167015
171.0,67.29167205,43.54167015
206.0,67.70833875,43.54167015
343.0,68.12500545,43.54167015
838.0,68.95833885,43.54167015
365.0,70.20833895,43.54167015
455.0,71.87500575,43.54167015
494.0,72.29167245,43.54167015
688.0,75.62500605,43.54167015
680.0,76.45833945,43.54167015
564.0,77.29167285,43.54167015
1570.0,78.95833965,43.54167015
781.0,79.79167305,43.54167015
1615.0,-121.45834305,43.12500345
1316.0,-121.04167635,43.12500345
1635.0,-120.62500965,43.12500345
1402.0,-120.20834295,43.12500345
1481.0,-119.79167625,43.12500345
1461.0,-119.37500955,43.12500345
1293.0,-118.12500945,43.12500345
1158.0,-117.70834275,43.12500345
1399.0,-117.29167605,43.12500345
969.0,-116.45834265,43.12500345
1124.0,-115.62500925,43.12500345
1463.0,-114.79167585,43.12500345
1448.0,-114.37500915,43.12500345
2743.0,-110.62500885,43.12500345
2367.0,-110.20834215,43.12500345
1686.0,-107.70834195,43.12500345
857.0,-101.04167475,43.12500345
122.0,2.70833354999999,43.12500345
-9999.0,5.62500045000002,43.12500345
32.0,6.04166714999999,43.12500345
-9999.0,6.45833385,43.12500345
-9999.0,7.29166724999999,43.12500345
149.0,17.29166805,43.12500345
-9999.0,28.95833565,43.12500345
1439.0,41.45833665,43.12500345
1073.0,41.87500335,43.12500345
2756.0,42.29167005,43.12500345
2439.0,42.70833675,43.12500345
2948.0,43.12500345,43.12500345
207.0,64.79167185,43.12500345
178.0,67.70833875,43.12500345
181.0,68.12500545,43.12500345
274.0,68.95833885,43.12500345
462.0,69.37500555,43.12500345
980.0,70.20833895,43.12500345
467.0,71.04167235,43.12500345
487.0,71.45833905,43.12500345
608.0,72.29167245,43.12500345
596.0,73.54167255,43.12500345
566.0,73.95833925,43.12500345
1302.0,-113.95834245,42.70833675
1340.0,-113.12500905,42.70833675
1729.0,-112.70834235,42.70833675
1660.0,-111.87500895,42.70833675
3051.0,-110.62500885,42.70833675
2316.0,-110.20834215,42.70833675
2848.0,-109.37500875,42.70833675
2010.0,-107.70834195,42.70833675
1955.0,-106.45834185,42.70833675
1829.0,-106.04167515,42.70833675
527.0,-98.54167455,42.70833675
396.0,-97.29167445,42.70833675
334.0,-91.87500735,42.70833675
894.0,-3.95833364999999,42.70833675
-9999.0,8.95833404999999,42.70833675
1827.0,43.95833685,42.70833675
265.0,64.37500515,42.70833675
248.0,64.79167185,42.70833675
182.0,68.12500545,42.70833675
1012.0,70.62500565,42.70833675
1524.0,-116.87500935,42.29167005
1584.0,-116.45834265,42.29167005
1461.0,-115.62500925,42.29167005
1517.0,-114.79167585,42.29167005
2806.0,-110.62500885,42.29167005
2072.0,-110.20834215,42.29167005
2499.0,-105.62500845,42.29167005
610.0,-98.54167455,42.29167005
513.0,-97.70834115,42.29167005
351.0,-96.04167435,42.29167005
291.0,-92.29167405,42.29167005
835.0,-4.79166705,42.29167005
935.0,-3.95833364999999,42.29167005
1083.0,-3.12500025,42.29167005
462.0,-1.45833345,42.29167005
512.0,0.208333350000004,42.29167005
31.0,3.12500025,42.29167005
673.0,12.70833435,42.29167005
-9999.0,14.79166785,42.29167005
-9999.0,16.04166795,42.29167005
25.0,53.95833765,42.29167005
160.0,54.79167105,42.29167005
170.0,55.20833775,42.29167005
268.0,68.95833885,42.29167005
408.0,69.37500555,42.29167005
2386.0,73.95833925,42.29167005
2444.0,74.37500595,42.29167005
3250.0,81.45833985,42.29167005
1515.0,-122.29167645,41.87500335
1310.0,-121.87500975,41.87500335
1229.0,-121.45834305,41.87500335
2073.0,-120.20834295,41.87500335
2011.0,-117.29167605,41.87500335
1612.0,-116.87500935,41.87500335
1585.0,-116.45834265,41.87500335
1707.0,-116.04167595,41.87500335
1678.0,-112.29167565,41.87500335
1358.0,-111.87500895,41.87500335
2085.0,-109.37500875,41.87500335
783.0,-99.79167465,41.87500335
548.0,-97.70834115,41.87500335
472.0,-97.29167445,41.87500335
458.0,-96.87500775,41.87500335
751.0,-6.45833385,41.87500335
280.0,-1.45833345,41.87500335
476.0,-1.04166674999999,41.87500335
473.0,-0.625000050000011,41.87500335
284.0,-0.208333350000004,41.87500335
440.0,14.79166785,41.87500335
-9999.0,16.45833465,41.87500335
2262.0,43.12500345,41.87500335
-24.0,53.54167095,41.87500335
244.0,54.37500435,41.87500335
150.0,55.62500445,41.87500335
222.0,68.12500545,41.87500335
520.0,68.95833885,41.87500335
698.0,69.37500555,41.87500335
1901.0,73.54167255,41.87500335
3351.0,73.95833925,41.87500335
1606.0,74.37500595,41.87500335
1490.0,-122.29167645,41.45833665
1519.0,-121.87500975,41.45833665
1433.0,-121.45834305,41.45833665
1829.0,-120.20834295,41.45833665
2293.0,-118.95834285,41.45833665
2088.0,-117.70834275,41.45833665
1645.0,-116.87500935,41.45833665
2072.0,-116.45834265,41.45833665
1828.0,-114.79167585,41.45833665
1496.0,-113.95834245,41.45833665
1269.0,-112.29167565,41.45833665
1891.0,-109.37500875,41.45833665
1773.0,-104.79167505,41.45833665
1614.0,-104.37500835,41.45833665
640.0,-98.54167455,41.45833665
500.0,-97.70834115,41.45833665
706.0,-4.79166705,41.45833665
477.0,-1.45833345,41.45833665
581.0,-1.04166674999999,41.45833665
338.0,-0.208333350000004,41.45833665
252.0,0.208333350000004,41.45833665
241.0,0.625000050000011,41.45833665
655.0,1.45833345,41.45833665
-9999.0,3.12500025,41.45833665
20.0,12.70833435,41.45833665
193.0,13.12500105,41.45833665
269.0,15.20833455,41.45833665
41.0,15.62500125,41.45833665
-9999.0,16.04166795,41.45833665
-9999.0,19.37500155,41.45833665
-9999.0,28.54166895,41.45833665
408.0,48.54167055,41.45833665
-20.0,48.95833725,41.45833665
302.0,67.29167205,41.45833665
280.0,67.70833875,41.45833665
250.0,68.12500545,41.45833665
385.0,68.95833885,41.45833665
542.0,69.37500555,41.45833665
1171.0,70.20833895,41.45833665
1538.0,73.95833925,41.45833665
2127.0,74.37500595,41.45833665
1340.0,-117.29167605,41.04166995
1668.0,-116.45834265,41.04166995
1974.0,-114.79167585,41.04166995
2244.0,-111.04167555,41.04166995
2192.0,-109.37500875,41.04166995
2649.0,-108.95834205,41.04166995
2681.0,-106.87500855,41.04166995
2377.0,-106.45834185,41.04166995
2474.0,-105.62500845,41.04166995
592.0,-98.54167455,41.04166995
534.0,-98.12500785,41.04166995
322.0,-93.54167415,41.04166995
797.0,-5.62500044999999,41.04166995
1216.0,-3.12500025,41.04166995
1051.0,-2.70833354999999,41.04166995
343.0,-0.208333350000004,41.04166995
-9999.0,2.29166685000001,41.04166995
-9999.0,13.54166775,41.04166995
142.0,14.37500115,41.04166995
78.0,16.87500135,41.04166995
-9999.0,19.37500155,41.04166995
-9999.0,38.12500305,41.04166995
-9999.0,38.54166975,41.04166995
1107.0,41.87500335,41.04166995
-27.0,53.54167095,41.04166995
-19.0,54.37500435,41.04166995
1.0,54.79167105,41.04166995
237.0,68.12500545,41.04166995
2016.0,70.62500565,41.04166995
723.0,72.70833915,41.04166995
2261.0,73.54167255,41.04166995
2170.0,-121.04167635,40.62500325
1746.0,-120.62500965,40.62500325
1524.0,-120.20834295,40.62500325
1514.0,-117.29167605,40.62500325
1385.0,-116.87500935,40.62500325
1904.0,-114.79167585,40.62500325
3374.0,-110.62500885,40.62500325
2478.0,-106.45834185,40.62500325
168.0,-91.45834065,40.62500325
183.0,-89.79167385,40.62500325
1157.0,-5.20833375000001,40.62500325
1003.0,-3.95833364999999,40.62500325
1216.0,-2.29166684999998,40.62500325
566.0,0.208333350000004,40.62500325
-9999.0,8.12500065,40.62500325
-9999.0,13.95833445,40.62500325
-9999.0,14.79166785,40.62500325
91.0,15.20833455,40.62500325
391.0,17.29166805,40.62500325
-9999.0,18.54166815,40.62500325
-9999.0,18.95833485,40.62500325
4.0,19.37500155,40.62500325
-9999.0,25.20833535,40.62500325
-9999.0,27.29166885,40.62500325
164.0,28.95833565,40.62500325
64.0,29.37500235,40.62500325
1037.0,33.95833605,40.62500325
1336.0,37.70833635,40.62500325
1492.0,38.54166975,40.62500325
1851.0,42.29167005,40.62500325
18.0,47.29167045,40.62500325
67.0,47.70833715,40.62500325
668.0,48.95833725,40.62500325
-1.0,53.12500425,40.62500325
-22.0,53.54167095,40.62500325
27.0,53.95833765,40.62500325
139.0,54.37500435,40.62500325
76.0,57.29167125,40.62500325
266.0,68.12500545,40.62500325
381.0,70.62500565,40.62500325
374.0,71.04167235,40.62500325
388.0,71.45833905,40.62500325
429.0,71.87500575,40.62500325
1390.0,113.12500905,40.62500325
1524.0,-121.04167635,40.20833655
1219.0,-120.20834295,40.20833655
1771.0,-117.29167605,40.20833655
1492.0,-112.70834235,40.20833655
2366.0,-106.45834185,40.20833655
411.0,-97.29167445,40.20833655
335.0,-95.62500765,40.20833655
254.0,-94.37500755,40.20833655
1513.0,-5.20833375000001,40.20833655
464.0,-4.79166705,40.20833655
541.0,-3.95833364999999,40.20833655
613.0,-3.54166695000001,40.20833655
724.0,-3.12500025,40.20833655
775.0,-2.70833354999999,40.20833655
-9999.0,2.70833354999999,40.20833655
-9999.0,3.12500025,40.20833655
852.0,16.04166795,40.20833655
945.0,31.87500255,40.20833655
1506.0,36.87500295,40.20833655
2130.0,37.29166965,40.20833655
2070.0,37.70833635,40.20833655
-16.0,48.54167055,40.20833655
-28.0,52.70833755,40.20833655
59.0,57.29167125,40.20833655
849.0,71.04167235,40.20833655
845.0,71.87500575,40.20833655
3636.0,73.95833925,40.20833655
1523.0,-120.20834295,39.79166985
1628.0,-119.79167625,39.79166985
1825.0,-117.29167605,39.79166985
2558.0,-110.62500885,39.79166985
1707.0,-110.20834215,39.79166985
305.0,-94.37500755,39.79166985
243.0,-8.12500065,39.79166985
347.0,-7.70833395,39.79166985
724.0,-3.12500025,39.79166985
637.0,-1.04166674999999,39.79166985
99.0,-0.208333350000004,39.79166985
-9999.0,0.208333350000004,39.79166985
-9999.0,0.625000050000011,39.79166985
-9999.0,2.29166685000001,39.79166985
-9999.0,3.12500025,39.79166985
3.0,8.54166735000001,39.79166985
-9999.0,16.87500135,39.79166985
-9999.0,18.95833485,39.79166985
608.0,28.54166895,39.79166985
47.0,56.04167115,39.79166985
64.0,57.29167125,39.79166985
1714.0,68.12500545,39.79166985
1481.0,69.37500555,39.79166985
2084.0,-120.20834295,39.37500315
1702.0,-119.79167625,39.37500315
1765.0,-111.87500895,39.37500315
1967.0,-111.04167555,39.37500315
2148.0,-110.20834215,39.37500315
2438.0,-109.79167545,39.37500315
2240.0,-108.54167535,39.37500315
2137.0,-105.20834175,39.37500315
401.0,-97.29167445,39.37500315
268.0,-7.70833395,39.37500315
475.0,-5.20833375000001,39.37500315
462.0,-1.45833345,39.37500315
-9999.0,-0.208333350000004,39.37500315
-9999.0,2.29166685000001,39.37500315
-9999.0,2.70833354999999,39.37500315
86.0,3.12500025,39.37500315
-9999.0,3.54166695000001,39.37500315
-9999.0,8.12500065,39.37500315
394.0,9.37500075,39.37500315
494.0,20.62500165,39.37500315
224.0,21.04166835,39.37500315
269.0,22.70833515,39.37500315
-9999.0,26.45833545,39.37500315
900.0,27.29166885,39.37500315
1861.0,37.29166965,39.37500315
2060.0,38.54166975,39.37500315
3035.0,38.95833645,39.37500315
1750.0,39.37500315,39.37500315
-26.0,53.12500425,39.37500315
-18.0,53.54167095,39.37500315
58.0,55.20833775,39.37500315
49.0,56.04167115,39.37500315
62.0,56.87500455,39.37500315
67.0,57.70833795,39.37500315
102.0,58.54167135,39.37500315
3911.0,74.37500595,39.37500315
1186.0,76.87500615,39.37500315
1440.0,-119.79167625,38.95833645
2439.0,-116.45834265,38.95833645
255.0,-95.20834095,38.95833645
255.0,-7.70833395,38.95833645
181.0,-6.87500055000001,38.95833645
277.0,-5.62500044999999,38.95833645
295.0,-5.20833375000001,38.95833645
98.0,-0.208333350000004,38.95833645
-9999.0,1.87500015000001,38.95833645
-9999.0,3.12500025,38.95833645
-9999.0,9.79166745000001,38.95833645
-9999.0,17.29166805,38.95833645
-9999.0,25.62500205,38.95833645
358.0,48.54167055,38.95833645
264.0,55.20833775,38.95833645
84.0,58.54167135,38.95833645
1169.0,77.29167285,38.95833645
1158.0,77.70833955,38.95833645
1152.0,78.12500625,38.95833645
2560.0,-119.79167625,38.54166975
1828.0,-117.70834275,38.54166975
1889.0,-117.29167605,38.54166975
2189.0,-116.87500935,38.54166975
2080.0,-116.45834265,38.54166975
1874.0,-114.37500915,38.54166975
442.0,-97.29167445,38.54166975
210.0,-7.70833395,38.54166975
507.0,-5.20833375000001,38.54166975
684.0,-3.95833364999999,38.54166975
787.0,-2.70833354999999,38.54166975
568.0,-1.04166674999999,38.54166975
116.0,-0.208333350000004,38.54166975
-9999.0,1.87500015000001,38.54166975
-9999.0,16.87500135,38.54166975
-9999.0,20.62500165,38.54166975
-9999.0,25.62500205,38.54166975
672.0,26.04166875,38.54166975
540.0,26.45833545,38.54166975
757.0,28.95833565,38.54166975
866.0,29.37500235,38.54166975
1491.0,36.04166955,38.54166975
1051.0,39.37500315,38.54166975
1221.0,40.20833655,38.54166975
1393.0,40.62500325,38.54166975
2240.0,41.45833665,38.54166975
1872.0,41.87500335,38.54166975
1634.0,43.12500345,38.54166975
1342.0,48.54167055,38.54166975
87.0,54.79167105,38.54166975
550.0,55.62500445,38.54166975
92.0,58.54167135,38.54166975
118.0,59.79167145,38.54166975
2560.0,-119.37500955,38.12500305
2019.0,-118.95834285,38.12500305
1705.0,-118.54167615,38.12500305
1976.0,-117.70834275,38.12500305
1638.0,-117.29167605,38.12500305
1901.0,-116.87500935,38.12500305
2144.0,-112.29167565,38.12500305
2846.0,-111.87500895,38.12500305
1884.0,-108.95834205,38.12500305
2441.0,-108.12500865,38.12500305
3211.0,-106.87500855,38.12500305
-9999.0,-8.95833404999999,38.12500305
123.0,-7.70833395,38.12500305
592.0,-6.45833385,38.12500305
436.0,-6.04166714999999,38.12500305
698.0,-5.20833375000001,38.12500305
697.0,-4.79166705,38.12500305
292.0,-4.37500034999999,38.12500305
495.0,-3.95833364999999,38.12500305
581.0,-3.12500025,38.12500305
1323.0,-2.70833354999999,38.12500305
-9999.0,13.54166775,38.12500305
-9999.0,13.95833445,38.12500305
94.0,15.20833455,38.12500305
-9999.0,20.20833495,38.12500305
412.0,20.62500165,38.12500305
27.0,21.45833505,38.12500305
632.0,22.29166845,38.12500305
-9999.0,22.70833515,38.12500305
-9999.0,26.04166875,38.12500305
145.0,28.12500225,38.12500305
766.0,28.54166895,38.12500305
1636.0,57.29167125,38.12500305
1100.0,66.45833865,38.12500305
4125.0,71.04167235,38.12500305
4086.0,73.54167255,38.12500305
3645.0,73.95833925,38.12500305
4383.0,74.79167265,38.12500305
4767.0,96.45834105,38.12500305
2325.0,-118.95834285,37.70833635
1646.0,-118.12500945,37.70833635
2499.0,-112.29167565,37.70833635
310.0,-93.12500745,37.70833635
160.0,-7.70833395,37.70833635
143.0,-7.29166724999999,37.70833635
212.0,-6.87500055000001,37.70833635
552.0,-6.45833385,37.70833635
114.0,-5.20833375000001,37.70833635
311.0,-4.79166705,37.70833635
494.0,-4.37500034999999,37.70833635
1073.0,-3.54166695000001,37.70833635
1014.0,-2.29166684999998,37.70833635
531.0,-1.87500015000001,37.70833635
-9999.0,9.37500075,37.70833635
-9999.0,10.20833415,37.70833635
946.0,13.54166775,37.70833635
27.0,15.20833455,37.70833635
-9999.0,20.62500165,37.70833635
97.0,22.70833515,37.70833635
607.0,38.95833645,37.70833635
757.0,39.37500315,37.70833635
804.0,40.20833655,37.70833635
641.0,40.62500325,37.70833635
684.0,41.87500335,37.70833635
-28.0,49.37500395,37.70833635
11.0,54.37500435,37.70833635
1187.0,57.29167125,37.70833635
1558.0,57.70833795,37.70833635
2260.0,58.12500465,37.70833635
3209.0,71.87500575,37.70833635
4104.0,73.54167255,37.70833635
4273.0,73.95833925,37.70833635
4029.0,74.37500595,37.70833635
4608.0,74.79167265,37.70833635
3578.0,75.20833935,37.70833635
4179.0,75.62500605,37.70833635
1383.0,105.20834175,37.70833635
1375.0,107.70834195,37.70833635
2015.0,-118.54167615,37.29166965
2016.0,-118.12500945,37.29166965
2258.0,-117.70834275,37.29166965
1587.0,-113.12500905,37.29166965
2584.0,-107.29167525,37.29166965
3226.0,-105.20834175,37.29166965
2194.0,-104.79167505,37.29166965
282.0,-96.04167435,37.29166965
160.0,-5.20833375000001,37.29166965
326.0,-4.79166705,37.29166965
642.0,-4.37500034999999,37.29166965
708.0,-2.29166684999998,37.29166965
-9999.0,-1.04166674999999,37.29166965
-9999.0,3.12500025,37.29166965
-9999.0,3.54166695000001,37.29166965
-9999.0,3.95833365000001,37.29166965
-9999.0,4.37500034999999,37.29166965
-9999.0,4.79166705,37.29166965
-9999.0,5.20833375000001,37.29166965
-9999.0,6.45833385,37.29166965
-9999.0,8.95833404999999,37.29166965
-9999.0,15.20833455,37.29166965
-9999.0,15.62500125,37.29166965
603.0,22.70833515,37.29166965
-9999.0,26.45833545,37.29166965
146.0,35.62500285,37.29166965
46.0,36.04166955,37.29166965
385.0,36.45833625,37.29166965
872.0,37.29166965,37.29166965
690.0,38.54166975,37.29166965
559.0,40.20833655,37.29166965
661.0,40.62500325,37.29166965
-2.0,49.37500395,37.29166965
-5.0,49.79167065,37.29166965
-4.0,50.20833735,37.29166965
-28.0,53.54167095,37.29166965
1675.0,57.70833795,37.29166965
1859.0,58.54167135,37.29166965
191.0,60.62500485,37.29166965
4767.0,72.70833915,37.29166965
4486.0,73.54167255,37.29166965
4524.0,74.79167265,37.29166965
4816.0,75.20833935,37.29166965
4634.0,75.62500605,37.29166965
3445.0,76.04167275,37.29166965
3900.0,101.45834145,37.29166965
3924.0,102.70834155,37.29166965
1654.0,104.37500835,37.29166965
1336.0,105.62500845,37.29166965
1474.0,106.04167515,37.29166965
1538.0,106.87500855,37.29166965
1498.0,107.29167525,37.29166965
1525.0,-118.12500945,36.87500295
1086.0,-117.70834275,36.87500295
2380.0,-104.79167505,36.87500295
1981.0,-104.37500835,36.87500295
2129.0,-103.95834165,36.87500295
213.0,-96.04167435,36.87500295
-9999.0,-8.12500065,36.87500295
101.0,-5.62500044999999,36.87500295
488.0,-5.20833375000001,36.87500295
882.0,-4.37500034999999,36.87500295
1435.0,-3.95833364999999,36.87500295
171.0,-2.29166684999998,36.87500295
-9999.0,0.625000050000011,36.87500295
-9999.0,1.45833345,36.87500295
-9999.0,1.87500015000001,36.87500295
-9999.0,2.29166685000001,36.87500295
-9999.0,2.70833354999999,36.87500295
-9999.0,3.12500025,36.87500295
66.0,3.95833365000001,36.87500295
172.0,4.37500034999999,36.87500295
115.0,4.79166705,36.87500295
-9999.0,5.20833375000001,36.87500295
-9999.0,5.62500045000002,36.87500295
501.0,6.45833385,36.87500295
45.0,7.29166724999999,36.87500295
3.0,8.54166735000001,36.87500295
533.0,14.79166785,36.87500295
-9999.0,15.62500125,36.87500295
-9999.0,26.04166875,36.87500295
1.0,31.04166915,36.87500295
663.0,43.54167015,36.87500295
1540.0,49.79167065,36.87500295
572.0,50.20833735,36.87500295
-28.0,51.04167075,36.87500295
1040.0,57.29167125,36.87500295
343.0,67.70833875,36.87500295
4956.0,73.95833925,36.87500295
5110.0,75.62500605,36.87500295
3176.0,100.20834135,36.87500295
3191.0,101.45834145,36.87500295
2552.0,101.87500815,36.87500295
1502.0,106.87500855,36.87500295
1469.0,107.29167525,36.87500295
2554.0,-118.12500945,36.45833625
1982.0,-117.70834275,36.45833625
1574.0,-117.29167605,36.45833625
2499.0,-106.87500855,36.45833625
269.0,-96.04167435,36.45833625
386.0,-93.12500745,36.45833625
153.0,-6.04166714999999,36.45833625
-9999.0,-4.37500034999999,36.45833625
-9999.0,-2.70833354999999,36.45833625
-9999.0,-2.29166684999998,36.45833625
-9999.0,-0.208333350000004,36.45833625
-9999.0,0.208333350000004,36.45833625
-9999.0,0.625000050000011,36.45833625
104.0,1.04166674999999,36.45833625
763.0,1.45833345,36.45833625
353.0,1.87500015000001,36.45833625
278.0,2.29166685000001,36.45833625
911.0,3.12500025,36.45833625
429.0,3.54166695000001,36.45833625
1532.0,3.95833365000001,36.45833625
1344.0,4.37500034999999,36.45833625
563.0,4.79166705,36.45833625
547.0,5.20833375000001,36.45833625
598.0,5.62500045000002,36.45833625
598.0,6.45833385,36.45833625
1098.0,6.87500055000001,36.45833625
-9999.0,14.79166785,36.45833625
-9999.0,28.95833565,36.45833625
103.0,29.37500235,36.45833625
-9999.0,30.62500245,36.45833625
-9999.0,31.04166915,36.45833625
1849.0,32.70833595,36.45833625
244.0,33.54166935,36.45833625
497.0,37.29166965,36.45833625
337.0,42.70833675,36.45833625
304.0,43.54167015,36.45833625
2045.0,46.87500375,36.45833625
2453.0,48.54167055,36.45833625
1083.0,51.87500415,36.45833625
13.0,52.70833755,36.45833625
1320.0,57.70833795,36.45833625
1948.0,58.95833805,36.45833625
877.0,63.95833845,36.45833625
496.0,65.62500525,36.45833625
3327.0,71.04167235,36.45833625
3671.0,72.70833915,36.45833625
3996.0,73.12500585,36.45833625
3563.0,73.54167255,36.45833625
3212.0,73.95833925,36.45833625
3701.0,74.79167265,36.45833625
4662.0,75.62500605,36.45833625
4503.0,76.04167275,36.45833625
5526.0,76.87500615,36.45833625
1545.0,107.29167525,36.45833625
1397.0,107.70834195,36.45833625
1889.0,-118.12500945,36.04166955
1322.0,-117.70834275,36.04166955
431.0,-117.29167605,36.04166955
2756.0,-106.87500855,36.04166955
1988.0,-104.79167505,36.04166955
292.0,-97.29167445,36.04166955
-9999.0,-6.45833385,36.04166955
-9999.0,-0.625000050000011,36.04166955
-9999.0,-0.208333350000004,36.04166955
252.0,0.208333350000004,36.04166955
526.0,0.625000050000011,36.04166955
707.0,1.87500015000001,36.04166955
946.0,3.12500025,36.04166955
750.0,4.37500034999999,36.04166955
937.0,5.62500045000002,36.04166955
874.0,6.45833385,36.04166955
-9999.0,14.37500115,36.04166955
-9999.0,29.37500235,36.04166955
-9999.0,29.79166905,36.04166955
-9999.0,30.20833575,36.04166955
-9999.0,30.62500245,36.04166955
-9999.0,32.29166925,36.04166955
113.0,32.70833595,36.04166955
-9999.0,33.12500265,36.04166955
-9999.0,33.54166935,36.04166955
252.0,42.70833675,36.04166955
248.0,43.54167015,36.04166955
815.0,44.79167025,36.04166955
1868.0,48.54167055,36.04166955
2095.0,48.95833725,36.04166955
1247.0,49.79167065,36.04166955
3199.0,51.04167075,36.04166955
2947.0,52.70833755,36.04166955
659.0,63.12500505,36.04166955
685.0,63.54167175,36.04166955
780.0,64.37500515,36.04166955
1113.0,65.20833855,36.04166955
1595.0,68.12500545,36.04166955
3616.0,71.87500575,36.04166955
3146.0,73.95833925,36.04166955
4732.0,74.37500595,36.04166955
6318.0,74.79167265,36.04166955
4993.0,75.20833935,36.04166955
5122.0,75.62500605,36.04166955
5082.0,76.04167275,36.04166955
4894.0,76.87500615,36.04166955
4899.0,77.29167285,36.04166955
4852.0,88.95834045,36.04166955
5092.0,89.79167385,36.04166955
5019.0,90.20834055,36.04166955
5126.0,90.62500725,36.04166955
2727.0,101.87500815,36.04166955
2803.0,102.70834155,36.04166955
1886.0,106.04167515,36.04166955
1375.0,108.54167535,36.04166955
1829.0,-118.12500945,35.62500285
1842.0,-106.87500855,35.62500285
2625.0,-105.62500845,35.62500285
243.0,-96.45834105,35.62500285
-9999.0,-6.45833385,35.62500285
-9999.0,-4.79166705,35.62500285
-9999.0,-4.37500034999999,35.62500285
-9999.0,-1.45833345,35.62500285
303.0,-1.04166674999999,35.62500285
90.0,-0.625000050000011,35.62500285
32.0,-0.208333350000004,35.62500285
159.0,0.625000050000011,35.62500285
1270.0,6.04166714999999,35.62500285
1375.0,6.45833385,35.62500285
-9999.0,25.62500205,35.62500285
-9999.0,32.70833595,35.62500285
-9999.0,33.12500265,35.62500285
-9999.0,33.95833605,35.62500285
-9999.0,34.37500275,35.62500285
1819.0,47.70833715,35.62500285
1116.0,51.04167075,35.62500285
2294.0,52.70833755,35.62500285
2040.0,53.12500425,35.62500285
400.0,61.87500495,35.62500285
562.0,62.70833835,35.62500285
2121.0,64.79167185,35.62500285
3934.0,68.12500545,35.62500285
4419.0,71.04167235,35.62500285
2711.0,73.95833925,35.62500285
3890.0,74.37500595,35.62500285
5172.0,74.79167265,35.62500285
3070.0,75.20833935,35.62500285
4989.0,75.62500605,35.62500285
4056.0,76.04167275,35.62500285
5388.0,76.45833945,35.62500285
5430.0,76.87500615,35.62500285
5035.0,77.29167285,35.62500285
4797.0,91.87500735,35.62500285
3175.0,102.70834155,35.62500285
2506.0,103.95834165,35.62500285
1318.0,108.95834205,35.62500285
1216.0,-118.12500945,35.20833615
2137.0,-105.62500845,35.20833615
815.0,-5.20833375000001,35.20833615
-9999.0,-4.37500034999999,35.20833615
71.0,-3.54166695000001,35.20833615
-9999.0,-2.70833354999999,35.20833615
427.0,-1.04166674999999,35.20833615
584.0,-0.208333350000004,35.20833615
530.0,0.208333350000004,35.20833615
950.0,1.04166674999999,35.20833615
794.0,2.70833354999999,35.20833615
751.0,3.54166695000001,35.20833615
-9999.0,11.45833425,35.20833615
-9999.0,27.29166885,35.20833615
-9999.0,32.29166925,35.20833615
169.0,33.12500265,35.20833615
-9999.0,34.37500275,35.20833615
1068.0,51.04167075,35.20833615
851.0,52.29167085,35.20833615
795.0,62.70833835,35.20833615
945.0,63.12500505,35.20833615
2918.0,65.62500525,35.20833615
3223.0,66.04167195,35.20833615
3263.0,66.45833865,35.20833615
3462.0,67.29167205,35.20833615
2178.0,71.45833905,35.20833615
2701.0,74.79167265,35.20833615
2708.0,75.62500605,35.20833615
3457.0,76.04167275,35.20833615
2647.0,76.45833945,35.20833615
4338.0,76.87500615,35.20833615
5506.0,77.29167285,35.20833615
5095.0,77.70833955,35.20833615
5379.0,78.12500625,35.20833615
5066.0,88.95834045,35.20833615
4826.0,89.79167385,35.20833615
4798.0,90.20834055,35.20833615
4818.0,91.04167395,35.20833615
4699.0,95.20834095,35.20833615
4594.0,95.62500765,35.20833615
4427.0,96.04167435,35.20833615
4390.0,96.45834105,35.20833615
4701.0,97.29167445,35.20833615
4551.0,98.12500785,35.20833615
4158.0,98.54167455,35.20833615
4247.0,98.95834125,35.20833615
3347.0,103.12500825,35.20833615
2574.0,103.54167495,35.20833615
2392.0,103.95834165,35.20833615
1588.0,106.87500855,35.20833615
286.0,-97.29167445,34.79166945
-9999.0,-6.87500055000001,34.79166945
470.0,-5.20833375000001,34.79166945
1088.0,-4.37500034999999,34.79166945
597.0,-3.12500025,34.79166945
314.0,-2.70833354999999,34.79166945
464.0,-1.87500015000001,34.79166945
934.0,-1.04166674999999,34.79166945
885.0,-0.625000050000011,34.79166945
-9999.0,11.45833425,34.79166945
-9999.0,32.29166925,34.79166945
417.0,32.70833595,34.79166945
521.0,33.12500265,34.79166945
-9999.0,33.54166935,34.79166945
-9999.0,34.37500275,34.79166945
-9999.0,35.62500285,34.79166945
190.0,36.04166955,34.79166945
461.0,38.95833645,34.79166945
792.0,52.70833755,34.79166945
724.0,53.54167095,34.79166945
716.0,54.79167105,34.79166945
3550.0,66.04167195,34.79166945
3485.0,66.45833865,34.79166945
3305.0,67.29167205,34.79166945
3014.0,67.70833875,34.79166945
3841.0,73.95833925,34.79166945
3420.0,74.37500595,34.79166945
3549.0,74.79167265,34.79166945
3855.0,75.20833935,34.79166945
3960.0,75.62500605,34.79166945
4877.0,76.04167275,34.79166945
4882.0,76.45833945,34.79166945
4469.0,76.87500615,34.79166945
5329.0,77.29167285,34.79166945
5363.0,77.70833955,34.79166945
4602.0,78.12500625,34.79166945
5324.0,78.54167295,34.79166945
5357.0,78.95833965,34.79166945
4874.0,90.20834055,34.79166945
4937.0,90.62500725,34.79166945
5222.0,91.04167395,34.79166945
4881.0,91.87500735,34.79166945
4451.0,95.62500765,34.79166945
4663.0,96.04167435,34.79166945
4486.0,96.45834105,34.79166945
4677.0,96.87500775,34.79166945
4329.0,97.29167445,34.79166945
4263.0,97.70834115,34.79166945
4275.0,98.54167455,34.79166945
4732.0,98.95834125,34.79166945
3739.0,102.29167485,34.79166945
3284.0,102.70834155,34.79166945
3354.0,103.95834165,34.79166945
1684.0,105.20834175,34.79166945
1011.0,106.87500855,34.79166945
367.0,109.79167545,34.79166945
-9999.0,-6.87500055000001,34.37500275
1.0,-6.45833385,34.37500275
139.0,-5.62500044999999,34.37500275
166.0,-5.20833375000001,34.37500275
359.0,-4.79166705,34.37500275
313.0,-4.37500034999999,34.37500275
880.0,-3.95833364999999,34.37500275
661.0,-3.54166695000001,34.37500275
398.0,-3.12500025,34.37500275
-9999.0,32.70833595,34.37500275
-9999.0,33.12500265,34.37500275
-9999.0,35.20833615,34.37500275
887.0,36.04166955,34.37500275
657.0,36.45833625,34.37500275
75.0,44.37500355,34.37500275
848.0,52.29167085,34.37500275
802.0,52.70833755,34.37500275
716.0,53.95833765,34.37500275
3136.0,65.20833855,34.37500275
3107.0,65.62500525,34.37500275
3310.0,67.29167205,34.37500275
3383.0,68.12500545,34.37500275
2711.0,74.79167265,34.37500275
4366.0,75.20833935,34.37500275
3828.0,76.45833945,34.37500275
3985.0,76.87500615,34.37500275
5168.0,77.29167285,34.37500275
5064.0,78.12500625,34.37500275
5882.0,78.54167295,34.37500275
5369.0,90.62500725,34.37500275
4690.0,91.45834065,34.37500275
4671.0,91.87500735,34.37500275
4425.0,93.95834085,34.37500275
4782.0,96.45834105,34.37500275
4708.0,97.29167445,34.37500275
4501.0,97.70834115,34.37500275
4339.0,98.12500785,34.37500275
4430.0,98.95834125,34.37500275
3929.0,101.04167475,34.37500275
3721.0,102.70834155,34.37500275
2723.0,103.95834165,34.37500275
2115.0,105.20834175,34.37500275
1844.0,105.62500845,34.37500275
951.0,106.87500855,34.37500275
582.0,107.29167525,34.37500275
398.0,108.95834205,34.37500275
715.0,109.37500875,34.37500275
1907.0,109.79167545,34.37500275
2255.0,-108.54167535,33.95833605
2432.0,-108.12500865,33.95833605
2133.0,-107.70834195,33.95833605
222.0,-96.45834105,33.95833605
-9999.0,-7.70833395,33.95833605
-9999.0,-7.29166724999999,33.95833605
31.0,-6.87500055000001,33.95833605
188.0,-6.45833385,33.95833605
201.0,-6.04166714999999,33.95833605
273.0,-5.62500044999999,33.95833605
439.0,-5.20833375000001,33.95833605
1074.0,-2.29166684999998,33.95833605
1064.0,0.625000050000011,33.95833605
640.0,3.54166695000001,33.95833605
-9999.0,35.20833615,33.95833605
238.0,35.62500285,33.95833605
1008.0,36.04166955,33.95833605
53.0,44.37500355,33.95833605
1433.0,52.29167085,33.95833605
868.0,53.12500425,33.95833605
2847.0,67.29167205,33.95833605
4569.0,76.45833945,33.95833605
5149.0,76.87500615,33.95833605
3707.0,77.29167285,33.95833605
3342.0,77.70833955,33.95833605
4977.0,78.12500625,33.95833605
5959.0,78.95833965,33.95833605
5128.0,91.45834065,33.95833605
4876.0,91.87500735,33.95833605
4858.0,94.37500755,33.95833605
4860.0,94.79167425,33.95833605
4635.0,95.20834095,33.95833605
4992.0,95.62500765,33.95833605
4544.0,97.29167445,33.95833605
4537.0,97.70834115,33.95833605
4500.0,98.12500785,33.95833605
4403.0,98.54167455,33.95833605
4269.0,101.45834145,33.95833605
3726.0,101.87500815,33.95833605
2080.0,103.54167495,33.95833605
2617.0,103.95834165,33.95833605
2597.0,104.37500835,33.95833605
1727.0,105.20834175,33.95833605
212.0,-96.45834105,33.54166935
-9999.0,-8.12500065,33.54166935
218.0,-7.29166724999999,33.54166935
453.0,-6.87500055000001,33.54166935
470.0,-6.45833385,33.54166935
1063.0,-6.04166714999999,33.54166935
1086.0,-5.62500044999999,33.54166935
32.0,6.45833385,33.54166935
130.0,10.20833415,33.54166935
67.0,11.04166755,33.54166935
-9999.0,11.45833425,33.54166935
-9999.0,11.87500095,33.54166935
-9999.0,35.20833615,33.54166935
1992.0,48.54167055,33.54166935
2849.0,67.29167205,33.54166935
3299.0,67.70833875,33.54166935
3361.0,75.62500605,33.54166935
4441.0,76.87500615,33.54166935
4978.0,77.29167285,33.54166935
5184.0,77.70833955,33.54166935
4325.0,78.95833965,33.54166935
5401.0,88.95834045,33.54166935
5164.0,90.20834055,33.54166935
5096.0,91.45834065,33.54166935
4562.0,93.95834085,33.54166935
5283.0,94.79167425,33.54166935
4902.0,95.20834095,33.54166935
4320.0,98.95834125,33.54166935
3997.0,101.45834145,33.54166935
3744.0,101.87500815,33.54166935
3239.0,103.54167495,33.54166935
2086.0,105.20834175,33.54166935
-9999.0,-8.95833404999999,33.12500265
51.0,-8.54166735000001,33.12500265
50.0,-8.12500065,33.12500265
770.0,-6.87500055000001,33.12500265
676.0,-6.45833385,33.12500265
862.0,-6.04166714999999,33.12500265
1176.0,-5.62500044999999,33.12500265
179.0,6.04166714999999,33.12500265
247.0,9.79166745000001,33.12500265
18.0,11.04166755,33.12500265
-9999.0,12.70833435,33.12500265
-9999.0,13.95833445,33.12500265
-9999.0,21.45833505,33.12500265
-9999.0,21.87500175,33.12500265
-9999.0,22.29166845,33.12500265
62.0,35.62500285,33.12500265
779.0,39.37500315,33.12500265
480.0,41.45833665,33.12500265
1358.0,48.12500385,33.12500265
2456.0,50.20833735,33.12500265
1559.0,65.62500525,33.12500265
620.0,70.62500565,33.12500265
5180.0,77.29167285,33.12500265
5551.0,88.54167375,33.12500265
4936.0,89.79167385,33.12500265
4989.0,90.20834055,33.12500265
5044.0,90.62500725,33.12500265
5173.0,91.45834065,33.12500265
4885.0,91.87500735,33.12500265
5108.0,92.29167405,33.12500265
4885.0,92.70834075,33.12500265
4817.0,93.95834085,33.12500265
4528.0,94.37500755,33.12500265
4628.0,94.79167425,33.12500265
4736.0,101.04167475,33.12500265
3918.0,101.45834145,33.12500265
3907.0,102.29167485,33.12500265
2342.0,104.37500835,33.12500265
836.0,106.04167515,33.12500265
-9999.0,-9.37500075,32.70833595
160.0,-8.54166735000001,32.70833595
365.0,-7.70833395,32.70833595
561.0,-7.29166724999999,32.70833595
635.0,-6.87500055000001,32.70833595
569.0,-6.45833385,32.70833595
681.0,-6.04166714999999,32.70833595
1254.0,-3.12500025,32.70833595
298.0,9.79166745000001,32.70833595
534.0,10.20833415,32.70833595
40.0,12.70833435,32.70833595
58.0,13.12500105,32.70833595
-9999.0,20.62500165,32.70833595
24.0,45.20833695,32.70833595
2252.0,69.79167225,32.70833595
656.0,75.20833935,32.70833595
4574.0,78.95833965,32.70833595
5097.0,86.04167355,32.70833595
4898.0,88.12500705,32.70833595
4830.0,88.54167375,32.70833595
4931.0,88.95834045,32.70833595
4965.0,89.37500715,32.70833595
4872.0,90.62500725,32.70833595
5003.0,91.87500735,32.70833595
5207.0,92.29167405,32.70833595
5157.0,93.12500745,32.70833595
4882.0,94.37500755,32.70833595
4576.0,94.79167425,32.70833595
4238.0,98.95834125,32.70833595
4506.0,100.62500805,32.70833595
3833.0,101.45834145,32.70833595
3178.0,101.87500815,32.70833595
3960.0,103.12500825,32.70833595
4123.0,103.95834165,32.70833595
1460.0,105.62500845,32.70833595
-9999.0,-9.37500075,32.29166925
153.0,-8.95833404999999,32.29166925
387.0,-6.87500055000001,32.29166925
454.0,-6.45833385,32.29166925
232.0,5.20833375000001,32.29166925
183.0,6.04166714999999,32.29166925
245.0,6.45833385,32.29166925
148.0,11.04166755,32.29166925
111.0,11.45833425,32.29166925
379.0,13.54166775,32.29166925
392.0,20.62500165,32.29166925
347.0,21.87500175,32.29166925
-9999.0,34.37500275,32.29166925
781.0,36.45833625,32.29166925
8.0,45.62500365,32.29166925
9.0,46.04167035,32.29166925
1692.0,68.95833885,32.29166925
1571.0,69.37500555,32.29166925
522.0,70.20833895,32.29166925
4626.0,76.87500615,32.29166925
5536.0,78.95833965,32.29166925
4497.0,85.20834015,32.29166925
5375.0,87.70834035,32.29166925
4946.0,91.45834065,32.29166925
4666.0,91.87500735,32.29166925
4842.0,92.29167405,32.29166925
4807.0,92.70834075,32.29166925
4955.0,93.12500745,32.29166925
3927.0,99.37500795,32.29166925
4539.0,100.62500805,32.29166925
4189.0,101.45834145,32.29166925
4126.0,101.87500815,32.29166925
727.0,-101.04167475,31.87500255
-9999.0,-9.79166745000001,31.87500255
146.0,-9.37500075,31.87500255
1665.0,-6.45833385,31.87500255
929.0,-1.87500015000001,31.87500255
152.0,6.04166714999999,31.87500255
149.0,6.45833385,31.87500255
155.0,7.29166724999999,31.87500255
404.0,11.04166755,31.87500255
662.0,12.29166765,31.87500255
551.0,13.54166775,31.87500255
-9999.0,15.62500125,31.87500255
-9999.0,19.79166825,31.87500255
350.0,20.62500165,31.87500255
144.0,21.87500175,31.87500255
-245.0,35.62500285,31.87500255
659.0,36.45833625,31.87500255
10.0,45.20833695,31.87500255
12.0,46.04167035,31.87500255
4.0,47.29167045,31.87500255
291.0,49.37500395,31.87500255
1958.0,68.95833885,31.87500255
271.0,70.20833895,31.87500255
4946.0,78.95833965,31.87500255
4266.0,79.37500635,31.87500255
4731.0,85.20834015,31.87500255
4909.0,85.62500685,31.87500255
4808.0,86.04167355,31.87500255
4660.0,86.87500695,31.87500255
4705.0,91.45834065,31.87500255
5091.0,91.87500735,31.87500255
4633.0,100.20834135,31.87500255
4262.0,101.04167475,31.87500255
3982.0,101.45834145,31.87500255
4531.0,102.70834155,31.87500255
3546.0,103.12500825,31.87500255
376.0,-9.37500075,31.45833585
421.0,-8.95833404999999,31.45833585
1859.0,-6.04166714999999,31.45833585
721.0,-0.625000050000011,31.45833585
547.0,12.70833435,31.45833585
161.0,14.37500115,31.45833585
-9999.0,16.04166795,31.45833585
-9999.0,16.87500135,31.45833585
158.0,21.87500175,31.45833585
34.0,34.37500275,31.45833585
231.0,34.79166945,31.45833585
9.0,46.04167035,31.45833585
11.0,48.12500385,31.45833585
90.0,49.37500395,31.45833585
2032.0,68.95833885,31.45833585
4808.0,79.37500635,31.45833585
4843.0,80.62500645,31.45833585
5316.0,81.04167315,31.45833585
5006.0,84.79167345,31.45833585
5116.0,85.62500685,31.45833585
5067.0,86.04167355,31.45833585
5733.0,86.45834025,31.45833585
5065.0,86.87500695,31.45833585
5092.0,88.12500705,31.45833585
5002.0,88.54167375,31.45833585
4615.0,88.95834045,31.45833585
5041.0,89.37500715,31.45833585
4593.0,89.79167385,31.45833585
4715.0,90.20834055,31.45833585
4970.0,90.62500725,31.45833585
4585.0,91.04167395,31.45833585
4526.0,91.45834065,31.45833585
4497.0,92.29167405,31.45833585
5484.0,98.12500785,31.45833585
4945.0,100.20834135,31.45833585
4128.0,101.87500815,31.45833585
1935.0,103.54167495,31.45833585
1326.0,-108.12500865,31.04166915
670.0,-99.79167465,31.04166915
965.0,-9.37500075,31.04166915
1378.0,-8.95833404999999,31.04166915
1393.0,-8.54166735000001,31.04166915
663.0,-1.45833345,31.04166915
185.0,6.04166714999999,31.04166915
166.0,6.45833385,31.04166915
376.0,10.20833415,31.04166915
558.0,11.04166755,31.04166915
296.0,13.95833445,31.04166915
51.0,16.04166795,31.04166915
126.0,21.87500175,31.04166915
385.0,41.87500335,31.04166915
2089.0,68.12500545,31.04166915
5512.0,83.12500665,31.04166915
4660.0,85.20834015,31.04166915
5137.0,87.70834035,31.04166915
5248.0,88.12500705,31.04166915
4632.0,88.54167375,31.04166915
4695.0,88.95834045,31.04166915
4477.0,96.87500775,31.04166915
4528.0,98.95834125,31.04166915
4611.0,99.79167465,31.04166915
3960.0,100.20834135,31.04166915
3025.0,101.04167475,31.04166915
3856.0,101.45834145,31.04166915
445.0,-98.95834125,30.62500245
789.0,-9.37500075,30.62500245
536.0,-8.95833404999999,30.62500245
443.0,-8.54166735000001,30.62500245
1124.0,-8.12500065,30.62500245
238.0,13.95833445,30.62500245
211.0,14.79166785,30.62500245
188.0,16.04166795,30.62500245
86.0,21.87500175,30.62500245
121.0,28.54166895,30.62500245
325.0,34.37500275,30.62500245
780.0,37.29166965,30.62500245
522.0,38.12500305,30.62500245
699.0,40.62500325,30.62500245
524.0,41.45833665,30.62500245
421.0,41.87500335,30.62500245
344.0,58.12500465,30.62500245
223.0,58.54167135,30.62500245
2098.0,68.12500545,30.62500245
4577.0,81.45833985,30.62500245
5184.0,82.29167325,30.62500245
4934.0,86.04167355,30.62500245
6138.0,86.45834025,30.62500245
4886.0,88.95834045,30.62500245
4166.0,101.45834145,30.62500245
302.0,-8.95833404999999,30.20833575
1540.0,-8.54166735000001,30.20833575
1269.0,-7.29166724999999,30.20833575
301.0,8.95833404999999,30.20833575
580.0,11.04166755,30.20833575
356.0,14.79166785,30.20833575
173.0,15.20833455,30.20833575
284.0,16.04166795,30.20833575
28.0,19.79166825,30.20833575
-25.0,21.04166835,30.20833575
44.0,21.45833505,30.20833575
29.0,22.70833515,30.20833575
116.0,23.95833525,30.20833575
199.0,26.04166875,30.20833575
167.0,27.29166885,30.20833575
-73.0,27.70833555,30.20833575
18.0,28.54166895,30.20833575
13.0,28.95833565,30.20833575
770.0,39.37500315,30.20833575
787.0,39.79166985,30.20833575
533.0,41.45833665,30.20833575
470.0,41.87500335,30.20833575
460.0,42.29167005,30.20833575
91.0,50.20833735,30.20833575
1810.0,56.45833785,30.20833575
2430.0,79.37500635,30.20833575
5182.0,82.70833995,30.20833575
5129.0,83.54167335,30.20833575
5388.0,84.37500675,30.20833575
5183.0,84.79167345,30.20833575
4710.0,86.45834025,30.20833575
4973.0,86.87500695,30.20833575
4946.0,97.70834115,30.20833575
4671.0,98.12500785,30.20833575
4350.0,99.37500795,30.20833575
4165.0,99.79167465,30.20833575
4477.0,100.20834135,30.20833575
3652.0,100.62500805,30.20833575
3922.0,102.29167485,30.20833575
795.0,103.12500825,30.20833575
663.0,-7.70833395,29.79166905
357.0,8.12500065,29.79166905
624.0,12.70833435,29.79166905
373.0,14.79166785,29.79166905
345.0,15.20833455,29.79166905
-45.0,19.79166825,29.79166905
-11.0,21.04166835,29.79166905
10.0,21.45833505,29.79166905
49.0,22.70833515,29.79166905
76.0,23.54166855,29.79166905
64.0,28.54166895,29.79166905
615.0,38.54166975,29.79166905
610.0,38.95833645,29.79166905
443.0,42.70833675,29.79166905
412.0,43.12500345,29.79166905
407.0,43.54167015,29.79166905
407.0,44.37500355,29.79166905
341.0,44.79167025,29.79166905
263.0,45.20833695,29.79166905
236.0,45.62500365,29.79166905
212.0,46.45833705,29.79166905
-9999.0,49.37500395,29.79166905
-9999.0,49.79167065,29.79166905
898.0,79.79167305,29.79166905
2020.0,80.62500645,29.79166905
4593.0,83.54167335,29.79166905
5356.0,86.45834025,29.79166905
5532.0,86.87500695,29.79166905
4494.0,100.62500805,29.79166905
3974.0,101.04167475,29.79166905
834.0,103.12500825,29.79166905
581.0,-5.20833375000001,29.37500235
642.0,12.70833435,29.37500235
468.0,14.79166785,29.37500235
168.0,18.95833485,29.37500235
32.0,21.45833505,29.37500235
83.0,22.70833515,29.37500235
52.0,23.54166855,29.37500235
207.0,28.54166895,29.37500235
757.0,37.70833635,29.37500235
768.0,38.12500305,29.37500235
676.0,38.54166975,29.37500235
748.0,38.95833645,29.37500235
762.0,40.62500325,29.37500235
306.0,45.62500365,29.37500235
283.0,46.04167035,29.37500235
258.0,46.45833705,29.37500235
208.0,46.87500375,29.37500235
188.0,47.29167045,29.37500235
1.0,47.70833715,29.37500235
1706.0,55.62500445,29.37500235
5040.0,86.04167355,29.37500235
4615.0,98.95834125,29.37500235
-9999.0,-115.20834255,28.95833565
436.0,5.62500045000002,28.95833565
89.0,20.20833495,28.95833565
109.0,22.70833515,28.95833565
77.0,23.95833525,28.95833565
1077.0,37.29166965,28.95833565
784.0,38.12500305,28.95833565
881.0,38.54166975,28.95833565
786.0,38.95833645,28.95833565
-9999.0,50.20833735,28.95833565
1328.0,53.12500425,28.95833565
4895.0,84.79167345,28.95833565
5130.0,85.20834015,28.95833565
5330.0,86.45834025,28.95833565
4030.0,98.12500785,28.95833565
3650.0,98.54167455,28.95833565
3223.0,98.95834125,28.95833565
4693.0,101.87500815,28.95833565
538.0,-7.70833395,28.54166895
447.0,-5.62500044999999,28.54166895
229.0,-0.208333350000004,28.54166895
509.0,11.87500095,28.54166895
882.0,36.87500295,28.54166895
772.0,41.87500335,28.54166895
618.0,43.54167015,28.54166895
1057.0,53.54167095,28.54166895
5023.0,86.04167355,28.54166895
4543.0,86.45834025,28.54166895
5187.0,86.87500695,28.54166895
4455.0,99.79167465,28.54166895
2897.0,101.87500815,28.54166895
1536.0,-102.29167485,28.12500225
536.0,-4.79166705,28.12500225
460.0,12.70833435,28.12500225
480.0,14.79166785,28.12500225
361.0,34.37500275,28.12500225
1240.0,35.62500285,28.12500225
124.0,48.12500385,28.12500225
920.0,57.70833795,28.12500225
2044.0,102.29167485,28.12500225
1728.0,103.54167495,28.12500225
364.0,-3.54166695000001,27.70833555
488.0,11.87500095,27.70833555
868.0,56.87500455,27.70833555
511.0,57.29167125,27.70833555
810.0,57.70833795,27.70833555
874.0,59.79167145,27.70833555
2430.0,89.79167385,27.70833555
3627.0,99.79167465,27.70833555
2610.0,101.45834145,27.70833555
2813.0,102.70834155,27.70833555
2790.0,103.54167495,27.70833555
414.0,-3.95833364999999,27.29166885
52.0,56.04167115,27.29166885
16.0,56.87500455,27.29166885
244.0,57.29167125,27.29166885
530.0,57.70833795,27.29166885
353.0,58.95833805,27.29166885
3726.0,99.79167465,27.29166885
3475.0,101.45834145,27.29166885
1902.0,101.87500815,27.29166885
408.0,-6.45833385,26.87500215
304.0,-1.45833345,26.87500215
25.0,53.54167095,26.87500215
87.0,53.95833765,26.87500215
26.0,56.04167115,26.87500215
-9999.0,56.45833785,26.87500215
141.0,57.29167125,26.87500215
1544.0,57.70833795,26.87500215
1837.0,-105.62500845,26.45833545
-9999.0,53.95833765,26.45833545
-9999.0,55.20833775,26.45833545
66.0,57.29167125,26.45833545
1436.0,57.70833795,26.45833545
667.0,58.54167135,26.45833545
747.0,59.37500475,26.45833545
974.0,59.79167145,26.45833545
1062.0,60.62500485,26.45833545
1127.0,101.45834145,26.45833545
2887.0,102.70834155,26.45833545
-9999.0,50.20833735,26.04166875
-9999.0,51.45833745,26.04166875
-9999.0,54.79167105,26.04166875
-9999.0,55.20833775,26.04166875
-9999.0,56.87500455,26.04166875
10.0,57.29167125,26.04166875
389.0,57.70833795,26.04166875
618.0,58.12500465,26.04166875
118.0,58.54167135,26.04166875
228.0,59.79167145,26.04166875
335.0,60.62500485,26.04166875
238.0,61.45833825,26.04166875
330.0,61.87500495,26.04166875
344.0,62.29167165,26.04166875
85.0,62.70833835,26.04166875
9.0,51.45833745,25.62500205
-9999.0,55.20833775,25.62500205
-9999.0,57.29167125,25.62500205
-9999.0,57.70833795,25.62500205
1.0,58.12500465,25.62500205
1.0,58.54167135,25.62500205
111.0,58.95833805,25.62500205
6.0,59.37500475,25.62500205
275.0,59.79167145,25.62500205
619.0,60.62500485,25.62500205
33.0,61.04167155,25.62500205
30.0,61.45833825,25.62500205
27.0,61.87500495,25.62500205
55.0,62.29167165,25.62500205
78.0,62.70833835,25.62500205
114.0,63.12500505,25.62500205
1946.0,98.54167455,25.62500205
2150.0,103.54167495,25.62500205
428.0,-8.12500065,25.20833535
50.0,51.04167075,25.20833535
-9999.0,54.37500435,25.20833535
-9999.0,59.79167145,25.20833535
-9999.0,60.20833815,25.20833535
30.0,61.04167155,25.20833535
7.0,61.45833825,25.20833535
7.0,62.29167165,25.20833535
-9999.0,62.70833835,25.20833535
183.0,49.79167065,24.79166865
-9999.0,54.37500435,24.79166865
69.0,55.20833775,24.79166865
304.0,-6.04166714999999,24.37500195
1938.0,-100.20834135,23.95833525
248.0,49.37500395,23.95833525
162.0,50.20833735,23.95833525
303.0,-6.87500055000001,23.54166855
121.0,58.54167135,23.54166855
-9999.0,58.95833805,23.54166855
321.0,48.54167055,23.12500185
1721.0,-101.04167475,22.70833515
313.0,-7.29166724999999,22.70833515
305.0,-6.87500055000001,22.70833515
481.0,3.12500025,22.70833515
4.0,59.79167145,22.29166845
313.0,-5.20833375000001,21.87500175
369.0,-0.208333350000004,21.45833505
-9999.0,59.37500475,21.45833505
227.0,-13.12500105,21.04166835
2294.0,-98.95834125,19.79166825
2473.0,-98.54167455,19.79166825
2500.0,-98.12500785,19.79166825
701.0,9.37500075,19.79166825
274.0,-0.208333350000004,16.87500135
304.0,0.208333350000004,16.87500135
305.0,0.625000050000011,16.87500135
2496.0,-79.37500635,-6.04166715000001
1240.0,-78.95833965,-6.04166715000001
1237.0,-78.54167295,-6.04166715000001
1212.0,-77.29167285,-6.04166715000001
2817.0,-77.70833955,-6.87500055000001
1772.0,-77.70833955,-7.70833395000001
1994.0,-77.29167285,-7.70833395000001
2994.0,-75.62500605,-10.62500085
4757.0,-71.87500575,-13.12500105
1776.0,-75.62500605,-13.54166775
4286.0,-75.20833935,-13.54166775
4005.0,-74.37500595,-13.54166775
3971.0,-73.54167255,-13.54166775
3288.0,-71.87500575,-13.54166775
3411.0,-71.45833905,-13.54166775
4000.0,-74.37500595,-13.95833445
3833.0,-73.54167255,-13.95833445
2704.0,-73.12500585,-13.95833445
4572.0,-72.70833915,-13.95833445
3048.0,-71.87500575,-13.95833445
4309.0,-71.45833905,-13.95833445
4852.0,-71.04167235,-13.95833445
4102.0,-70.62500565,-13.95833445
4253.0,-70.20833895,-13.95833445
3946.0,-73.95833925,-14.37500115
4362.0,-73.54167255,-14.37500115
3950.0,-73.12500585,-14.37500115
3943.0,-71.87500575,-14.37500115
3872.0,-71.45833905,-14.37500115
4807.0,-71.04167235,-14.37500115
4706.0,-70.62500565,-14.37500115
4559.0,-70.20833895,-14.37500115
3751.0,-73.54167255,-14.79166785
4297.0,-73.12500585,-14.79166785
4589.0,-71.87500575,-14.79166785
3916.0,-71.45833905,-14.79166785
4286.0,-71.04167235,-14.79166785
3966.0,-70.20833895,-14.79166785
3057.0,-68.95833885,-14.79166785
4110.0,-72.29167245,-15.20833455
4211.0,-71.45833905,-15.20833455
4866.0,-71.04167235,-15.20833455
3876.0,-70.20833895,-15.20833455
3896.0,-69.79167225,-15.20833455
4256.0,-69.37500555,-15.20833455
3293.0,-68.95833885,-15.20833455
4363.0,-71.45833905,-15.62500125
4514.0,-70.62500565,-15.62500125
3887.0,-70.20833895,-15.62500125
3827.0,-69.79167225,-15.62500125
4225.0,-68.95833885,-15.62500125
4308.0,-70.62500565,-16.04166795
4568.0,-70.20833895,-16.04166795
3995.0,-69.79167225,-16.04166795
3826.0,-68.95833885,-16.04166795
4187.0,-68.54167215,-16.04166795
3863.0,-68.54167215,-16.45833465
4020.0,-68.12500545,-16.45833465
4771.0,-70.20833895,-16.87500135
3772.0,-68.95833885,-16.87500135
4082.0,-68.12500545,-16.87500135
2214.0,-67.70833875,-16.87500135
4204.0,-66.45833865,-16.87500135
3990.0,-68.95833885,-17.29166805
3814.0,-68.54167215,-17.29166805
4191.0,-68.12500545,-17.29166805
4277.0,-67.70833875,-17.29166805
4223.0,-67.29167205,-17.29166805
2450.0,-66.87500535,-17.29166805
3974.0,-66.45833865,-17.29166805
4333.0,-66.04167195,-17.29166805
4267.0,-68.95833885,-17.70833475
4243.0,-68.12500545,-17.70833475
3826.0,-67.70833875,-17.70833475
4384.0,-66.87500535,-17.70833475
3920.0,-66.45833865,-17.70833475
3352.0,-66.04167195,-17.70833475
3822.0,-65.62500525,-17.70833475
4089.0,-68.54167215,-18.12500145
4438.0,-67.70833875,-18.12500145
3684.0,-67.29167205,-18.12500145
3901.0,-66.45833865,-18.12500145
2131.0,-65.62500525,-18.12500145
3849.0,-68.95833885,-18.54166815
3797.0,-68.54167215,-18.54166815
3730.0,-68.12500545,-18.54166815
3747.0,-67.70833875,-18.54166815
3814.0,-66.87500535,-18.54166815
3832.0,-66.45833865,-18.54166815
2986.0,-66.04167195,-18.54166815
2122.0,-65.62500525,-18.54166815
4115.0,-68.54167215,-18.95833485
3627.0,-68.12500545,-18.95833485
3728.0,-67.70833875,-18.95833485
3786.0,-67.29167205,-18.95833485
3679.0,-66.87500535,-18.95833485
4497.0,-66.45833865,-18.95833485
4080.0,-66.04167195,-18.95833485
3656.0,-68.54167215,-19.37500155
3631.0,-68.12500545,-19.37500155
3650.0,-67.70833875,-19.37500155
3709.0,-67.29167205,-19.37500155
3717.0,-66.87500535,-19.37500155
4612.0,-66.45833865,-19.37500155
3829.0,-66.04167195,-19.37500155
2821.0,-65.20833855,-19.37500155
2615.0,-64.79167185,-19.37500155
3827.0,-68.54167215,-19.79166825
3648.0,-68.12500545,-19.79166825
3737.0,-67.70833875,-19.79166825
3624.0,-67.29167205,-19.79166825
3890.0,-66.87500535,-19.79166825
4904.0,-66.45833865,-19.79166825
3908.0,-66.04167195,-19.79166825
2981.0,-64.79167185,-19.79166825
4108.0,-68.54167215,-20.20833495
3600.0,-68.12500545,-20.20833495
3624.0,-67.70833875,-20.20833495
3789.0,-66.87500535,-20.20833495
3337.0,-64.79167185,-20.20833495
4085.0,-68.54167215,-20.62500165
4693.0,-68.12500545,-20.62500165
4182.0,-67.70833875,-20.62500165
3624.0,-67.29167205,-20.62500165
3641.0,-66.87500535,-20.62500165
3979.0,-66.45833865,-20.62500165
2947.0,-65.62500525,-20.62500165
2552.0,-64.79167185,-20.62500165
3846.0,-68.12500545,-21.04166835
3703.0,-67.70833875,-21.04166835
3913.0,-67.29167205,-21.04166835
3750.0,-66.87500535,-21.04166835
3954.0,-66.45833865,-21.04166835
4538.0,-68.12500545,-21.45833505
4622.0,-67.70833875,-21.45833505
3770.0,-67.29167205,-21.45833505
4698.0,-67.70833875,-21.87500175
4553.0,-67.70833875,-22.29166845
4323.0,-66.87500535,-23.12500185
4466.0,-66.45833865,-23.12500185
4000.0,-65.62500525,-23.54166855
4333.0,-67.29167205,-23.95833525
3956.0,-65.62500525,-23.95833525
4512.0,-65.62500525,-24.37500195
4770.0,-66.45833865,-24.79166865
3255.0,-66.04167195,-24.79166865
3052.0,-66.45833865,-25.20833535
3082.0,-66.45833865,-25.62500205
3849.0,-67.29167205,-26.04166875
3339.0,-67.29167205,-26.45833545
1940.0,-66.04167195,-26.45833545
1873.0,-65.62500525,-26.45833545
3958.0,-66.87500535,-26.87500215
2349.0,-66.45833865,-26.87500215
2190.0,-66.04167195,-26.87500215
5591.0,-68.54167215,-27.70833555
482.0,-70.62500565,-28.12500225
-9999.0,-71.45833905,-29.37500235
-9999.0,-71.87500575,-30.20833575
-9999.0,-71.87500575,-30.62500245
-9999.0,-71.87500575,-31.04166915
-9999.0,-71.87500575,-31.45833585
-9999.0,-71.87500575,-31.87500255
-9999.0,-71.87500575,-32.29166925
-9999.0,-71.87500575,-32.70833595
607.0,-68.54167215,-32.70833595
-9999.0,-71.87500575,-33.12500265
-9999.0,-71.87500575,-33.54166935
-9999.0,-72.29167245,-33.95833605
180.0,-71.45833905,-33.95833605
-9999.0,-72.29167245,-34.37500275
3354.0,-70.20833895,-34.37500275
-9999.0,-72.29167245,-34.79166945
147.0,-71.87500575,-34.79166945
-9999.0,-72.70833915,-35.20833615
90.0,-72.29167245,-35.20833615
-9999.0,-72.70833915,-35.62500285
-9999.0,-73.12500585,-36.04166955
3035.0,-70.20833895,-36.04166955
1745.0,-69.79167225,-36.04166955
-9999.0,-73.54167255,-36.87500295
161.0,-73.54167255,-37.29166965
754.0,-73.12500585,-37.29166965
152.0,-73.54167255,-37.70833635
1128.0,-71.87500575,-38.12500305
-9999.0,-73.54167255,-38.54166975
-9999.0,-73.54167255,-38.95833645
-9999.0,-73.54167255,-39.37500315
995.0,-71.87500575,-39.37500315
1199.0,-71.45833905,-39.37500315
-9999.0,-73.54167255,-39.79166985
9.0,-73.12500585,-39.79166985
919.0,-71.87500575,-39.79166985
371.0,-73.54167255,-40.20833655
116.0,-72.70833915,-40.20833655
83.0,-72.29167245,-40.20833655
1501.0,-71.87500575,-40.20833655
237.0,-73.54167255,-40.62500325
1226.0,-71.87500575,-40.62500325
812.0,-71.45833905,-40.62500325
992.0,-71.45833905,-41.45833665
1593.0,-70.20833895,-41.45833665
529.0,-71.87500575,-41.87500335
1017.0,-71.45833905,-42.70833675
629.0,-70.62500565,-42.70833675
1022.0,-70.20833895,-42.70833675
1098.0,-71.45833905,-46.04167035
