ISRICSOILGRIDS_new_average_bulkdensity_reduced,x,y
1001.0,-148.54167855,64.79167185
948.0,-148.12501185,64.79167185
945.0,-146.87501175,64.79167185
1024.0,-153.12501225,64.37500515
915.0,-153.12501225,63.95833845
1150.0,121.45834305,63.95833845
1276.0,125.20834335,63.95833845
-9999.0,127.29167685,63.95833845
953.0,-153.54167895,63.54167175
1004.0,-137.29167765,63.54167175
937.0,-134.79167745,63.54167175
906.0,-134.37501075,63.54167175
979.0,-133.95834405,63.54167175
922.0,-133.54167735,63.54167175
1087.0,119.37500955,63.54167175
1167.0,119.79167625,63.54167175
948.0,-137.29167765,63.12500505
927.0,-133.95834405,63.12500505
923.0,-132.70834395,63.12500505
1135.0,93.95834085,63.12500505
1118.0,94.37500755,63.12500505
1151.0,95.62500765,63.12500505
1173.0,96.04167435,63.12500505
1156.0,117.70834275,63.12500505
1139.0,118.12500945,63.12500505
1217.0,119.37500955,63.12500505
1173.0,119.79167625,63.12500505
1163.0,120.62500965,63.12500505
1260.0,130.62501045,63.12500505
867.0,-150.20834535,62.70833835
1050.0,-148.12501185,62.70833835
906.0,-138.54167775,62.70833835
1125.0,86.04167355,62.70833835
1031.0,86.45834025,62.70833835
1044.0,95.62500765,62.70833835
1093.0,96.04167435,62.70833835
1160.0,118.12500945,62.70833835
1168.0,118.54167615,62.70833835
1192.0,119.37500955,62.70833835
1153.0,121.87500975,62.70833835
1242.0,129.37501035,62.70833835
1242.0,130.62501045,62.70833835
890.0,-150.20834535,62.29167165
1006.0,-134.79167745,62.29167165
975.0,-133.54167735,62.29167165
-9999.0,-115.20834255,62.29167165
-9999.0,17.70833475,62.29167165
1112.0,85.62500685,62.29167165
1024.0,93.12500745,62.29167165
1095.0,93.54167415,62.29167165
1027.0,93.95834085,62.29167165
1075.0,94.37500755,62.29167165
1138.0,96.04167435,62.29167165
1123.0,96.87500775,62.29167165
1187.0,113.95834245,62.29167165
1176.0,114.37500915,62.29167165
1203.0,114.79167585,62.29167165
1145.0,117.70834275,62.29167165
1150.0,118.12500945,62.29167165
1157.0,118.54167615,62.29167165
1160.0,119.79167625,62.29167165
1163.0,126.04167675,62.29167165
1178.0,126.45834345,62.29167165
1163.0,126.87501015,62.29167165
1224.0,128.54167695,62.29167165
1187.0,129.37501035,62.29167165
1163.0,129.79167705,62.29167165
1191.0,130.62501045,62.29167165
1179.0,131.04167715,62.29167165
917.0,-151.04167875,61.87500495
1024.0,-135.62501085,61.87500495
981.0,-135.20834415,61.87500495
967.0,-134.37501075,61.87500495
945.0,-133.95834405,61.87500495
1055.0,-112.70834235,61.87500495
1115.0,84.79167345,61.87500495
1079.0,93.12500745,61.87500495
1001.0,93.54167415,61.87500495
1056.0,93.95834085,61.87500495
1076.0,94.37500755,61.87500495
1072.0,96.04167435,61.87500495
1065.0,96.87500775,61.87500495
1175.0,113.12500905,61.87500495
1164.0,113.54167575,61.87500495
1184.0,113.95834245,61.87500495
1139.0,117.70834275,61.87500495
1153.0,119.79167625,61.87500495
1161.0,120.62500965,61.87500495
1163.0,121.87500975,61.87500495
1179.0,125.62501005,61.87500495
1170.0,126.87501015,61.87500495
1181.0,129.37501035,61.87500495
768.0,-151.45834545,61.45833825
893.0,-151.04167875,61.45833825
957.0,-150.62501205,61.45833825
960.0,-150.20834535,61.45833825
1009.0,-134.37501075,61.45833825
922.0,-133.12501065,61.45833825
985.0,87.29167365,61.45833825
1061.0,95.62500765,61.45833825
1079.0,96.04167435,61.45833825
1134.0,113.54167575,61.45833825
1171.0,113.95834245,61.45833825
1117.0,121.04167635,61.45833825
1157.0,126.04167675,61.45833825
1125.0,126.45834345,61.45833825
1124.0,130.20834375,61.45833825
893.0,-151.87501215,61.04167155
931.0,-151.45834545,61.04167155
-9999.0,-151.04167875,61.04167155
1022.0,-136.45834425,61.04167155
921.0,-135.62501085,61.04167155
946.0,-134.79167745,61.04167155
1004.0,-134.37501075,61.04167155
1118.0,83.95834005,61.04167155
1131.0,84.37500675,61.04167155
1002.0,84.79167345,61.04167155
1118.0,86.87500695,61.04167155
1100.0,91.45834065,61.04167155
1077.0,91.87500735,61.04167155
1025.0,93.54167415,61.04167155
1044.0,93.95834085,61.04167155
1076.0,94.37500755,61.04167155
1164.0,113.54167575,61.04167155
1156.0,113.95834245,61.04167155
1168.0,116.45834265,61.04167155
1173.0,116.87500935,61.04167155
1183.0,117.29167605,61.04167155
1145.0,118.12500945,61.04167155
1155.0,118.54167615,61.04167155
1199.0,118.95834285,61.04167155
1187.0,119.37500955,61.04167155
1211.0,119.79167625,61.04167155
1181.0,120.20834295,61.04167155
1159.0,120.62500965,61.04167155
-9999.0,-166.87501335,60.62500485
-9999.0,-151.87501215,60.62500485
-9999.0,-151.45834545,60.62500485
990.0,-133.95834405,60.62500485
952.0,-133.12501065,60.62500485
874.0,-130.62501045,60.62500485
1133.0,83.12500665,60.62500485
1101.0,83.95834005,60.62500485
1098.0,84.37500675,60.62500485
1033.0,91.04167395,60.62500485
1070.0,91.87500735,60.62500485
1055.0,93.12500745,60.62500485
1083.0,93.95834085,60.62500485
1149.0,113.54167575,60.62500485
1167.0,113.95834245,60.62500485
1170.0,116.04167595,60.62500485
1176.0,118.54167615,60.62500485
1215.0,119.37500955,60.62500485
1186.0,120.20834295,60.62500485
963.0,170.62501365,60.62500485
1014.0,-132.70834395,60.20833815
1072.0,-118.54167615,60.20833815
1123.0,-118.12500945,60.20833815
1112.0,-117.70834275,60.20833815
1111.0,-116.87500935,60.20833815
1072.0,-116.04167595,60.20833815
1058.0,-114.37500915,60.20833815
1083.0,81.87500655,60.20833815
988.0,91.04167395,60.20833815
1046.0,91.45834065,60.20833815
1035.0,91.87500735,60.20833815
1103.0,95.62500765,60.20833815
1080.0,96.04167435,60.20833815
1193.0,111.87500895,60.20833815
1184.0,112.29167565,60.20833815
1172.0,121.04167635,60.20833815
1163.0,130.20834375,60.20833815
1152.0,130.62501045,60.20833815
1012.0,-127.70834355,59.79167145
1013.0,-125.20834335,59.79167145
1126.0,-118.12500945,59.79167145
1096.0,-117.70834275,59.79167145
1103.0,-115.20834255,59.79167145
1047.0,-111.87500895,59.79167145
1111.0,91.04167395,59.79167145
1025.0,91.45834065,59.79167145
1010.0,91.87500735,59.79167145
1027.0,92.29167405,59.79167145
1018.0,92.70834075,59.79167145
1035.0,93.12500745,59.79167145
1022.0,93.54167415,59.79167145
1042.0,93.95834085,59.79167145
1038.0,94.37500755,59.79167145
1039.0,94.79167425,59.79167145
1156.0,95.20834095,59.79167145
1100.0,95.62500765,59.79167145
1138.0,101.04167475,59.79167145
1117.0,111.45834225,59.79167145
1145.0,112.29167565,59.79167145
1145.0,112.70834235,59.79167145
1116.0,113.12500905,59.79167145
1083.0,115.20834255,59.79167145
1127.0,118.95834285,59.79167145
1161.0,130.20834375,59.79167145
916.0,-161.04167955,59.37500475
905.0,-131.45834385,59.37500475
1093.0,-119.79167625,59.37500475
1114.0,-117.70834275,59.37500475
1087.0,-116.45834265,59.37500475
1142.0,-115.62500925,59.37500475
1047.0,-115.20834255,59.37500475
1059.0,-114.79167585,59.37500475
1088.0,-114.37500915,59.37500475
1054.0,-113.95834245,59.37500475
1070.0,70.20833895,59.37500475
1074.0,70.62500565,59.37500475
1088.0,71.87500575,59.37500475
1092.0,78.12500625,59.37500475
1029.0,79.37500635,59.37500475
1007.0,81.87500655,59.37500475
1102.0,83.12500665,59.37500475
1085.0,85.62500685,59.37500475
1066.0,90.62500725,59.37500475
1110.0,91.04167395,59.37500475
1049.0,91.87500735,59.37500475
1012.0,92.29167405,59.37500475
1045.0,92.70834075,59.37500475
1020.0,93.12500745,59.37500475
1057.0,93.54167415,59.37500475
1071.0,93.95834085,59.37500475
1036.0,94.37500755,59.37500475
1053.0,94.79167425,59.37500475
1044.0,95.20834095,59.37500475
1045.0,95.62500765,59.37500475
1067.0,96.04167435,59.37500475
1148.0,99.79167465,59.37500475
1145.0,100.20834135,59.37500475
1128.0,101.87500815,59.37500475
1142.0,111.04167555,59.37500475
1021.0,113.12500905,59.37500475
1075.0,113.54167575,59.37500475
1138.0,117.29167605,59.37500475
1110.0,117.70834275,59.37500475
1133.0,118.12500945,59.37500475
1151.0,119.37500955,59.37500475
1201.0,132.29167725,59.37500475
808.0,-136.45834425,58.95833805
1093.0,-116.87500935,58.95833805
1140.0,-116.45834265,58.95833805
1082.0,-115.20834255,58.95833805
1090.0,-113.95834245,58.95833805
1111.0,78.12500625,58.95833805
1118.0,79.37500635,58.95833805
1059.0,81.87500655,58.95833805
1076.0,85.62500685,58.95833805
1139.0,89.79167385,58.95833805
1076.0,90.62500725,58.95833805
989.0,91.04167395,58.95833805
1069.0,91.87500735,58.95833805
1071.0,93.12500745,58.95833805
1059.0,93.95834085,58.95833805
1075.0,95.20834095,58.95833805
1113.0,111.87500895,58.95833805
1077.0,112.70834235,58.95833805
1065.0,115.20834255,58.95833805
958.0,-131.04167715,58.54167135
1073.0,-123.12500985,58.54167135
1124.0,-119.37500955,58.54167135
1109.0,-116.04167595,58.54167135
1104.0,-114.79167585,58.54167135
1032.0,79.37500635,58.54167135
1045.0,80.20833975,58.54167135
1092.0,81.04167315,58.54167135
1002.0,82.29167325,58.54167135
1103.0,82.70833995,58.54167135
1067.0,85.62500685,58.54167135
1119.0,87.29167365,58.54167135
1117.0,88.95834045,58.54167135
1078.0,89.37500715,58.54167135
1073.0,89.79167385,58.54167135
1076.0,90.62500725,58.54167135
1103.0,91.04167395,58.54167135
1080.0,91.45834065,58.54167135
1075.0,92.29167405,58.54167135
1060.0,92.70834075,58.54167135
967.0,93.12500745,58.54167135
1055.0,94.37500755,58.54167135
1118.0,98.12500785,58.54167135
1158.0,101.87500815,58.54167135
1119.0,102.29167485,58.54167135
1006.0,111.87500895,58.54167135
1073.0,112.29167565,58.54167135
1089.0,116.04167595,58.54167135
1111.0,116.45834265,58.54167135
1000.0,-124.37500995,58.12500465
1094.0,-122.29167645,58.12500465
1100.0,-120.20834295,58.12500465
1073.0,53.54167095,58.12500465
1030.0,72.29167245,58.12500465
1084.0,73.95833925,58.12500465
1115.0,85.62500685,58.12500465
1142.0,87.29167365,58.12500465
1063.0,88.54167375,58.12500465
1128.0,88.95834045,58.12500465
1075.0,89.37500715,58.12500465
1087.0,89.79167385,58.12500465
1092.0,90.20834055,58.12500465
1069.0,90.62500725,58.12500465
1074.0,91.04167395,58.12500465
1070.0,91.45834065,58.12500465
1072.0,91.87500735,58.12500465
1074.0,92.29167405,58.12500465
1082.0,92.70834075,58.12500465
1107.0,102.70834155,58.12500465
1135.0,104.37500835,58.12500465
1112.0,104.79167505,58.12500465
1102.0,108.95834205,58.12500465
1141.0,112.29167565,58.12500465
1011.0,117.29167605,58.12500465
1095.0,-116.87500935,57.70833795
1105.0,84.37500675,57.70833795
1126.0,84.79167345,57.70833795
1114.0,85.62500685,57.70833795
1088.0,88.12500705,57.70833795
1124.0,88.95834045,57.70833795
1118.0,89.79167385,57.70833795
1097.0,90.62500725,57.70833795
1095.0,91.04167395,57.70833795
1074.0,91.45834065,57.70833795
1110.0,91.87500735,57.70833795
1072.0,92.29167405,57.70833795
1100.0,92.70834075,57.70833795
1115.0,93.54167415,57.70833795
1135.0,96.87500775,57.70833795
1097.0,97.29167445,57.70833795
1106.0,102.70834155,57.70833795
1111.0,105.20834175,57.70833795
1113.0,115.20834255,57.70833795
-9999.0,-158.54167935,57.29167125
1034.0,-123.12500985,57.29167125
1061.0,-122.70834315,57.29167125
1008.0,-119.79167625,57.29167125
1067.0,-119.37500955,57.29167125
1069.0,-118.95834285,57.29167125
1127.0,-116.87500935,57.29167125
1099.0,52.70833755,57.29167125
1076.0,53.95833765,57.29167125
1084.0,91.87500735,57.29167125
1109.0,92.29167405,57.29167125
1084.0,92.70834075,57.29167125
1090.0,96.45834105,57.29167125
1100.0,97.29167445,57.29167125
1126.0,102.70834155,57.29167125
1095.0,103.95834165,57.29167125
1118.0,104.79167505,57.29167125
1140.0,106.04167515,57.29167125
1009.0,109.37500875,57.29167125
1102.0,116.04167595,57.29167125
942.0,-126.87501015,56.87500455
998.0,-120.20834295,56.87500455
1097.0,-116.87500935,56.87500455
1133.0,48.12500385,56.87500455
1126.0,49.37500395,56.87500455
1053.0,51.45833745,56.87500455
1055.0,51.87500415,56.87500455
-9999.0,53.12500425,56.87500455
1065.0,54.37500435,56.87500455
1054.0,55.62500445,56.87500455
1050.0,56.87500455,56.87500455
1029.0,58.12500465,56.87500455
1058.0,59.37500475,56.87500455
1099.0,93.12500745,56.87500455
1073.0,93.54167415,56.87500455
1091.0,94.79167425,56.87500455
1089.0,95.20834095,56.87500455
1108.0,97.29167445,56.87500455
1080.0,103.95834165,56.87500455
1105.0,104.37500835,56.87500455
1008.0,-126.04167675,56.45833785
1047.0,-125.62501005,56.45833785
945.0,-123.54167655,56.45833785
1077.0,-121.45834305,56.45833785
1102.0,-120.62500965,56.45833785
1103.0,-120.20834295,56.45833785
1059.0,-119.79167625,56.45833785
1116.0,-117.29167605,56.45833785
1105.0,-116.87500935,56.45833785
1100.0,96.04167435,56.45833785
1109.0,96.45834105,56.45833785
1088.0,104.37500835,56.45833785
1015.0,111.04167555,56.45833785
1050.0,113.12500905,56.45833785
941.0,113.54167575,56.45833785
1115.0,-119.79167625,56.04167115
1116.0,-118.95834285,56.04167115
1065.0,-118.12500945,56.04167115
1144.0,-117.70834275,56.04167115
1149.0,-116.87500935,56.04167115
1094.0,-116.45834265,56.04167115
1092.0,93.95834085,56.04167115
1008.0,115.20834255,56.04167115
993.0,-126.04167675,55.62500445
975.0,-125.62501005,55.62500445
987.0,-125.20834335,55.62500445
1038.0,-124.79167665,55.62500445
1004.0,-124.37500995,55.62500445
1030.0,-123.54167655,55.62500445
950.0,-123.12500985,55.62500445
1033.0,-122.29167645,55.62500445
1035.0,-119.79167625,55.62500445
1088.0,-118.54167615,55.62500445
1102.0,-117.70834275,55.62500445
1136.0,-116.87500935,55.62500445
1093.0,50.62500405,55.62500445
1067.0,51.45833745,55.62500445
1081.0,55.62500445,55.62500445
1037.0,56.04167115,55.62500445
1038.0,56.45833785,55.62500445
1036.0,56.87500455,55.62500445
1016.0,57.29167125,55.62500445
1066.0,87.29167365,55.62500445
1082.0,93.12500745,55.62500445
1062.0,93.54167415,55.62500445
964.0,-125.20834335,55.20833775
1004.0,-124.79167665,55.20833775
1135.0,-118.54167615,55.20833775
1075.0,51.87500415,55.20833775
1059.0,52.29167085,55.20833775
1088.0,53.54167095,55.20833775
1066.0,53.95833765,55.20833775
1098.0,54.37500435,55.20833775
1101.0,54.79167105,55.20833775
1058.0,56.04167115,55.20833775
1082.0,56.45833785,55.20833775
993.0,57.29167125,55.20833775
992.0,57.70833795,55.20833775
1094.0,90.20834055,55.20833775
1119.0,91.45834065,55.20833775
1060.0,92.29167405,55.20833775
1066.0,-119.37500955,54.79167105
1064.0,-117.70834275,54.79167105
1095.0,-117.29167605,54.79167105
1067.0,-116.87500935,54.79167105
1046.0,-116.45834265,54.79167105
942.0,-115.62500925,54.79167105
1100.0,42.29167005,54.79167105
1138.0,42.70833675,54.79167105
1117.0,53.12500425,54.79167105
1168.0,53.54167095,54.79167105
1067.0,53.95833765,54.79167105
1102.0,54.37500435,54.79167105
1119.0,54.79167105,54.79167105
1154.0,55.20833775,54.79167105
1080.0,55.62500445,54.79167105
1057.0,56.04167115,54.79167105
1066.0,56.45833785,54.79167105
1030.0,56.87500455,54.79167105
1000.0,57.29167125,54.79167105
1121.0,61.45833825,54.79167105
1144.0,65.20833855,54.79167105
1118.0,81.04167315,54.79167105
1096.0,91.87500735,54.79167105
990.0,92.29167405,54.79167105
1003.0,93.12500745,54.79167105
989.0,93.54167415,54.79167105
1017.0,93.95834085,54.79167105
1085.0,-125.62501005,54.37500435
1014.0,-125.20834335,54.37500435
1060.0,-118.54167615,54.37500435
1065.0,-117.70834275,54.37500435
1035.0,-117.29167605,54.37500435
1075.0,46.04167035,54.37500435
1127.0,51.04167075,54.37500435
1107.0,51.45833745,54.37500435
1078.0,51.87500415,54.37500435
1138.0,52.29167085,54.37500435
1083.0,53.54167095,54.37500435
1085.0,55.20833775,54.37500435
1100.0,56.45833785,54.37500435
1034.0,57.70833795,54.37500435
1130.0,65.20833855,54.37500435
1160.0,81.04167315,54.37500435
1109.0,91.45834065,54.37500435
1114.0,92.29167405,54.37500435
924.0,94.37500755,54.37500435
1040.0,108.12500865,54.37500435
941.0,-125.20834335,53.95833765
979.0,-120.20834295,53.95833765
986.0,-116.45834265,53.95833765
1160.0,-112.29167565,53.95833765
1122.0,43.95833685,53.95833765
1133.0,51.45833745,53.95833765
1151.0,51.87500415,53.95833765
1104.0,52.29167085,53.95833765
1125.0,52.70833755,53.95833765
1132.0,53.12500425,53.95833765
1149.0,53.54167095,53.95833765
1177.0,53.95833765,53.95833765
1109.0,54.37500435,53.95833765
1152.0,55.20833775,53.95833765
1129.0,55.62500445,53.95833765
962.0,56.45833785,53.95833765
1018.0,56.87500455,53.95833765
1083.0,57.70833795,53.95833765
1161.0,61.45833825,53.95833765
1175.0,63.12500505,53.95833765
1174.0,63.54167175,53.95833765
1115.0,64.79167185,53.95833765
1164.0,65.20833855,53.95833765
1157.0,66.45833865,53.95833765
1158.0,80.20833975,53.95833765
978.0,87.70834035,53.95833765
1074.0,89.79167385,53.95833765
1158.0,92.29167405,53.95833765
1081.0,92.70834075,53.95833765
1092.0,93.12500745,53.95833765
1115.0,115.20834255,53.95833765
1014.0,-124.37500995,53.54167095
1076.0,-123.54167655,53.54167095
976.0,-120.20834295,53.54167095
1070.0,-117.70834275,53.54167095
1098.0,-116.45834265,53.54167095
1202.0,-114.79167585,53.54167095
1167.0,-106.87500855,53.54167095
1151.0,-106.45834185,53.54167095
1121.0,58.95833805,53.54167095
1110.0,60.20833815,53.54167095
1145.0,60.62500485,53.54167095
1169.0,61.45833825,53.54167095
1170.0,63.54167175,53.54167095
1175.0,64.79167185,53.54167095
1179.0,76.87500615,53.54167095
1045.0,77.70833955,53.54167095
1152.0,80.20833975,53.54167095
1045.0,87.70834035,53.54167095
977.0,88.54167375,53.54167095
1006.0,88.95834045,53.54167095
986.0,89.37500715,53.54167095
1040.0,89.79167385,53.54167095
1117.0,90.20834055,53.54167095
1109.0,91.87500735,53.54167095
1118.0,92.70834075,53.54167095
1051.0,93.12500745,53.54167095
981.0,93.54167415,53.54167095
927.0,93.95834085,53.54167095
943.0,94.37500755,53.54167095
945.0,94.79167425,53.54167095
1005.0,95.20834095,53.54167095
1031.0,95.62500765,53.54167095
981.0,96.87500775,53.54167095
1041.0,98.54167455,53.54167095
1039.0,98.95834125,53.54167095
1099.0,119.79167625,53.54167095
1036.0,-124.37500995,53.12500425
1080.0,-123.54167655,53.12500425
1065.0,-122.70834315,53.12500425
1005.0,-121.45834305,53.12500425
1027.0,-121.04167635,53.12500425
1002.0,-120.62500965,53.12500425
1006.0,-118.54167615,53.12500425
1022.0,-117.29167605,53.12500425
1054.0,-116.87500935,53.12500425
1077.0,-115.62500925,53.12500425
1167.0,-114.79167585,53.12500425
1203.0,-113.95834245,53.12500425
1261.0,-113.12500905,53.12500425
1239.0,-112.70834235,53.12500425
1228.0,-111.87500895,53.12500425
1235.0,-111.45834225,53.12500425
1155.0,-106.87500855,53.12500425
1166.0,47.70833715,53.12500425
1199.0,48.12500385,53.12500425
1180.0,51.45833745,53.12500425
1190.0,61.04167155,53.12500425
1180.0,61.45833825,53.12500425
1148.0,72.70833915,53.12500425
1212.0,73.12500585,53.12500425
1200.0,75.20833935,53.12500425
1180.0,75.62500605,53.12500425
1179.0,77.29167285,53.12500425
1008.0,87.70834035,53.12500425
939.0,88.54167375,53.12500425
974.0,88.95834045,53.12500425
1069.0,92.70834075,53.12500425
1012.0,94.79167425,53.12500425
1065.0,95.20834095,53.12500425
1037.0,95.62500765,53.12500425
1021.0,98.54167455,53.12500425
1143.0,102.29167485,53.12500425
1086.0,106.04167515,53.12500425
1117.0,122.29167645,53.12500425
1051.0,-124.79167665,52.70833755
1072.0,-122.70834315,52.70833755
999.0,-121.04167635,52.70833755
967.0,-120.20834295,52.70833755
952.0,-119.37500955,52.70833755
1045.0,-117.70834275,52.70833755
1063.0,-116.87500935,52.70833755
1315.0,-111.04167555,52.70833755
1125.0,-99.37500795,52.70833755
1162.0,47.29167045,52.70833755
1212.0,48.12500385,52.70833755
1177.0,61.45833825,52.70833755
1164.0,67.29167205,52.70833755
1185.0,72.29167245,52.70833755
1197.0,72.70833915,52.70833755
1235.0,76.45833945,52.70833755
1219.0,77.29167285,52.70833755
1212.0,77.70833955,52.70833755
-9999.0,79.79167305,52.70833755
1194.0,81.04167315,52.70833755
1003.0,87.29167365,52.70833755
1059.0,88.54167375,52.70833755
1015.0,88.95834045,52.70833755
1064.0,89.79167385,52.70833755
1075.0,90.62500725,52.70833755
1043.0,91.04167395,52.70833755
1117.0,95.20834095,52.70833755
1058.0,95.62500765,52.70833755
1029.0,100.20834135,52.70833755
1121.0,111.04167555,52.70833755
1084.0,122.29167645,52.70833755
1058.0,-124.37500995,52.29167085
1120.0,-122.29167645,52.29167085
1052.0,-121.87500975,52.29167085
1008.0,-121.04167635,52.29167085
1219.0,-105.62500845,52.29167085
1214.0,40.20833655,52.29167085
1194.0,52.70833755,52.29167085
1199.0,53.95833765,52.29167085
1195.0,59.37500475,52.29167085
1173.0,60.20833815,52.29167085
1178.0,67.29167205,52.29167085
1195.0,72.70833915,52.29167085
1208.0,73.12500585,52.29167085
1279.0,76.04167275,52.29167085
1253.0,76.45833945,52.29167085
1134.0,76.87500615,52.29167085
1193.0,77.70833955,52.29167085
1098.0,84.37500675,52.29167085
1123.0,84.79167345,52.29167085
1104.0,86.04167355,52.29167085
1055.0,87.29167365,52.29167085
1037.0,87.70834035,52.29167085
1055.0,88.12500705,52.29167085
1019.0,88.95834045,52.29167085
1019.0,89.79167385,52.29167085
1096.0,90.20834055,52.29167085
1018.0,90.62500725,52.29167085
1071.0,91.45834065,52.29167085
1077.0,91.87500735,52.29167085
1070.0,93.12500745,52.29167085
1061.0,93.54167415,52.29167085
1069.0,94.37500755,52.29167085
1087.0,94.79167425,52.29167085
1044.0,95.20834095,52.29167085
1064.0,95.62500765,52.29167085
1005.0,96.04167435,52.29167085
1077.0,96.87500775,52.29167085
1067.0,97.70834115,52.29167085
1004.0,98.54167455,52.29167085
1075.0,98.95834125,52.29167085
1149.0,108.95834205,52.29167085
1239.0,110.62500885,52.29167085
1076.0,111.04167555,52.29167085
1079.0,-123.12500985,51.87500415
1068.0,-121.45834305,51.87500415
1077.0,-121.04167635,51.87500415
1297.0,-111.45834225,51.87500415
1118.0,-99.37500795,51.87500415
1187.0,42.29167005,51.87500415
1230.0,46.45833705,51.87500415
1195.0,59.79167145,51.87500415
1183.0,61.45833825,51.87500415
1188.0,64.37500515,51.87500415
1179.0,64.79167185,51.87500415
1201.0,66.87500535,51.87500415
1204.0,68.54167215,51.87500415
1208.0,72.70833915,51.87500415
1198.0,73.12500585,51.87500415
1119.0,77.29167285,51.87500415
1196.0,79.79167305,51.87500415
1201.0,80.20833975,51.87500415
1198.0,82.29167325,51.87500415
1190.0,82.70833995,51.87500415
1168.0,83.54167335,51.87500415
1095.0,83.95834005,51.87500415
1056.0,84.79167345,51.87500415
1083.0,86.04167355,51.87500415
1016.0,88.54167375,51.87500415
1095.0,88.95834045,51.87500415
1081.0,89.37500715,51.87500415
1119.0,90.20834055,51.87500415
1084.0,90.62500725,51.87500415
1060.0,91.04167395,51.87500415
1061.0,91.45834065,51.87500415
1172.0,92.29167405,51.87500415
1078.0,93.12500745,51.87500415
1103.0,93.54167415,51.87500415
1090.0,93.95834085,51.87500415
1284.0,94.37500755,51.87500415
1132.0,94.79167425,51.87500415
1052.0,95.20834095,51.87500415
1077.0,95.62500765,51.87500415
1071.0,99.79167465,51.87500415
1097.0,107.29167525,51.87500415
1059.0,-121.04167635,51.45833745
1029.0,-120.62500965,51.45833745
926.0,-118.54167615,51.45833745
974.0,-117.70834275,51.45833745
1389.0,-109.79167545,51.45833745
1276.0,49.79167065,51.45833745
1244.0,50.20833735,51.45833745
1210.0,51.04167075,51.45833745
1198.0,60.20833815,51.45833745
1187.0,60.62500485,51.45833745
1186.0,61.04167155,51.45833745
1191.0,65.20833855,51.45833745
1175.0,66.87500535,51.45833745
1204.0,67.70833875,51.45833745
1209.0,68.12500545,51.45833745
1196.0,68.54167215,51.45833745
1233.0,68.95833885,51.45833745
1159.0,73.12500585,51.45833745
1279.0,74.79167265,51.45833745
1267.0,75.20833935,51.45833745
1316.0,75.62500605,51.45833745
1221.0,78.54167295,51.45833745
1187.0,79.79167305,51.45833745
1205.0,82.29167325,51.45833745
1159.0,83.12500665,51.45833745
1128.0,83.54167335,51.45833745
1085.0,84.79167345,51.45833745
1129.0,86.04167355,51.45833745
1035.0,88.54167375,51.45833745
1052.0,88.95834045,51.45833745
1089.0,89.79167385,51.45833745
1053.0,90.20834055,51.45833745
1141.0,90.62500725,51.45833745
1110.0,91.04167395,51.45833745
1290.0,91.45834065,51.45833745
1160.0,91.87500735,51.45833745
1241.0,92.70834075,51.45833745
1182.0,93.12500745,51.45833745
1163.0,93.54167415,51.45833745
1246.0,93.95834085,51.45833745
1317.0,94.79167425,51.45833745
1226.0,95.20834095,51.45833745
1196.0,95.62500765,51.45833745
1078.0,96.04167435,51.45833745
1117.0,96.45834105,51.45833745
1072.0,96.87500775,51.45833745
1069.0,106.04167515,51.45833745
1172.0,114.37500915,51.45833745
1094.0,-121.45834305,51.04167075
1075.0,-121.04167635,51.04167075
1079.0,-120.62500965,51.04167075
1401.0,-109.79167545,51.04167075
1380.0,-109.37500875,51.04167075
1425.0,-108.95834205,51.04167075
1288.0,48.95833725,51.04167075
1258.0,50.20833735,51.04167075
1284.0,51.04167075,51.04167075
1253.0,53.54167095,51.04167075
1194.0,56.87500455,51.04167075
1185.0,59.79167145,51.04167075
1196.0,61.04167155,51.04167075
1218.0,61.45833825,51.04167075
1211.0,62.29167165,51.04167075
1226.0,62.70833835,51.04167075
1194.0,63.95833845,51.04167075
1219.0,64.37500515,51.04167075
1200.0,64.79167185,51.04167075
1207.0,65.62500525,51.04167075
1219.0,66.87500535,51.04167075
1224.0,67.29167205,51.04167075
1188.0,68.12500545,51.04167075
1214.0,68.54167215,51.04167075
1216.0,71.45833905,51.04167075
1201.0,73.12500585,51.04167075
1195.0,74.37500595,51.04167075
1321.0,75.62500605,51.04167075
1305.0,76.45833945,51.04167075
1283.0,76.87500615,51.04167075
1106.0,82.29167325,51.04167075
1008.0,83.54167335,51.04167075
1003.0,83.95834005,51.04167075
1077.0,85.20834015,51.04167075
1012.0,86.87500695,51.04167075
1011.0,87.29167365,51.04167075
1043.0,87.70834035,51.04167075
1108.0,88.12500705,51.04167075
1053.0,88.54167375,51.04167075
1145.0,88.95834045,51.04167075
1111.0,89.37500715,51.04167075
1145.0,89.79167385,51.04167075
1289.0,90.62500725,51.04167075
1220.0,91.04167395,51.04167075
1123.0,91.45834065,51.04167075
1102.0,92.29167405,51.04167075
1114.0,92.70834075,51.04167075
1087.0,93.12500745,51.04167075
1076.0,93.54167415,51.04167075
1111.0,93.95834085,51.04167075
1063.0,94.37500755,51.04167075
1204.0,94.79167425,51.04167075
1186.0,95.20834095,51.04167075
1074.0,95.62500765,51.04167075
1059.0,96.04167435,51.04167075
1079.0,96.87500775,51.04167075
1095.0,98.54167455,51.04167075
1032.0,-120.62500965,50.62500405
1173.0,-120.20834295,50.62500405
920.0,-118.54167615,50.62500405
1442.0,-111.04167555,50.62500405
1414.0,-110.62500885,50.62500405
1440.0,-109.79167545,50.62500405
1424.0,-109.37500875,50.62500405
1396.0,-108.54167535,50.62500405
1377.0,-108.12500865,50.62500405
1352.0,-105.20834175,50.62500405
1320.0,31.04166915,50.62500405
1298.0,55.20833775,50.62500405
1214.0,59.37500475,50.62500405
1201.0,59.79167145,50.62500405
1191.0,60.20833815,50.62500405
1199.0,60.62500485,50.62500405
1234.0,61.45833825,50.62500405
1245.0,62.29167165,50.62500405
1251.0,62.70833835,50.62500405
1239.0,64.37500515,50.62500405
1234.0,64.79167185,50.62500405
1200.0,66.87500535,50.62500405
1171.0,73.12500585,50.62500405
1227.0,74.37500595,50.62500405
1289.0,74.79167265,50.62500405
1238.0,75.20833935,50.62500405
1350.0,76.45833945,50.62500405
1304.0,76.87500615,50.62500405
1337.0,78.12500625,50.62500405
1085.0,87.70834035,50.62500405
1038.0,88.12500705,50.62500405
1123.0,88.54167375,50.62500405
1077.0,88.95834045,50.62500405
1087.0,89.37500715,50.62500405
1096.0,89.79167385,50.62500405
1126.0,90.20834055,50.62500405
1057.0,91.45834065,50.62500405
1286.0,91.87500735,50.62500405
1277.0,92.70834075,50.62500405
1180.0,93.54167415,50.62500405
1079.0,95.20834095,50.62500405
1047.0,95.62500765,50.62500405
1046.0,96.04167435,50.62500405
1096.0,96.45834105,50.62500405
1106.0,96.87500775,50.62500405
1055.0,98.12500785,50.62500405
1084.0,98.95834125,50.62500405
1201.0,107.29167525,50.62500405
1165.0,116.87500935,50.62500405
1163.0,119.37500955,50.62500405
1257.0,-120.20834295,50.20833735
947.0,-117.70834275,50.20833735
996.0,-116.87500935,50.20833735
1408.0,-108.12500865,50.20833735
1365.0,-107.70834195,50.20833735
1243.0,-99.37500795,50.20833735
1375.0,52.70833755,50.20833735
1228.0,57.70833795,50.20833735
1214.0,58.54167135,50.20833735
1280.0,58.95833805,50.20833735
1231.0,59.37500475,50.20833735
1249.0,60.62500485,50.20833735
1244.0,61.04167155,50.20833735
1252.0,66.87500535,50.20833735
1280.0,68.12500545,50.20833735
1212.0,70.62500565,50.20833735
1203.0,71.45833905,50.20833735
1239.0,72.29167245,50.20833735
1228.0,73.54167255,50.20833735
1194.0,73.95833925,50.20833735
1218.0,74.79167265,50.20833735
1284.0,75.62500605,50.20833735
1298.0,76.45833945,50.20833735
1312.0,78.95833965,50.20833735
1256.0,79.37500635,50.20833735
1245.0,79.79167305,50.20833735
1268.0,80.62500645,50.20833735
1050.0,83.12500665,50.20833735
1045.0,86.87500695,50.20833735
1106.0,87.70834035,50.20833735
1114.0,88.54167375,50.20833735
1062.0,88.95834045,50.20833735
1090.0,89.37500715,50.20833735
1189.0,89.79167385,50.20833735
1117.0,90.20834055,50.20833735
1249.0,90.62500725,50.20833735
-9999.0,91.04167395,50.20833735
1242.0,93.54167415,50.20833735
1312.0,95.20834095,50.20833735
1300.0,95.62500765,50.20833735
1133.0,96.04167435,50.20833735
1081.0,96.45834105,50.20833735
1076.0,96.87500775,50.20833735
1089.0,112.29167565,50.20833735
1247.0,114.79167585,50.20833735
1280.0,-103.54167495,49.79167065
1373.0,56.04167115,49.79167065
1270.0,56.87500455,49.79167065
1263.0,57.29167125,49.79167065
1200.0,58.12500465,49.79167065
1285.0,58.95833805,49.79167065
1253.0,59.37500475,49.79167065
1295.0,59.79167145,49.79167065
1274.0,60.20833815,49.79167065
1292.0,60.62500485,49.79167065
1302.0,61.45833825,49.79167065
1230.0,66.87500535,49.79167065
1246.0,80.20833975,49.79167065
1254.0,81.04167315,49.79167065
1142.0,83.12500665,49.79167065
1062.0,83.54167335,49.79167065
1097.0,84.79167345,49.79167065
962.0,85.20834015,49.79167065
1031.0,87.70834035,49.79167065
1111.0,88.12500705,49.79167065
1330.0,88.54167375,49.79167065
1200.0,88.95834045,49.79167065
1193.0,89.37500715,49.79167065
1027.0,89.79167385,49.79167065
1336.0,90.62500725,49.79167065
1219.0,91.87500735,49.79167065
1290.0,92.70834075,49.79167065
1255.0,104.79167505,49.79167065
1275.0,106.04167515,49.79167065
1257.0,106.45834185,49.79167065
1136.0,107.70834195,49.79167065
1325.0,112.70834235,49.79167065
1329.0,114.37500915,49.79167065
1234.0,118.54167615,49.79167065
1244.0,119.37500955,49.79167065
1026.0,-119.79167625,49.37500395
1440.0,-108.12500865,49.37500395
1286.0,-101.87500815,49.37500395
1096.0,-95.62500765,49.37500395
1144.0,-1.45833345,49.37500395
1193.0,0.208333350000004,49.37500395
1262.0,0.625000050000011,49.37500395
1303.0,58.54167135,49.37500395
1247.0,59.37500475,49.37500395
1259.0,59.79167145,49.37500395
1307.0,60.20833815,49.37500395
1284.0,60.62500485,49.37500395
1313.0,61.04167155,49.37500395
1251.0,66.87500535,49.37500395
1294.0,79.79167305,49.37500395
1286.0,80.20833975,49.37500395
1175.0,87.70834035,49.37500395
1070.0,88.12500705,49.37500395
1199.0,88.54167375,49.37500395
1224.0,88.95834045,49.37500395
1100.0,89.37500715,49.37500395
1160.0,91.45834065,49.37500395
1345.0,92.70834075,49.37500395
1142.0,94.37500755,49.37500395
1269.0,96.04167435,49.37500395
1278.0,99.79167465,49.37500395
1335.0,101.45834145,49.37500395
1179.0,104.37500835,49.37500395
1296.0,114.79167585,49.37500395
1079.0,-120.62500965,48.95833725
1082.0,-118.12500945,48.95833725
1212.0,-116.45834265,48.95833725
1193.0,-115.20834255,48.95833725
1068.0,-114.37500915,48.95833725
1357.0,-113.12500905,48.95833725
1382.0,-103.12500825,48.95833725
1174.0,-99.37500795,48.95833725
1336.0,-96.87500775,48.95833725
1360.0,42.29167005,48.95833725
1342.0,58.54167135,48.95833725
1307.0,58.95833805,48.95833725
1338.0,60.62500485,48.95833725
1260.0,69.37500555,48.95833725
1200.0,81.87500655,48.95833725
1170.0,89.79167385,48.95833725
1284.0,91.04167395,48.95833725
1225.0,91.87500735,48.95833725
1372.0,93.12500745,48.95833725
1368.0,94.79167425,48.95833725
1279.0,101.45834145,48.95833725
1145.0,107.29167525,48.95833725
1254.0,113.12500905,48.95833725
882.0,-121.04167635,48.54167055
1432.0,-96.87500775,48.54167055
1367.0,42.29167005,48.54167055
1323.0,71.04167235,48.54167055
1269.0,82.29167325,48.54167055
1255.0,84.79167345,48.54167055
1198.0,85.20834015,48.54167055
1240.0,88.95834045,48.54167055
1156.0,89.37500715,48.54167055
1211.0,90.20834055,48.54167055
1372.0,91.45834065,48.54167055
1343.0,93.95834085,48.54167055
1289.0,101.04167475,48.54167055
1298.0,101.45834145,48.54167055
1277.0,102.70834155,48.54167055
1363.0,112.70834235,48.54167055
1318.0,113.12500905,48.54167055
1075.0,-113.95834245,48.12500385
1278.0,74.37500595,48.12500385
1347.0,85.20834015,48.12500385
1028.0,88.95834045,48.12500385
1312.0,91.45834065,48.12500385
1335.0,94.79167425,48.12500385
1238.0,99.37500795,48.12500385
1368.0,104.79167505,48.12500385
1374.0,-118.95834285,47.70833715
1378.0,-118.12500945,47.70833715
1420.0,-114.37500915,47.70833715
1018.0,-113.12500905,47.70833715
1390.0,-95.62500765,47.70833715
1307.0,5.62500045000002,47.70833715
1358.0,21.04166835,47.70833715
1379.0,48.12500385,47.70833715
1219.0,90.62500725,47.70833715
1278.0,91.87500735,47.70833715
1331.0,93.12500745,47.70833715
1382.0,93.54167415,47.70833715
1427.0,95.62500765,47.70833715
1356.0,103.12500825,47.70833715
1361.0,104.79167505,47.70833715
1292.0,108.95834205,47.70833715
1352.0,110.62500885,47.70833715
1396.0,111.45834225,47.70833715
1320.0,113.12500905,47.70833715
1413.0,-119.79167625,47.29167045
1384.0,-118.95834285,47.29167045
1374.0,-118.54167615,47.29167045
1350.0,-118.12500945,47.29167045
1403.0,-117.29167605,47.29167045
1339.0,-114.37500915,47.29167045
1470.0,-96.87500775,47.29167045
1327.0,20.62500165,47.29167045
1387.0,21.04166835,47.29167045
1385.0,26.45833545,47.29167045
1314.0,36.87500295,47.29167045
1329.0,38.54166975,47.29167045
1421.0,60.20833815,47.29167045
1405.0,60.62500485,47.29167045
1252.0,85.20834015,47.29167045
1275.0,86.04167355,47.29167045
1341.0,88.54167375,47.29167045
1166.0,91.87500735,47.29167045
1434.0,92.29167405,47.29167045
-9999.0,92.70834075,47.29167045
1271.0,93.12500745,47.29167045
1391.0,103.12500825,47.29167045
1369.0,103.95834165,47.29167045
1359.0,105.20834175,47.29167045
1353.0,111.04167555,47.29167045
1316.0,-120.20834295,46.87500375
1484.0,-119.79167625,46.87500375
1393.0,-118.95834285,46.87500375
1361.0,-117.70834275,46.87500375
1385.0,-117.29167605,46.87500375
1021.0,-114.37500915,46.87500375
1297.0,-113.54167575,46.87500375
1374.0,-112.29167565,46.87500375
1314.0,-111.87500895,46.87500375
1262.0,-111.45834225,46.87500375
1486.0,-96.87500775,46.87500375
1371.0,21.45833505,46.87500375
1364.0,34.37500275,46.87500375
1344.0,36.45833625,46.87500375
1305.0,92.70834075,46.87500375
1422.0,105.20834175,46.87500375
1436.0,-120.20834295,46.45833705
1383.0,-117.70834275,46.45833705
1389.0,-117.29167605,46.45833705
959.0,-114.79167585,46.45833705
1035.0,-114.37500915,46.45833705
1087.0,-113.54167575,46.45833705
1119.0,-113.12500905,46.45833705
1398.0,-112.70834235,46.45833705
1144.0,-112.29167565,46.45833705
1233.0,-110.62500885,46.45833705
-9999.0,37.29166965,46.45833705
1353.0,42.29167005,46.45833705
1441.0,56.04167115,46.45833705
1198.0,93.54167415,46.45833705
1272.0,94.37500755,46.45833705
1382.0,104.37500835,46.45833705
1370.0,-120.20834295,46.04167035
1403.0,-119.37500955,46.04167035
1349.0,-118.12500945,46.04167035
1142.0,-114.37500915,46.04167035
1228.0,-113.95834245,46.04167035
1427.0,-111.87500895,46.04167035
1125.0,-110.20834215,46.04167035
1477.0,-93.95834085,46.04167035
1291.0,-0.208333350000004,46.04167035
1375.0,21.45833505,46.04167035
-9999.0,50.20833735,46.04167035
1430.0,58.54167135,46.04167035
1355.0,59.79167145,46.04167035
1347.0,83.95834005,46.04167035
1271.0,93.54167415,46.04167035
1435.0,-120.20834295,45.62500365
1450.0,-119.37500955,45.62500365
1420.0,-116.45834265,45.62500365
1331.0,-113.54167575,45.62500365
1440.0,-112.70834235,45.62500365
1289.0,-111.87500895,45.62500365
1373.0,28.95833565,45.62500365
-9999.0,30.62500245,45.62500365
1365.0,43.95833685,45.62500365
1362.0,44.79167025,45.62500365
1449.0,57.70833795,45.62500365
1438.0,58.54167135,45.62500365
1430.0,58.95833805,45.62500365
1442.0,67.70833875,45.62500365
1203.0,-118.54167615,45.20833695
1088.0,-118.12500945,45.20833695
1057.0,-117.29167605,45.20833695
1074.0,-115.62500925,45.20833695
1163.0,-114.79167585,45.20833695
1185.0,-114.37500915,45.20833695
1155.0,-113.54167575,45.20833695
1413.0,-112.70834235,45.20833695
1277.0,-112.29167565,45.20833695
1141.0,-111.45834225,45.20833695
1110.0,-111.04167555,45.20833695
1120.0,-110.62500885,45.20833695
1162.0,-110.20834215,45.20833695
1087.0,-109.79167545,45.20833695
1536.0,-103.54167495,45.20833695
1345.0,27.29166885,45.20833695
1378.0,27.70833555,45.20833695
1381.0,33.54166935,45.20833695
1354.0,44.37500355,45.20833695
-9999.0,48.95833725,45.20833695
1356.0,53.54167095,45.20833695
1359.0,54.79167105,45.20833695
1427.0,57.29167125,45.20833695
1396.0,58.12500465,45.20833695
-9999.0,58.54167135,45.20833695
1442.0,67.29167205,45.20833695
1440.0,67.70833875,45.20833695
1422.0,68.54167215,45.20833695
1458.0,68.95833885,45.20833695
1442.0,69.79167225,45.20833695
1484.0,70.20833895,45.20833695
1446.0,78.12500625,45.20833695
1452.0,78.54167295,45.20833695
1429.0,-120.20834295,44.79167025
1158.0,-115.20834255,44.79167025
1305.0,-114.79167585,44.79167025
1169.0,-114.37500915,44.79167025
1387.0,-113.54167575,44.79167025
1292.0,-112.29167565,44.79167025
1199.0,-111.87500895,44.79167025
1219.0,-111.04167555,44.79167025
1117.0,-110.20834215,44.79167025
1255.0,-107.29167525,44.79167025
1565.0,-102.70834155,44.79167025
1379.0,28.54166895,44.79167025
-9999.0,33.12500265,44.79167025
1365.0,38.12500305,44.79167025
-9999.0,50.20833735,44.79167025
1331.0,53.54167095,44.79167025
1442.0,56.04167115,44.79167025
1420.0,67.29167205,44.79167025
1432.0,67.70833875,44.79167025
1429.0,68.12500545,44.79167025
1453.0,68.54167215,44.79167025
1400.0,68.95833885,44.79167025
1469.0,69.79167225,44.79167025
1501.0,70.20833895,44.79167025
1471.0,77.70833955,44.79167025
1454.0,78.12500625,44.79167025
1387.0,-121.04167635,44.37500355
1189.0,-120.62500965,44.37500355
1301.0,-120.20834295,44.37500355
1159.0,-118.54167615,44.37500355
1300.0,-118.12500945,44.37500355
1244.0,-113.95834245,44.37500355
1277.0,-111.87500895,44.37500355
1134.0,-110.20834215,44.37500355
1445.0,-107.70834195,44.37500355
1408.0,4.37500034999999,44.37500355
1493.0,4.79166705,44.37500355
1385.0,5.20833375000001,44.37500355
1318.0,14.79166785,44.37500355
-9999.0,29.79166905,44.37500355
1102.0,59.37500475,44.37500355
1420.0,66.87500535,44.37500355
1420.0,68.12500545,44.37500355
1450.0,68.54167215,44.37500355
1436.0,68.95833885,44.37500355
1454.0,69.79167225,44.37500355
1486.0,70.20833895,44.37500355
1518.0,71.04167235,44.37500355
1396.0,77.70833955,44.37500355
1360.0,-121.04167635,43.95833685
1345.0,-120.20834295,43.95833685
1336.0,-119.79167625,43.95833685
1309.0,-119.37500955,43.95833685
1381.0,-118.12500945,43.95833685
1188.0,-115.20834255,43.95833685
1194.0,-114.37500915,43.95833685
1232.0,-113.95834245,43.95833685
1412.0,-111.45834225,43.95833685
1121.0,-110.62500885,43.95833685
1200.0,-110.20834215,43.95833685
1151.0,-109.79167545,43.95833685
1230.0,-109.37500875,43.95833685
1419.0,-107.29167525,43.95833685
1457.0,1.87500015000001,43.95833685
1288.0,3.54166695000001,43.95833685
1472.0,4.37500034999999,43.95833685
1470.0,4.79166705,43.95833685
1357.0,8.12500065,43.95833685
-9999.0,9.79166745000001,43.95833685
1513.0,15.62500125,43.95833685
1423.0,25.20833535,43.95833685
1393.0,26.45833545,43.95833685
1445.0,27.29166885,43.95833685
-9999.0,33.95833605,43.95833685
1356.0,58.95833805,43.95833685
1394.0,67.29167205,43.95833685
1439.0,67.70833875,43.95833685
1376.0,68.12500545,43.95833685
1473.0,68.54167215,43.95833685
1442.0,69.37500555,43.95833685
1438.0,69.79167225,43.95833685
1451.0,74.37500595,43.95833685
1444.0,74.79167265,43.95833685
1376.0,75.20833935,43.95833685
1467.0,75.62500605,43.95833685
1464.0,76.04167275,43.95833685
1461.0,76.45833945,43.95833685
1428.0,76.87500615,43.95833685
1463.0,77.29167285,43.95833685
1437.0,77.70833955,43.95833685
1447.0,81.45833985,43.95833685
1332.0,-120.62500965,43.54167015
1353.0,-120.20834295,43.54167015
1365.0,-119.79167625,43.54167015
1399.0,-118.12500945,43.54167015
1442.0,-117.29167605,43.54167015
1289.0,-115.62500925,43.54167015
1446.0,-113.12500905,43.54167015
1223.0,-111.04167555,43.54167015
1310.0,-110.20834215,43.54167015
1421.0,-108.95834205,43.54167015
1394.0,-108.12500865,43.54167015
1492.0,-96.87500775,43.54167015
-9999.0,9.79166745000001,43.54167015
-9999.0,10.20833415,43.54167015
1504.0,11.04166755,43.54167015
1437.0,23.95833525,43.54167015
1420.0,67.29167205,43.54167015
1456.0,67.70833875,43.54167015
1482.0,68.12500545,43.54167015
1415.0,68.95833885,43.54167015
1509.0,70.20833895,43.54167015
1483.0,71.87500575,43.54167015
1486.0,72.29167245,43.54167015
1437.0,75.62500605,43.54167015
1439.0,76.45833945,43.54167015
1399.0,77.29167285,43.54167015
1327.0,78.95833965,43.54167015
1446.0,79.79167305,43.54167015
950.0,-121.45834305,43.12500345
1275.0,-121.04167635,43.12500345
1345.0,-120.62500965,43.12500345
1378.0,-120.20834295,43.12500345
1389.0,-119.79167625,43.12500345
1360.0,-119.37500955,43.12500345
1383.0,-118.12500945,43.12500345
1415.0,-117.70834275,43.12500345
1410.0,-117.29167605,43.12500345
1456.0,-116.45834265,43.12500345
1434.0,-115.62500925,43.12500345
1428.0,-114.79167585,43.12500345
1419.0,-114.37500915,43.12500345
1161.0,-110.62500885,43.12500345
1337.0,-110.20834215,43.12500345
1522.0,-107.70834195,43.12500345
1468.0,-101.04167475,43.12500345
1480.0,2.70833354999999,43.12500345
-9999.0,5.62500045000002,43.12500345
1528.0,6.04166714999999,43.12500345
-9999.0,6.45833385,43.12500345
-9999.0,7.29166724999999,43.12500345
1341.0,17.29166805,43.12500345
-9999.0,28.95833565,43.12500345
913.0,41.45833665,43.12500345
1082.0,41.87500335,43.12500345
960.0,42.29167005,43.12500345
977.0,42.70833675,43.12500345
1050.0,43.12500345,43.12500345
1434.0,64.79167185,43.12500345
1466.0,67.70833875,43.12500345
1413.0,68.12500545,43.12500345
1454.0,68.95833885,43.12500345
1474.0,69.37500555,43.12500345
1417.0,70.20833895,43.12500345
1498.0,71.04167235,43.12500345
1492.0,71.45833905,43.12500345
1461.0,72.29167245,43.12500345
1447.0,73.54167255,43.12500345
1452.0,73.95833925,43.12500345
1390.0,-113.95834245,42.70833675
1430.0,-113.12500905,42.70833675
1369.0,-112.70834235,42.70833675
1456.0,-111.87500895,42.70833675
1197.0,-110.62500885,42.70833675
1392.0,-110.20834215,42.70833675
1257.0,-109.37500875,42.70833675
1463.0,-107.70834195,42.70833675
1415.0,-106.45834185,42.70833675
1434.0,-106.04167515,42.70833675
1500.0,-98.54167455,42.70833675
1511.0,-97.29167445,42.70833675
1521.0,-91.87500735,42.70833675
1396.0,-3.95833364999999,42.70833675
-9999.0,8.95833404999999,42.70833675
1178.0,43.95833685,42.70833675
1436.0,64.37500515,42.70833675
1435.0,64.79167185,42.70833675
1427.0,68.12500545,42.70833675
1416.0,70.62500565,42.70833675
1410.0,-116.87500935,42.29167005
1408.0,-116.45834265,42.29167005
1406.0,-115.62500925,42.29167005
1377.0,-114.79167585,42.29167005
1250.0,-110.62500885,42.29167005
1457.0,-110.20834215,42.29167005
1355.0,-105.62500845,42.29167005
1544.0,-98.54167455,42.29167005
1531.0,-97.70834115,42.29167005
1487.0,-96.04167435,42.29167005
1527.0,-92.29167405,42.29167005
1453.0,-4.79166705,42.29167005
1451.0,-3.95833364999999,42.29167005
1216.0,-3.12500025,42.29167005
1476.0,-1.45833345,42.29167005
1389.0,0.208333350000004,42.29167005
1522.0,3.12500025,42.29167005
1277.0,12.70833435,42.29167005
-9999.0,14.79166785,42.29167005
-9999.0,16.04166795,42.29167005
1401.0,53.95833765,42.29167005
1432.0,54.79167105,42.29167005
1401.0,55.20833775,42.29167005
1480.0,68.95833885,42.29167005
1478.0,69.37500555,42.29167005
1307.0,73.95833925,42.29167005
1180.0,74.37500595,42.29167005
1069.0,81.45833985,42.29167005
1112.0,-122.29167645,41.87500335
1339.0,-121.87500975,41.87500335
1301.0,-121.45834305,41.87500335
1041.0,-120.20834295,41.87500335
1322.0,-117.29167605,41.87500335
1364.0,-116.87500935,41.87500335
1363.0,-116.45834265,41.87500335
1351.0,-116.04167595,41.87500335
1393.0,-112.29167565,41.87500335
1462.0,-111.87500895,41.87500335
1457.0,-109.37500875,41.87500335
1505.0,-99.79167465,41.87500335
1480.0,-97.70834115,41.87500335
1545.0,-97.29167445,41.87500335
1508.0,-96.87500775,41.87500335
1385.0,-6.45833385,41.87500335
1478.0,-1.45833345,41.87500335
1380.0,-1.04166674999999,41.87500335
1470.0,-0.625000050000011,41.87500335
1522.0,-0.208333350000004,41.87500335
1392.0,14.79166785,41.87500335
-9999.0,16.45833465,41.87500335
1076.0,43.12500345,41.87500335
-9999.0,53.54167095,41.87500335
1470.0,54.37500435,41.87500335
1417.0,55.62500445,41.87500335
1484.0,68.12500545,41.87500335
1468.0,68.95833885,41.87500335
1434.0,69.37500555,41.87500335
1297.0,73.54167255,41.87500335
1131.0,73.95833925,41.87500335
1420.0,74.37500595,41.87500335
1205.0,-122.29167645,41.45833665
977.0,-121.87500975,41.45833665
1095.0,-121.45834305,41.45833665
1279.0,-120.20834295,41.45833665
1269.0,-118.95834285,41.45833665
1246.0,-117.70834275,41.45833665
1356.0,-116.87500935,41.45833665
1330.0,-116.45834265,41.45833665
1341.0,-114.79167585,41.45833665
1419.0,-113.95834245,41.45833665
1290.0,-112.29167565,41.45833665
1418.0,-109.37500875,41.45833665
1444.0,-104.79167505,41.45833665
1458.0,-104.37500835,41.45833665
1480.0,-98.54167455,41.45833665
1495.0,-97.70834115,41.45833665
1478.0,-4.79166705,41.45833665
1458.0,-1.45833345,41.45833665
1417.0,-1.04166674999999,41.45833665
1508.0,-0.208333350000004,41.45833665
1537.0,0.208333350000004,41.45833665
1494.0,0.625000050000011,41.45833665
1373.0,1.45833345,41.45833665
-9999.0,3.12500025,41.45833665
1472.0,12.70833435,41.45833665
1394.0,13.12500105,41.45833665
1457.0,15.20833455,41.45833665
1577.0,15.62500125,41.45833665
-9999.0,16.04166795,41.45833665
-9999.0,19.37500155,41.45833665
-9999.0,28.54166895,41.45833665
1428.0,48.54167055,41.45833665
1417.0,48.95833725,41.45833665
1456.0,67.29167205,41.45833665
1473.0,67.70833875,41.45833665
1489.0,68.12500545,41.45833665
1473.0,68.95833885,41.45833665
1434.0,69.37500555,41.45833665
1293.0,70.20833895,41.45833665
1297.0,73.95833925,41.45833665
1339.0,74.37500595,41.45833665
1420.0,-117.29167605,41.04166995
1400.0,-116.45834265,41.04166995
1326.0,-114.79167585,41.04166995
1365.0,-111.04167555,41.04166995
1382.0,-109.37500875,41.04166995
1301.0,-108.95834205,41.04166995
1259.0,-106.87500855,41.04166995
1417.0,-106.45834185,41.04166995
1353.0,-105.62500845,41.04166995
1516.0,-98.54167455,41.04166995
1507.0,-98.12500785,41.04166995
1566.0,-93.54167415,41.04166995
1450.0,-5.62500044999999,41.04166995
1371.0,-3.12500025,41.04166995
1458.0,-2.70833354999999,41.04166995
1508.0,-0.208333350000004,41.04166995
-9999.0,2.29166685000001,41.04166995
-9999.0,13.54166775,41.04166995
1517.0,14.37500115,41.04166995
1506.0,16.87500135,41.04166995
-9999.0,19.37500155,41.04166995
-9999.0,38.12500305,41.04166995
-9999.0,38.54166975,41.04166995
1368.0,41.87500335,41.04166995
-9999.0,53.54167095,41.04166995
-9999.0,54.37500435,41.04166995
1386.0,54.79167105,41.04166995
1481.0,68.12500545,41.04166995
1329.0,70.62500565,41.04166995
1439.0,72.70833915,41.04166995
1262.0,73.54167255,41.04166995
1099.0,-121.04167635,40.62500325
1303.0,-120.62500965,40.62500325
1461.0,-120.20834295,40.62500325
1400.0,-117.29167605,40.62500325
1282.0,-116.87500935,40.62500325
1383.0,-114.79167585,40.62500325
1177.0,-110.62500885,40.62500325
1446.0,-106.45834185,40.62500325
1551.0,-91.45834065,40.62500325
1537.0,-89.79167385,40.62500325
1430.0,-5.20833375000001,40.62500325
1441.0,-3.95833364999999,40.62500325
1393.0,-2.29166684999998,40.62500325
1404.0,0.208333350000004,40.62500325
-9999.0,8.12500065,40.62500325
-9999.0,13.95833445,40.62500325
-9999.0,14.79166785,40.62500325
1455.0,15.20833455,40.62500325
1348.0,17.29166805,40.62500325
-9999.0,18.54166815,40.62500325
-9999.0,18.95833485,40.62500325
1547.0,19.37500155,40.62500325
-9999.0,25.20833535,40.62500325
-9999.0,27.29166885,40.62500325
1340.0,28.95833565,40.62500325
1506.0,29.37500235,40.62500325
1413.0,33.95833605,40.62500325
1096.0,37.70833635,40.62500325
1065.0,38.54166975,40.62500325
1323.0,42.29167005,40.62500325
1471.0,47.29167045,40.62500325
1444.0,47.70833715,40.62500325
1434.0,48.95833725,40.62500325
1444.0,53.12500425,40.62500325
1354.0,53.54167095,40.62500325
1403.0,53.95833765,40.62500325
1440.0,54.37500435,40.62500325
1424.0,57.29167125,40.62500325
1483.0,68.12500545,40.62500325
1478.0,70.62500565,40.62500325
1402.0,71.04167235,40.62500325
1436.0,71.45833905,40.62500325
1414.0,71.87500575,40.62500325
1335.0,113.12500905,40.62500325
1103.0,-121.04167635,40.20833655
1383.0,-120.20834295,40.20833655
1375.0,-117.29167605,40.20833655
1440.0,-112.70834235,40.20833655
1376.0,-106.45834185,40.20833655
1542.0,-97.29167445,40.20833655
1540.0,-95.62500765,40.20833655
1570.0,-94.37500755,40.20833655
1368.0,-5.20833375000001,40.20833655
1489.0,-4.79166705,40.20833655
1552.0,-3.95833364999999,40.20833655
1492.0,-3.54166695000001,40.20833655
1473.0,-3.12500025,40.20833655
1447.0,-2.70833354999999,40.20833655
-9999.0,2.70833354999999,40.20833655
-9999.0,3.12500025,40.20833655
1383.0,16.04166795,40.20833655
1384.0,31.87500255,40.20833655
1227.0,36.87500295,40.20833655
1224.0,37.29166965,40.20833655
1245.0,37.70833635,40.20833655
1462.0,48.54167055,40.20833655
-9999.0,52.70833755,40.20833655
1423.0,57.29167125,40.20833655
1426.0,71.04167235,40.20833655
1425.0,71.87500575,40.20833655
1149.0,73.95833925,40.20833655
1367.0,-120.20834295,39.79166985
1470.0,-119.79167625,39.79166985
1411.0,-117.29167605,39.79166985
1278.0,-110.62500885,39.79166985
1412.0,-110.20834215,39.79166985
1555.0,-94.37500755,39.79166985
1385.0,-8.12500065,39.79166985
1441.0,-7.70833395,39.79166985
1544.0,-3.12500025,39.79166985
1396.0,-1.04166674999999,39.79166985
1524.0,-0.208333350000004,39.79166985
-9999.0,0.208333350000004,39.79166985
-9999.0,0.625000050000011,39.79166985
-9999.0,2.29166685000001,39.79166985
1425.0,3.12500025,39.79166985
1350.0,8.54166735000001,39.79166985
-9999.0,16.87500135,39.79166985
-9999.0,18.95833485,39.79166985
1413.0,28.54166895,39.79166985
1451.0,56.04167115,39.79166985
1403.0,57.29167125,39.79166985
1299.0,68.12500545,39.79166985
1424.0,69.37500555,39.79166985
1052.0,-120.20834295,39.37500315
1441.0,-119.79167625,39.37500315
1428.0,-111.87500895,39.37500315
1452.0,-111.04167555,39.37500315
1387.0,-110.20834215,39.37500315
1343.0,-109.79167545,39.37500315
1332.0,-108.54167535,39.37500315
1411.0,-105.20834175,39.37500315
1578.0,-97.29167445,39.37500315
1529.0,-7.70833395,39.37500315
1463.0,-5.20833375000001,39.37500315
1479.0,-1.45833345,39.37500315
-9999.0,-0.208333350000004,39.37500315
-9999.0,2.29166685000001,39.37500315
-9999.0,2.70833354999999,39.37500315
1565.0,3.12500025,39.37500315
-9999.0,3.54166695000001,39.37500315
-9999.0,8.12500065,39.37500315
1411.0,9.37500075,39.37500315
1454.0,20.62500165,39.37500315
1319.0,21.04166835,39.37500315
1463.0,22.70833515,39.37500315
-9999.0,26.45833545,39.37500315
1262.0,27.29166885,39.37500315
1336.0,37.29166965,39.37500315
1324.0,38.54166975,39.37500315
1135.0,38.95833645,39.37500315
1310.0,39.37500315,39.37500315
1383.0,53.12500425,39.37500315
1371.0,53.54167095,39.37500315
1470.0,55.20833775,39.37500315
1452.0,56.04167115,39.37500315
1478.0,56.87500455,39.37500315
1433.0,57.70833795,39.37500315
1411.0,58.54167135,39.37500315
1234.0,74.37500595,39.37500315
1433.0,76.87500615,39.37500315
1398.0,-119.79167625,38.95833645
1319.0,-116.45834265,38.95833645
1562.0,-95.20834095,38.95833645
1546.0,-7.70833395,38.95833645
1588.0,-6.87500055000001,38.95833645
1603.0,-5.62500044999999,38.95833645
1483.0,-5.20833375000001,38.95833645
1420.0,-0.208333350000004,38.95833645
-9999.0,1.87500015000001,38.95833645
-9999.0,3.12500025,38.95833645
-9999.0,9.79166745000001,38.95833645
-9999.0,17.29166805,38.95833645
-9999.0,25.62500205,38.95833645
1406.0,48.54167055,38.95833645
1493.0,55.20833775,38.95833645
1430.0,58.54167135,38.95833645
1455.0,77.29167285,38.95833645
1434.0,77.70833955,38.95833645
1418.0,78.12500625,38.95833645
1166.0,-119.79167625,38.54166975
1459.0,-117.70834275,38.54166975
1448.0,-117.29167605,38.54166975
1388.0,-116.87500935,38.54166975
1417.0,-116.45834265,38.54166975
1460.0,-114.37500915,38.54166975
1573.0,-97.29167445,38.54166975
1582.0,-7.70833395,38.54166975
1543.0,-5.20833375000001,38.54166975
1519.0,-3.95833364999999,38.54166975
1471.0,-2.70833354999999,38.54166975
1519.0,-1.04166674999999,38.54166975
1480.0,-0.208333350000004,38.54166975
-9999.0,1.87500015000001,38.54166975
-9999.0,16.87500135,38.54166975
-9999.0,20.62500165,38.54166975
-9999.0,25.62500205,38.54166975
1426.0,26.04166875,38.54166975
1404.0,26.45833545,38.54166975
1494.0,28.95833565,38.54166975
1529.0,29.37500235,38.54166975
1393.0,36.04166955,38.54166975
1442.0,39.37500315,38.54166975
1392.0,40.20833655,38.54166975
1310.0,40.62500325,38.54166975
1224.0,41.45833665,38.54166975
1278.0,41.87500335,38.54166975
-9999.0,43.12500345,38.54166975
1236.0,48.54167055,38.54166975
1503.0,54.79167105,38.54166975
1486.0,55.62500445,38.54166975
1421.0,58.54167135,38.54166975
1453.0,59.79167145,38.54166975
1250.0,-119.37500955,38.12500305
1461.0,-118.95834285,38.12500305
1398.0,-118.54167615,38.12500305
1370.0,-117.70834275,38.12500305
1408.0,-117.29167605,38.12500305
1487.0,-116.87500935,38.12500305
1388.0,-112.29167565,38.12500305
1279.0,-111.87500895,38.12500305
1457.0,-108.95834205,38.12500305
1346.0,-108.12500865,38.12500305
1246.0,-106.87500855,38.12500305
-9999.0,-8.95833404999999,38.12500305
1606.0,-7.70833395,38.12500305
1476.0,-6.45833385,38.12500305
1552.0,-6.04166714999999,38.12500305
1353.0,-5.20833375000001,38.12500305
1429.0,-4.79166705,38.12500305
1509.0,-4.37500034999999,38.12500305
1484.0,-3.95833364999999,38.12500305
1486.0,-3.12500025,38.12500305
1399.0,-2.70833354999999,38.12500305
-9999.0,13.54166775,38.12500305
-9999.0,13.95833445,38.12500305
1478.0,15.20833455,38.12500305
-9999.0,20.20833495,38.12500305
1431.0,20.62500165,38.12500305
1579.0,21.45833505,38.12500305
1448.0,22.29166845,38.12500305
-9999.0,22.70833515,38.12500305
-9999.0,26.04166875,38.12500305
1535.0,28.12500225,38.12500305
1413.0,28.54166895,38.12500305
1444.0,57.29167125,38.12500305
1460.0,66.45833865,38.12500305
1121.0,71.04167235,38.12500305
1196.0,73.54167255,38.12500305
1342.0,73.95833925,38.12500305
1179.0,74.79167265,38.12500305
1059.0,96.45834105,38.12500305
1213.0,-118.95834285,37.70833635
1463.0,-118.12500945,37.70833635
1350.0,-112.29167565,37.70833635
1497.0,-93.12500745,37.70833635
1593.0,-7.70833395,37.70833635
1600.0,-7.29166724999999,37.70833635
1556.0,-6.87500055000001,37.70833635
1426.0,-6.45833385,37.70833635
1601.0,-5.20833375000001,37.70833635
1544.0,-4.79166705,37.70833635
1511.0,-4.37500034999999,37.70833635
1378.0,-3.54166695000001,37.70833635
1494.0,-2.29166684999998,37.70833635
1536.0,-1.87500015000001,37.70833635
-9999.0,9.37500075,37.70833635
-9999.0,10.20833415,37.70833635
1390.0,13.54166775,37.70833635
1434.0,15.20833455,37.70833635
-9999.0,20.62500165,37.70833635
1569.0,22.70833515,37.70833635
1531.0,38.95833645,37.70833635
1441.0,39.37500315,37.70833635
1420.0,40.20833655,37.70833635
1468.0,40.62500325,37.70833635
1490.0,41.87500335,37.70833635
-9999.0,49.37500395,37.70833635
1410.0,54.37500435,37.70833635
1465.0,57.29167125,37.70833635
1453.0,57.70833795,37.70833635
1428.0,58.12500465,37.70833635
1248.0,71.87500575,37.70833635
1224.0,73.54167255,37.70833635
1220.0,73.95833925,37.70833635
1238.0,74.37500595,37.70833635
1195.0,74.79167265,37.70833635
1203.0,75.20833935,37.70833635
1174.0,75.62500605,37.70833635
1448.0,105.20834175,37.70833635
1466.0,107.70834195,37.70833635
1435.0,-118.54167615,37.29166965
1415.0,-118.12500945,37.29166965
1415.0,-117.70834275,37.29166965
1464.0,-113.12500905,37.29166965
1251.0,-107.29167525,37.29166965
1262.0,-105.20834175,37.29166965
1481.0,-104.79167505,37.29166965
1551.0,-96.04167435,37.29166965
1620.0,-5.20833375000001,37.29166965
1588.0,-4.79166705,37.29166965
1458.0,-4.37500034999999,37.29166965
1408.0,-2.29166684999998,37.29166965
-9999.0,-1.04166674999999,37.29166965
-9999.0,3.12500025,37.29166965
-9999.0,3.54166695000001,37.29166965
-9999.0,3.95833365000001,37.29166965
-9999.0,4.37500034999999,37.29166965
-9999.0,4.79166705,37.29166965
-9999.0,5.20833375000001,37.29166965
-9999.0,6.45833385,37.29166965
-9999.0,8.95833404999999,37.29166965
-9999.0,15.20833455,37.29166965
-9999.0,15.62500125,37.29166965
1404.0,22.70833515,37.29166965
-9999.0,26.45833545,37.29166965
1582.0,35.62500285,37.29166965
1589.0,36.04166955,37.29166965
1490.0,36.45833625,37.29166965
1501.0,37.29166965,37.29166965
1451.0,38.54166975,37.29166965
1468.0,40.20833655,37.29166965
1520.0,40.62500325,37.29166965
1384.0,49.37500395,37.29166965
1423.0,49.79167065,37.29166965
1367.0,50.20833735,37.29166965
-9999.0,53.54167095,37.29166965
1463.0,57.70833795,37.29166965
1425.0,58.54167135,37.29166965
1509.0,60.62500485,37.29166965
1041.0,72.70833915,37.29166965
1061.0,73.54167255,37.29166965
1015.0,74.79167265,37.29166965
1014.0,75.20833935,37.29166965
1039.0,75.62500605,37.29166965
1336.0,76.04167275,37.29166965
1083.0,101.45834145,37.29166965
1153.0,102.70834155,37.29166965
1461.0,104.37500835,37.29166965
1408.0,105.62500845,37.29166965
1436.0,106.04167515,37.29166965
1475.0,106.87500855,37.29166965
1408.0,107.29167525,37.29166965
1478.0,-118.12500945,36.87500295
1450.0,-117.70834275,36.87500295
1445.0,-104.79167505,36.87500295
1495.0,-104.37500835,36.87500295
1446.0,-103.95834165,36.87500295
1538.0,-96.04167435,36.87500295
-9999.0,-8.12500065,36.87500295
1575.0,-5.62500044999999,36.87500295
1477.0,-5.20833375000001,36.87500295
1446.0,-4.37500034999999,36.87500295
1352.0,-3.95833364999999,36.87500295
1519.0,-2.29166684999998,36.87500295
-9999.0,0.625000050000011,36.87500295
-9999.0,1.45833345,36.87500295
-9999.0,1.87500015000001,36.87500295
-9999.0,2.29166685000001,36.87500295
-9999.0,2.70833354999999,36.87500295
-9999.0,3.12500025,36.87500295
1508.0,3.95833365000001,36.87500295
1478.0,4.37500034999999,36.87500295
1318.0,4.79166705,36.87500295
-9999.0,5.20833375000001,36.87500295
-9999.0,5.62500045000002,36.87500295
1338.0,6.45833385,36.87500295
1577.0,7.29166724999999,36.87500295
1585.0,8.54166735000001,36.87500295
1487.0,14.79166785,36.87500295
-9999.0,15.62500125,36.87500295
-9999.0,26.04166875,36.87500295
1577.0,31.04166915,36.87500295
1492.0,43.54167015,36.87500295
1236.0,49.79167065,36.87500295
1350.0,50.20833735,36.87500295
-9999.0,51.04167075,36.87500295
1445.0,57.29167125,36.87500295
1405.0,67.70833875,36.87500295
1008.0,73.95833925,36.87500295
951.0,75.62500605,36.87500295
-9999.0,100.20834135,36.87500295
1168.0,101.45834145,36.87500295
1263.0,101.87500815,36.87500295
1369.0,106.87500855,36.87500295
1392.0,107.29167525,36.87500295
1305.0,-118.12500945,36.45833625
1453.0,-117.70834275,36.45833625
1427.0,-117.29167605,36.45833625
1280.0,-106.87500855,36.45833625
1520.0,-96.04167435,36.45833625
1452.0,-93.12500745,36.45833625
1577.0,-6.04166714999999,36.45833625
-9999.0,-4.37500034999999,36.45833625
-9999.0,-2.70833354999999,36.45833625
-9999.0,-2.29166684999998,36.45833625
-9999.0,-0.208333350000004,36.45833625
-9999.0,0.208333350000004,36.45833625
-9999.0,0.625000050000011,36.45833625
1414.0,1.04166674999999,36.45833625
1326.0,1.45833345,36.45833625
1483.0,1.87500015000001,36.45833625
1517.0,2.29166685000001,36.45833625
1344.0,3.12500025,36.45833625
1356.0,3.54166695000001,36.45833625
1330.0,3.95833365000001,36.45833625
1337.0,4.37500034999999,36.45833625
1399.0,4.79166705,36.45833625
1472.0,5.20833375000001,36.45833625
1453.0,5.62500045000002,36.45833625
1524.0,6.45833385,36.45833625
1405.0,6.87500055000001,36.45833625
-9999.0,14.79166785,36.45833625
-9999.0,28.95833565,36.45833625
1509.0,29.37500235,36.45833625
-9999.0,30.62500245,36.45833625
-9999.0,31.04166915,36.45833625
1355.0,32.70833595,36.45833625
1506.0,33.54166935,36.45833625
1551.0,37.29166965,36.45833625
1465.0,42.70833675,36.45833625
1475.0,43.54167015,36.45833625
1407.0,46.87500375,36.45833625
1381.0,48.54167055,36.45833625
1273.0,51.87500415,36.45833625
1500.0,52.70833755,36.45833625
1404.0,57.70833795,36.45833625
1402.0,58.95833805,36.45833625
1460.0,63.95833845,36.45833625
1438.0,65.62500525,36.45833625
1245.0,71.04167235,36.45833625
1236.0,72.70833915,36.45833625
1062.0,73.12500585,36.45833625
1232.0,73.54167255,36.45833625
1260.0,73.95833925,36.45833625
1012.0,74.79167265,36.45833625
1049.0,75.62500605,36.45833625
1153.0,76.04167275,36.45833625
938.0,76.87500615,36.45833625
1356.0,107.29167525,36.45833625
1351.0,107.70834195,36.45833625
1438.0,-118.12500945,36.04166955
1527.0,-117.70834275,36.04166955
1383.0,-117.29167605,36.04166955
1263.0,-106.87500855,36.04166955
1458.0,-104.79167505,36.04166955
1564.0,-97.29167445,36.04166955
-9999.0,-6.45833385,36.04166955
-9999.0,-0.625000050000011,36.04166955
-9999.0,-0.208333350000004,36.04166955
1531.0,0.208333350000004,36.04166955
1524.0,0.625000050000011,36.04166955
1548.0,1.87500015000001,36.04166955
1479.0,3.12500025,36.04166955
1511.0,4.37500034999999,36.04166955
1529.0,5.62500045000002,36.04166955
1545.0,6.45833385,36.04166955
-9999.0,14.37500115,36.04166955
-9999.0,29.37500235,36.04166955
-9999.0,29.79166905,36.04166955
-9999.0,30.20833575,36.04166955
-9999.0,30.62500245,36.04166955
-9999.0,32.29166925,36.04166955
1415.0,32.70833595,36.04166955
-9999.0,33.12500265,36.04166955
-9999.0,33.54166935,36.04166955
1473.0,42.70833675,36.04166955
1488.0,43.54167015,36.04166955
1483.0,44.79167025,36.04166955
1437.0,48.54167055,36.04166955
1468.0,48.95833725,36.04166955
1522.0,49.79167065,36.04166955
1313.0,51.04167075,36.04166955
1312.0,52.70833755,36.04166955
1418.0,63.12500505,36.04166955
1460.0,63.54167175,36.04166955
1431.0,64.37500515,36.04166955
1404.0,65.20833855,36.04166955
1473.0,68.12500545,36.04166955
1251.0,71.87500575,36.04166955
1269.0,73.95833925,36.04166955
1088.0,74.37500595,36.04166955
-9999.0,74.79167265,36.04166955
883.0,75.20833935,36.04166955
-9999.0,75.62500605,36.04166955
1019.0,76.04167275,36.04166955
1099.0,76.87500615,36.04166955
1227.0,77.29167285,36.04166955
1217.0,88.95834045,36.04166955
1136.0,89.79167385,36.04166955
1159.0,90.20834055,36.04166955
1144.0,90.62500725,36.04166955
1290.0,101.87500815,36.04166955
1151.0,102.70834155,36.04166955
1347.0,106.04167515,36.04166955
1278.0,108.54167535,36.04166955
1357.0,-118.12500945,35.62500285
1502.0,-106.87500855,35.62500285
1328.0,-105.62500845,35.62500285
1567.0,-96.45834105,35.62500285
-9999.0,-6.45833385,35.62500285
-9999.0,-4.79166705,35.62500285
-9999.0,-4.37500034999999,35.62500285
-9999.0,-1.45833345,35.62500285
1444.0,-1.04166674999999,35.62500285
1610.0,-0.625000050000011,35.62500285
1613.0,-0.208333350000004,35.62500285
1525.0,0.625000050000011,35.62500285
1438.0,6.04166714999999,35.62500285
1356.0,6.45833385,35.62500285
-9999.0,25.62500205,35.62500285
-9999.0,32.70833595,35.62500285
-9999.0,33.12500265,35.62500285
-9999.0,33.95833605,35.62500285
1520.0,34.37500275,35.62500285
1453.0,47.70833715,35.62500285
1455.0,51.04167075,35.62500285
1457.0,52.70833755,35.62500285
1428.0,53.12500425,35.62500285
1462.0,61.87500495,35.62500285
1451.0,62.70833835,35.62500285
1345.0,64.79167185,35.62500285
1259.0,68.12500545,35.62500285
1030.0,71.04167235,35.62500285
1285.0,73.95833925,35.62500285
1098.0,74.37500595,35.62500285
979.0,74.79167265,35.62500285
1348.0,75.20833935,35.62500285
1042.0,75.62500605,35.62500285
1137.0,76.04167275,35.62500285
847.0,76.45833945,35.62500285
927.0,76.87500615,35.62500285
1065.0,77.29167285,35.62500285
1155.0,91.87500735,35.62500285
1240.0,102.70834155,35.62500285
1298.0,103.95834165,35.62500285
1258.0,108.95834205,35.62500285
1509.0,-118.12500945,35.20833615
1449.0,-105.62500845,35.20833615
1344.0,-5.20833375000001,35.20833615
-9999.0,-4.37500034999999,35.20833615
1539.0,-3.54166695000001,35.20833615
-9999.0,-2.70833354999999,35.20833615
1501.0,-1.04166674999999,35.20833615
1518.0,-0.208333350000004,35.20833615
1566.0,0.208333350000004,35.20833615
1495.0,1.04166674999999,35.20833615
1549.0,2.70833354999999,35.20833615
1327.0,3.54166695000001,35.20833615
-9999.0,11.45833425,35.20833615
-9999.0,27.29166885,35.20833615
-9999.0,32.29166925,35.20833615
1593.0,33.12500265,35.20833615
-9999.0,34.37500275,35.20833615
1369.0,51.04167075,35.20833615
1504.0,52.29167085,35.20833615
1424.0,62.70833835,35.20833615
1398.0,63.12500505,35.20833615
1333.0,65.62500525,35.20833615
1328.0,66.04167195,35.20833615
1335.0,66.45833865,35.20833615
1330.0,67.29167205,35.20833615
1335.0,71.45833905,35.20833615
1341.0,74.79167265,35.20833615
1296.0,75.62500605,35.20833615
1296.0,76.04167275,35.20833615
1354.0,76.45833945,35.20833615
995.0,76.87500615,35.20833615
978.0,77.29167285,35.20833615
1035.0,77.70833955,35.20833615
1093.0,78.12500625,35.20833615
1163.0,88.95834045,35.20833615
1228.0,89.79167385,35.20833615
1109.0,90.20834055,35.20833615
1187.0,91.04167395,35.20833615
1182.0,95.20834095,35.20833615
1158.0,95.62500765,35.20833615
1243.0,96.04167435,35.20833615
1289.0,96.45834105,35.20833615
1142.0,97.29167445,35.20833615
1220.0,98.12500785,35.20833615
1251.0,98.54167455,35.20833615
1239.0,98.95834125,35.20833615
1152.0,103.12500825,35.20833615
1178.0,103.54167495,35.20833615
1312.0,103.95834165,35.20833615
1285.0,106.87500855,35.20833615
1628.0,-97.29167445,34.79166945
-9999.0,-6.87500055000001,34.79166945
1553.0,-5.20833375000001,34.79166945
1419.0,-4.37500034999999,34.79166945
1515.0,-3.12500025,34.79166945
1526.0,-2.70833354999999,34.79166945
1595.0,-1.87500015000001,34.79166945
1535.0,-1.04166674999999,34.79166945
1586.0,-0.625000050000011,34.79166945
-9999.0,11.45833425,34.79166945
-9999.0,32.29166925,34.79166945
1542.0,32.70833595,34.79166945
1435.0,33.12500265,34.79166945
-9999.0,33.54166935,34.79166945
-9999.0,34.37500275,34.79166945
-9999.0,35.62500285,34.79166945
1557.0,36.04166955,34.79166945
1452.0,38.95833645,34.79166945
1402.0,52.70833755,34.79166945
1438.0,53.54167095,34.79166945
1452.0,54.79167105,34.79166945
1275.0,66.04167195,34.79166945
1271.0,66.45833865,34.79166945
1339.0,67.29167205,34.79166945
1382.0,67.70833875,34.79166945
1077.0,73.95833925,34.79166945
1121.0,74.37500595,34.79166945
1070.0,74.79167265,34.79166945
1256.0,75.20833935,34.79166945
1192.0,75.62500605,34.79166945
1028.0,76.04167275,34.79166945
1044.0,76.45833945,34.79166945
1125.0,76.87500615,34.79166945
944.0,77.29167285,34.79166945
838.0,77.70833955,34.79166945
1139.0,78.12500625,34.79166945
1078.0,78.54167295,34.79166945
1234.0,78.95833965,34.79166945
1201.0,90.20834055,34.79166945
1221.0,90.62500725,34.79166945
1133.0,91.04167395,34.79166945
1202.0,91.87500735,34.79166945
1204.0,95.62500765,34.79166945
1176.0,96.04167435,34.79166945
1224.0,96.45834105,34.79166945
1109.0,96.87500775,34.79166945
1230.0,97.29167445,34.79166945
1189.0,97.70834115,34.79166945
1273.0,98.54167455,34.79166945
1118.0,98.95834125,34.79166945
1172.0,102.29167485,34.79166945
1206.0,102.70834155,34.79166945
1140.0,103.95834165,34.79166945
1355.0,105.20834175,34.79166945
1347.0,106.87500855,34.79166945
1429.0,109.79167545,34.79166945
-9999.0,-6.87500055000001,34.37500275
1596.0,-6.45833385,34.37500275
1601.0,-5.62500044999999,34.37500275
1605.0,-5.20833375000001,34.37500275
1565.0,-4.79166705,34.37500275
1576.0,-4.37500034999999,34.37500275
1494.0,-3.95833364999999,34.37500275
1519.0,-3.54166695000001,34.37500275
1570.0,-3.12500025,34.37500275
-9999.0,32.70833595,34.37500275
-9999.0,33.12500265,34.37500275
-9999.0,35.20833615,34.37500275
1406.0,36.04166955,34.37500275
1505.0,36.45833625,34.37500275
1500.0,44.37500355,34.37500275
1390.0,52.29167085,34.37500275
1384.0,52.70833755,34.37500275
1420.0,53.95833765,34.37500275
1317.0,65.20833855,34.37500275
1337.0,65.62500525,34.37500275
1331.0,67.29167205,34.37500275
1358.0,68.12500545,34.37500275
1138.0,74.79167265,34.37500275
1042.0,75.20833935,34.37500275
1290.0,76.45833945,34.37500275
1303.0,76.87500615,34.37500275
946.0,77.29167285,34.37500275
1074.0,78.12500625,34.37500275
965.0,78.54167295,34.37500275
1099.0,90.62500725,34.37500275
1215.0,91.45834065,34.37500275
1302.0,91.87500735,34.37500275
1272.0,93.95834085,34.37500275
1124.0,96.45834105,34.37500275
1114.0,97.29167445,34.37500275
1180.0,97.70834115,34.37500275
1192.0,98.12500785,34.37500275
1176.0,98.95834125,34.37500275
1147.0,101.04167475,34.37500275
1155.0,102.70834155,34.37500275
1254.0,103.95834165,34.37500275
1250.0,105.20834175,34.37500275
1361.0,105.62500845,34.37500275
1345.0,106.87500855,34.37500275
1390.0,107.29167525,34.37500275
1420.0,108.95834205,34.37500275
1369.0,109.37500875,34.37500275
1236.0,109.79167545,34.37500275
1501.0,-108.54167535,33.95833605
1443.0,-108.12500865,33.95833605
1528.0,-107.70834195,33.95833605
1605.0,-96.45834105,33.95833605
-9999.0,-7.70833395,33.95833605
-9999.0,-7.29166724999999,33.95833605
1576.0,-6.87500055000001,33.95833605
1601.0,-6.45833385,33.95833605
1543.0,-6.04166714999999,33.95833605
1591.0,-5.62500044999999,33.95833605
1628.0,-5.20833375000001,33.95833605
1544.0,-2.29166684999998,33.95833605
1572.0,0.625000050000011,33.95833605
1541.0,3.54166695000001,33.95833605
-9999.0,35.20833615,33.95833605
1463.0,35.62500285,33.95833605
1511.0,36.04166955,33.95833605
1526.0,44.37500355,33.95833605
1368.0,52.29167085,33.95833605
1349.0,53.12500425,33.95833605
1383.0,67.29167205,33.95833605
1132.0,76.45833945,33.95833605
1006.0,76.87500615,33.95833605
1321.0,77.29167285,33.95833605
1359.0,77.70833955,33.95833605
1191.0,78.12500625,33.95833605
1052.0,78.95833965,33.95833605
1101.0,91.45834065,33.95833605
1204.0,91.87500735,33.95833605
1148.0,94.37500755,33.95833605
1137.0,94.79167425,33.95833605
1175.0,95.20834095,33.95833605
1078.0,95.62500765,33.95833605
1193.0,97.29167445,33.95833605
1163.0,97.70834115,33.95833605
1158.0,98.12500785,33.95833605
1199.0,98.54167455,33.95833605
1129.0,101.45834145,33.95833605
1178.0,101.87500815,33.95833605
1315.0,103.54167495,33.95833605
1153.0,103.95834165,33.95833605
1193.0,104.37500835,33.95833605
1370.0,105.20834175,33.95833605
1577.0,-96.45834105,33.54166935
-9999.0,-8.12500065,33.54166935
1636.0,-7.29166724999999,33.54166935
1549.0,-6.87500055000001,33.54166935
1526.0,-6.45833385,33.54166935
1451.0,-6.04166714999999,33.54166935
1536.0,-5.62500044999999,33.54166935
1465.0,6.45833385,33.54166935
1555.0,10.20833415,33.54166935
1569.0,11.04166755,33.54166935
-9999.0,11.45833425,33.54166935
-9999.0,11.87500095,33.54166935
-9999.0,35.20833615,33.54166935
1416.0,48.54167055,33.54166935
1424.0,67.29167205,33.54166935
1414.0,67.70833875,33.54166935
1086.0,75.62500605,33.54166935
1272.0,76.87500615,33.54166935
1199.0,77.29167285,33.54166935
1151.0,77.70833955,33.54166935
1333.0,78.95833965,33.54166935
1173.0,88.95834045,33.54166935
1197.0,90.20834055,33.54166935
1156.0,91.45834065,33.54166935
1322.0,93.95834085,33.54166935
980.0,94.79167425,33.54166935
1092.0,95.20834095,33.54166935
1136.0,98.95834125,33.54166935
1140.0,101.45834145,33.54166935
1159.0,101.87500815,33.54166935
1094.0,103.54167495,33.54166935
1257.0,105.20834175,33.54166935
-9999.0,-8.95833404999999,33.12500265
1595.0,-8.54166735000001,33.12500265
1591.0,-8.12500065,33.12500265
1543.0,-6.87500055000001,33.12500265
1581.0,-6.45833385,33.12500265
1525.0,-6.04166714999999,33.12500265
1478.0,-5.62500044999999,33.12500265
1485.0,6.04166714999999,33.12500265
1497.0,9.79166745000001,33.12500265
1523.0,11.04166755,33.12500265
-9999.0,12.70833435,33.12500265
-9999.0,13.95833445,33.12500265
-9999.0,21.45833505,33.12500265
-9999.0,21.87500175,33.12500265
-9999.0,22.29166845,33.12500265
1555.0,35.62500285,33.12500265
1486.0,39.37500315,33.12500265
1420.0,41.45833665,33.12500265
1469.0,48.12500385,33.12500265
1451.0,50.20833735,33.12500265
1468.0,65.62500525,33.12500265
1519.0,70.62500565,33.12500265
1019.0,77.29167285,33.12500265
1121.0,88.54167375,33.12500265
1302.0,89.79167385,33.12500265
1223.0,90.20834055,33.12500265
1213.0,90.62500725,33.12500265
1129.0,91.45834065,33.12500265
1218.0,91.87500735,33.12500265
1160.0,92.29167405,33.12500265
1200.0,92.70834075,33.12500265
1204.0,93.95834085,33.12500265
1243.0,94.37500755,33.12500265
1086.0,94.79167425,33.12500265
1114.0,101.04167475,33.12500265
1125.0,101.45834145,33.12500265
1155.0,102.29167485,33.12500265
1202.0,104.37500835,33.12500265
1323.0,106.04167515,33.12500265
-9999.0,-9.37500075,32.70833595
1626.0,-8.54166735000001,32.70833595
1572.0,-7.70833395,32.70833595
1573.0,-7.29166724999999,32.70833595
1570.0,-6.87500055000001,32.70833595
1533.0,-6.45833385,32.70833595
1518.0,-6.04166714999999,32.70833595
1539.0,-3.12500025,32.70833595
1500.0,9.79166745000001,32.70833595
1515.0,10.20833415,32.70833595
1575.0,12.70833435,32.70833595
1560.0,13.12500105,32.70833595
-9999.0,20.62500165,32.70833595
1524.0,45.20833695,32.70833595
1345.0,69.79167225,32.70833595
1436.0,75.20833935,32.70833595
1259.0,78.95833965,32.70833595
1234.0,86.04167355,32.70833595
1236.0,88.12500705,32.70833595
1153.0,88.54167375,32.70833595
1267.0,88.95834045,32.70833595
1247.0,89.37500715,32.70833595
1278.0,90.62500725,32.70833595
1174.0,91.87500735,32.70833595
1069.0,92.29167405,32.70833595
1072.0,93.12500745,32.70833595
1155.0,94.37500755,32.70833595
1158.0,94.79167425,32.70833595
1139.0,98.95834125,32.70833595
1135.0,100.62500805,32.70833595
1118.0,101.45834145,32.70833595
1190.0,101.87500815,32.70833595
1136.0,103.12500825,32.70833595
1076.0,103.95834165,32.70833595
1257.0,105.62500845,32.70833595
-9999.0,-9.37500075,32.29166925
1615.0,-8.95833404999999,32.29166925
1618.0,-6.87500055000001,32.29166925
1583.0,-6.45833385,32.29166925
1460.0,5.20833375000001,32.29166925
1470.0,6.04166714999999,32.29166925
1474.0,6.45833385,32.29166925
1497.0,11.04166755,32.29166925
1487.0,11.45833425,32.29166925
1536.0,13.54166775,32.29166925
1595.0,20.62500165,32.29166925
1500.0,21.87500175,32.29166925
-9999.0,34.37500275,32.29166925
1463.0,36.45833625,32.29166925
1533.0,45.62500365,32.29166925
1518.0,46.04167035,32.29166925
1426.0,68.95833885,32.29166925
1460.0,69.37500555,32.29166925
1509.0,70.20833895,32.29166925
1118.0,76.87500615,32.29166925
1093.0,78.95833965,32.29166925
1285.0,85.20834015,32.29166925
1153.0,87.70834035,32.29166925
1210.0,91.45834065,32.29166925
1268.0,91.87500735,32.29166925
1137.0,92.29167405,32.29166925
1159.0,92.70834075,32.29166925
1105.0,93.12500745,32.29166925
1154.0,99.37500795,32.29166925
1112.0,100.62500805,32.29166925
1176.0,101.45834145,32.29166925
1152.0,101.87500815,32.29166925
1548.0,-101.04167475,31.87500255
-9999.0,-9.79166745000001,31.87500255
1584.0,-9.37500075,31.87500255
1518.0,-6.45833385,31.87500255
1541.0,-1.87500015000001,31.87500255
1477.0,6.04166714999999,31.87500255
1469.0,6.45833385,31.87500255
1475.0,7.29166724999999,31.87500255
1526.0,11.04166755,31.87500255
1524.0,12.29166765,31.87500255
1458.0,13.54166775,31.87500255
-9999.0,15.62500125,31.87500255
-9999.0,19.79166825,31.87500255
1538.0,20.62500165,31.87500255
1521.0,21.87500175,31.87500255
1506.0,35.62500285,31.87500255
1405.0,36.45833625,31.87500255
1514.0,45.20833695,31.87500255
1516.0,46.04167035,31.87500255
1478.0,47.29167045,31.87500255
1454.0,49.37500395,31.87500255
1439.0,68.95833885,31.87500255
1510.0,70.20833895,31.87500255
1223.0,78.95833965,31.87500255
1297.0,79.37500635,31.87500255
1290.0,85.20834015,31.87500255
1291.0,85.62500685,31.87500255
1256.0,86.04167355,31.87500255
1317.0,86.87500695,31.87500255
1245.0,91.45834065,31.87500255
1088.0,91.87500735,31.87500255
1087.0,100.20834135,31.87500255
1077.0,101.04167475,31.87500255
1087.0,101.45834145,31.87500255
1103.0,102.70834155,31.87500255
1014.0,103.12500825,31.87500255
1572.0,-9.37500075,31.45833585
1577.0,-8.95833404999999,31.45833585
1483.0,-6.04166714999999,31.45833585
1524.0,-0.625000050000011,31.45833585
1545.0,12.70833435,31.45833585
1507.0,14.37500115,31.45833585
-9999.0,16.04166795,31.45833585
-9999.0,16.87500135,31.45833585
1511.0,21.87500175,31.45833585
1521.0,34.37500275,31.45833585
1544.0,34.79166945,31.45833585
1526.0,46.04167035,31.45833585
1518.0,48.12500385,31.45833585
1460.0,49.37500395,31.45833585
1462.0,68.95833885,31.45833585
1265.0,79.37500635,31.45833585
1304.0,80.62500645,31.45833585
1222.0,81.04167315,31.45833585
1237.0,84.79167345,31.45833585
1220.0,85.62500685,31.45833585
1232.0,86.04167355,31.45833585
1057.0,86.45834025,31.45833585
1290.0,86.87500695,31.45833585
1221.0,88.12500705,31.45833585
1228.0,88.54167375,31.45833585
1310.0,88.95834045,31.45833585
1237.0,89.37500715,31.45833585
1200.0,89.79167385,31.45833585
1295.0,90.20834055,31.45833585
1236.0,90.62500725,31.45833585
1292.0,91.04167395,31.45833585
1224.0,91.45834065,31.45833585
1239.0,92.29167405,31.45833585
1174.0,98.12500785,31.45833585
1016.0,100.20834135,31.45833585
1056.0,101.87500815,31.45833585
1249.0,103.54167495,31.45833585
1521.0,-108.12500865,31.04166915
1553.0,-99.79167465,31.04166915
1556.0,-9.37500075,31.04166915
1521.0,-8.95833404999999,31.04166915
1421.0,-8.54166735000001,31.04166915
1510.0,-1.45833345,31.04166915
1469.0,6.04166714999999,31.04166915
1489.0,6.45833385,31.04166915
1485.0,10.20833415,31.04166915
1502.0,11.04166755,31.04166915
1516.0,13.95833445,31.04166915
1538.0,16.04166795,31.04166915
1532.0,21.87500175,31.04166915
1476.0,41.87500335,31.04166915
1441.0,68.12500545,31.04166915
1158.0,83.12500665,31.04166915
1284.0,85.20834015,31.04166915
1190.0,87.70834035,31.04166915
1136.0,88.12500705,31.04166915
1240.0,88.54167375,31.04166915
1263.0,88.95834045,31.04166915
1128.0,96.87500775,31.04166915
1048.0,98.95834125,31.04166915
1097.0,99.79167465,31.04166915
1116.0,100.20834135,31.04166915
1290.0,101.04167475,31.04166915
1072.0,101.45834145,31.04166915
1653.0,-98.95834125,30.62500245
1528.0,-9.37500075,30.62500245
1508.0,-8.95833404999999,30.62500245
1529.0,-8.54166735000001,30.62500245
1486.0,-8.12500065,30.62500245
1489.0,13.95833445,30.62500245
1490.0,14.79166785,30.62500245
1501.0,16.04166795,30.62500245
1544.0,21.87500175,30.62500245
1491.0,28.54166895,30.62500245
1484.0,34.37500275,30.62500245
1440.0,37.29166965,30.62500245
1503.0,38.12500305,30.62500245
1423.0,40.62500325,30.62500245
1442.0,41.45833665,30.62500245
1422.0,41.87500335,30.62500245
1458.0,58.12500465,30.62500245
1436.0,58.54167135,30.62500245
1462.0,68.12500545,30.62500245
-9999.0,81.45833985,30.62500245
1353.0,82.29167325,30.62500245
1290.0,86.04167355,30.62500245
-9999.0,86.45834025,30.62500245
1256.0,88.95834045,30.62500245
1145.0,101.45834145,30.62500245
1519.0,-8.95833404999999,30.20833575
1513.0,-8.54166735000001,30.20833575
1498.0,-7.29166724999999,30.20833575
1512.0,8.95833404999999,30.20833575
1512.0,11.04166755,30.20833575
1483.0,14.79166785,30.20833575
1480.0,15.20833455,30.20833575
1484.0,16.04166795,30.20833575
1530.0,19.79166825,30.20833575
1376.0,21.04166835,30.20833575
1533.0,21.45833505,30.20833575
1496.0,22.70833515,30.20833575
1491.0,23.95833525,30.20833575
1479.0,26.04166875,30.20833575
1476.0,27.29166885,30.20833575
1450.0,27.70833555,30.20833575
1497.0,28.54166895,30.20833575
1543.0,28.95833565,30.20833575
1400.0,39.37500315,30.20833575
1405.0,39.79166985,30.20833575
1463.0,41.45833665,30.20833575
1428.0,41.87500335,30.20833575
1418.0,42.29167005,30.20833575
1492.0,50.20833735,30.20833575
1392.0,56.45833785,30.20833575
1173.0,79.37500635,30.20833575
1245.0,82.70833995,30.20833575
1300.0,83.54167335,30.20833575
1189.0,84.37500675,30.20833575
-9999.0,84.79167345,30.20833575
1304.0,86.45834025,30.20833575
1205.0,86.87500695,30.20833575
1132.0,97.70834115,30.20833575
1156.0,98.12500785,30.20833575
1056.0,99.37500795,30.20833575
1194.0,99.79167465,30.20833575
1123.0,100.20834135,30.20833575
1128.0,100.62500805,30.20833575
1061.0,102.29167485,30.20833575
1288.0,103.12500825,30.20833575
1440.0,-7.70833395,29.79166905
1455.0,8.12500065,29.79166905
1504.0,12.70833435,29.79166905
1397.0,14.79166785,29.79166905
1493.0,15.20833455,29.79166905
1442.0,19.79166825,29.79166905
1437.0,21.04166835,29.79166905
1519.0,21.45833505,29.79166905
1487.0,22.70833515,29.79166905
1477.0,23.54166855,29.79166905
1509.0,28.54166895,29.79166905
1480.0,38.54166975,29.79166905
1405.0,38.95833645,29.79166905
1447.0,42.70833675,29.79166905
1463.0,43.12500345,29.79166905
1428.0,43.54167015,29.79166905
1454.0,44.37500355,29.79166905
1491.0,44.79167025,29.79166905
1517.0,45.20833695,29.79166905
1522.0,45.62500365,29.79166905
1534.0,46.45833705,29.79166905
-9999.0,49.37500395,29.79166905
-9999.0,49.79167065,29.79166905
1317.0,79.79167305,29.79166905
1185.0,80.62500645,29.79166905
1245.0,83.54167335,29.79166905
1143.0,86.45834025,29.79166905
1109.0,86.87500695,29.79166905
1083.0,100.62500805,29.79166905
1112.0,101.04167475,29.79166905
1263.0,103.12500825,29.79166905
1476.0,-5.20833375000001,29.37500235
1470.0,12.70833435,29.37500235
1502.0,14.79166785,29.37500235
1486.0,18.95833485,29.37500235
1541.0,21.45833505,29.37500235
1472.0,22.70833515,29.37500235
1466.0,23.54166855,29.37500235
1515.0,28.54166895,29.37500235
1532.0,37.70833635,29.37500235
1468.0,38.12500305,29.37500235
1439.0,38.54166975,29.37500235
1406.0,38.95833645,29.37500235
1414.0,40.62500325,29.37500235
1548.0,45.62500365,29.37500235
1562.0,46.04167035,29.37500235
1546.0,46.45833705,29.37500235
1548.0,46.87500375,29.37500235
1549.0,47.29167045,29.37500235
1456.0,47.70833715,29.37500235
1380.0,55.62500445,29.37500235
1271.0,86.04167355,29.37500235
1081.0,98.95834125,29.37500235
-9999.0,-115.20834255,28.95833565
1532.0,5.62500045000002,28.95833565
1510.0,20.20833495,28.95833565
1457.0,22.70833515,28.95833565
1457.0,23.95833525,28.95833565
1486.0,37.29166965,28.95833565
1461.0,38.12500305,28.95833565
1465.0,38.54166975,28.95833565
1416.0,38.95833645,28.95833565
-9999.0,50.20833735,28.95833565
1468.0,53.12500425,28.95833565
1333.0,84.79167345,28.95833565
1220.0,85.20834015,28.95833565
1162.0,86.45834025,28.95833565
1172.0,98.12500785,28.95833565
1039.0,98.54167455,28.95833565
1272.0,98.95834125,28.95833565
1042.0,101.87500815,28.95833565
1485.0,-7.70833395,28.54166895
1480.0,-5.62500044999999,28.54166895
1570.0,-0.208333350000004,28.54166895
1536.0,11.87500095,28.54166895
1531.0,36.87500295,28.54166895
1461.0,41.87500335,28.54166895
1477.0,43.54167015,28.54166895
1475.0,53.54167095,28.54166895
1293.0,86.04167355,28.54166895
1340.0,86.45834025,28.54166895
1212.0,86.87500695,28.54166895
1089.0,99.79167465,28.54166895
1192.0,101.87500815,28.54166895
1365.0,-102.29167485,28.12500225
1501.0,-4.79166705,28.12500225
1510.0,12.70833435,28.12500225
1503.0,14.79166785,28.12500225
1425.0,34.37500275,28.12500225
1395.0,35.62500285,28.12500225
1534.0,48.12500385,28.12500225
1407.0,57.70833795,28.12500225
1249.0,102.29167485,28.12500225
1269.0,103.54167495,28.12500225
1559.0,-3.54166695000001,27.70833555
1498.0,11.87500095,27.70833555
1401.0,56.87500455,27.70833555
1503.0,57.29167125,27.70833555
1436.0,57.70833795,27.70833555
1347.0,59.79167145,27.70833555
1049.0,89.79167385,27.70833555
1054.0,99.79167465,27.70833555
1221.0,101.45834145,27.70833555
1176.0,102.70834155,27.70833555
1199.0,103.54167495,27.70833555
1498.0,-3.95833364999999,27.29166885
1472.0,56.04167115,27.29166885
1484.0,56.87500455,27.29166885
1489.0,57.29167125,27.29166885
1490.0,57.70833795,27.29166885
1524.0,58.95833805,27.29166885
1028.0,99.79167465,27.29166885
1164.0,101.45834145,27.29166885
1296.0,101.87500815,27.29166885
1530.0,-6.45833385,26.87500215
1555.0,-1.45833345,26.87500215
1538.0,53.54167095,26.87500215
1517.0,53.95833765,26.87500215
1526.0,56.04167115,26.87500215
-9999.0,56.45833785,26.87500215
1464.0,57.29167125,26.87500215
1385.0,57.70833795,26.87500215
1407.0,-105.62500845,26.45833545
-9999.0,53.95833765,26.45833545
-9999.0,55.20833775,26.45833545
1480.0,57.29167125,26.45833545
1417.0,57.70833795,26.45833545
1467.0,58.54167135,26.45833545
1469.0,59.37500475,26.45833545
1389.0,59.79167145,26.45833545
1450.0,60.62500485,26.45833545
1372.0,101.45834145,26.45833545
1088.0,102.70834155,26.45833545
-9999.0,50.20833735,26.04166875
-9999.0,51.45833745,26.04166875
-9999.0,54.79167105,26.04166875
-9999.0,55.20833775,26.04166875
-9999.0,56.87500455,26.04166875
1516.0,57.29167125,26.04166875
1406.0,57.70833795,26.04166875
1392.0,58.12500465,26.04166875
1451.0,58.54167135,26.04166875
1495.0,59.79167145,26.04166875
1434.0,60.62500485,26.04166875
1425.0,61.45833825,26.04166875
1443.0,61.87500495,26.04166875
1445.0,62.29167165,26.04166875
1464.0,62.70833835,26.04166875
1576.0,51.45833745,25.62500205
-9999.0,55.20833775,25.62500205
-9999.0,57.29167125,25.62500205
-9999.0,57.70833795,25.62500205
1438.0,58.12500465,25.62500205
1427.0,58.54167135,25.62500205
1482.0,58.95833805,25.62500205
1501.0,59.37500475,25.62500205
1452.0,59.79167145,25.62500205
1472.0,60.62500485,25.62500205
1511.0,61.04167155,25.62500205
1479.0,61.45833825,25.62500205
1442.0,61.87500495,25.62500205
1430.0,62.29167165,25.62500205
1409.0,62.70833835,25.62500205
1408.0,63.12500505,25.62500205
1179.0,98.54167455,25.62500205
1236.0,103.54167495,25.62500205
1491.0,-8.12500065,25.20833535
1516.0,51.04167075,25.20833535
-9999.0,54.37500435,25.20833535
-9999.0,59.79167145,25.20833535
-9999.0,60.20833815,25.20833535
1527.0,61.04167155,25.20833535
1493.0,61.45833825,25.20833535
1505.0,62.29167165,25.20833535
-9999.0,62.70833835,25.20833535
1511.0,49.79167065,24.79166865
-9999.0,54.37500435,24.79166865
1502.0,55.20833775,24.79166865
1545.0,-6.04166714999999,24.37500195
1357.0,-100.20834135,23.95833525
1521.0,49.37500395,23.95833525
1505.0,50.20833735,23.95833525
1530.0,-6.87500055000001,23.54166855
1460.0,58.54167135,23.54166855
-9999.0,58.95833805,23.54166855
1510.0,48.54167055,23.12500185
1335.0,-101.04167475,22.70833515
1513.0,-7.29166724999999,22.70833515
1509.0,-6.87500055000001,22.70833515
1523.0,3.12500025,22.70833515
1517.0,59.79167145,22.29166845
1548.0,-5.20833375000001,21.87500175
1533.0,-0.208333350000004,21.45833505
-9999.0,59.37500475,21.45833505
1512.0,-13.12500105,21.04166835
1309.0,-98.95834125,19.79166825
1270.0,-98.54167455,19.79166825
1253.0,-98.12500785,19.79166825
1514.0,9.37500075,19.79166825
1453.0,-0.208333350000004,16.87500135
1425.0,0.208333350000004,16.87500135
1530.0,0.625000050000011,16.87500135
1079.0,-79.37500635,-6.04166715000001
1218.0,-78.95833965,-6.04166715000001
1215.0,-78.54167295,-6.04166715000001
1063.0,-77.29167285,-6.04166715000001
889.0,-77.70833955,-6.87500055000001
1191.0,-77.70833955,-7.70833395000001
854.0,-77.29167285,-7.70833395000001
925.0,-75.62500605,-10.62500085
1269.0,-71.87500575,-13.12500105
1371.0,-75.62500605,-13.54166775
1170.0,-75.20833935,-13.54166775
1195.0,-74.37500595,-13.54166775
1218.0,-73.54167255,-13.54166775
1327.0,-71.87500575,-13.54166775
1320.0,-71.45833905,-13.54166775
1240.0,-74.37500595,-13.95833445
1276.0,-73.54167255,-13.95833445
1293.0,-73.12500585,-13.95833445
1268.0,-72.70833915,-13.95833445
1338.0,-71.87500575,-13.95833445
1277.0,-71.45833905,-13.95833445
1324.0,-71.04167235,-13.95833445
1113.0,-70.62500565,-13.95833445
1066.0,-70.20833895,-13.95833445
1297.0,-73.95833925,-14.37500115
1103.0,-73.54167255,-14.37500115
1236.0,-73.12500585,-14.37500115
1381.0,-71.87500575,-14.37500115
1359.0,-71.45833905,-14.37500115
1234.0,-71.04167235,-14.37500115
1295.0,-70.62500565,-14.37500115
1340.0,-70.20833895,-14.37500115
1214.0,-73.54167255,-14.79166785
1161.0,-73.12500585,-14.79166785
1257.0,-71.87500575,-14.79166785
1283.0,-71.45833905,-14.79166785
1346.0,-71.04167235,-14.79166785
1262.0,-70.20833895,-14.79166785
1032.0,-68.95833885,-14.79166785
1179.0,-72.29167245,-15.20833455
1175.0,-71.45833905,-15.20833455
1100.0,-71.04167235,-15.20833455
1300.0,-70.20833895,-15.20833455
1346.0,-69.79167225,-15.20833455
1262.0,-69.37500555,-15.20833455
1312.0,-68.95833885,-15.20833455
1213.0,-71.45833905,-15.62500125
1234.0,-70.62500565,-15.62500125
1250.0,-70.20833895,-15.62500125
1076.0,-69.79167225,-15.62500125
1284.0,-68.95833885,-15.62500125
1212.0,-70.62500565,-16.04166795
1085.0,-70.20833895,-16.04166795
1283.0,-69.79167225,-16.04166795
-9999.0,-68.95833885,-16.04166795
1275.0,-68.54167215,-16.04166795
1337.0,-68.54167215,-16.45833465
1221.0,-68.12500545,-16.45833465
1167.0,-70.20833895,-16.87500135
1279.0,-68.95833885,-16.87500135
1368.0,-68.12500545,-16.87500135
1411.0,-67.70833875,-16.87500135
1231.0,-66.45833865,-16.87500135
1339.0,-68.95833885,-17.29166805
1326.0,-68.54167215,-17.29166805
1346.0,-68.12500545,-17.29166805
1223.0,-67.70833875,-17.29166805
1321.0,-67.29167205,-17.29166805
1368.0,-66.87500535,-17.29166805
1303.0,-66.45833865,-17.29166805
1280.0,-66.04167195,-17.29166805
1219.0,-68.95833885,-17.70833475
1263.0,-68.12500545,-17.70833475
1289.0,-67.70833875,-17.70833475
1262.0,-66.87500535,-17.70833475
1271.0,-66.45833865,-17.70833475
1241.0,-66.04167195,-17.70833475
1316.0,-65.62500525,-17.70833475
1218.0,-68.54167215,-18.12500145
1210.0,-67.70833875,-18.12500145
1260.0,-67.29167205,-18.12500145
1265.0,-66.45833865,-18.12500145
1370.0,-65.62500525,-18.12500145
1251.0,-68.95833885,-18.54166815
1251.0,-68.54167215,-18.54166815
1259.0,-68.12500545,-18.54166815
1258.0,-67.70833875,-18.54166815
1257.0,-66.87500535,-18.54166815
1279.0,-66.45833865,-18.54166815
1353.0,-66.04167195,-18.54166815
1378.0,-65.62500525,-18.54166815
1204.0,-68.54167215,-18.95833485
1203.0,-68.12500545,-18.95833485
1228.0,-67.70833875,-18.95833485
1241.0,-67.29167205,-18.95833485
-9999.0,-66.87500535,-18.95833485
1189.0,-66.45833865,-18.95833485
1280.0,-66.04167195,-18.95833485
1266.0,-68.54167215,-19.37500155
-9999.0,-68.12500545,-19.37500155
1201.0,-67.70833875,-19.37500155
1286.0,-67.29167205,-19.37500155
1321.0,-66.87500535,-19.37500155
1260.0,-66.45833865,-19.37500155
1233.0,-66.04167195,-19.37500155
1309.0,-65.20833855,-19.37500155
1433.0,-64.79167185,-19.37500155
1235.0,-68.54167215,-19.79166825
1260.0,-68.12500545,-19.79166825
1225.0,-67.70833875,-19.79166825
714.0,-67.29167205,-19.79166825
1244.0,-66.87500535,-19.79166825
1097.0,-66.45833865,-19.79166825
1228.0,-66.04167195,-19.79166825
1263.0,-64.79167185,-19.79166825
1206.0,-68.54167215,-20.20833495
1003.0,-68.12500545,-20.20833495
790.0,-67.70833875,-20.20833495
1259.0,-66.87500535,-20.20833495
1283.0,-64.79167185,-20.20833495
1215.0,-68.54167215,-20.62500165
1161.0,-68.12500545,-20.62500165
1172.0,-67.70833875,-20.62500165
761.0,-67.29167205,-20.62500165
1229.0,-66.87500535,-20.62500165
1242.0,-66.45833865,-20.62500165
1311.0,-65.62500525,-20.62500165
1354.0,-64.79167185,-20.62500165
1232.0,-68.12500545,-21.04166835
1239.0,-67.70833875,-21.04166835
1266.0,-67.29167205,-21.04166835
1293.0,-66.87500535,-21.04166835
1266.0,-66.45833865,-21.04166835
1189.0,-68.12500545,-21.45833505
1211.0,-67.70833875,-21.45833505
1276.0,-67.29167205,-21.45833505
1146.0,-67.70833875,-21.87500175
1187.0,-67.70833875,-22.29166845
1203.0,-66.87500535,-23.12500185
1210.0,-66.45833865,-23.12500185
1132.0,-65.62500525,-23.54166855
1245.0,-67.29167205,-23.95833525
1166.0,-65.62500525,-23.95833525
1135.0,-65.62500525,-24.37500195
1171.0,-66.45833865,-24.79166865
1275.0,-66.04167195,-24.79166865
1212.0,-66.45833865,-25.20833535
1268.0,-66.45833865,-25.62500205
1285.0,-67.29167205,-26.04166875
1200.0,-67.29167205,-26.45833545
1254.0,-66.04167195,-26.45833545
1132.0,-65.62500525,-26.45833545
1171.0,-66.87500535,-26.87500215
1264.0,-66.45833865,-26.87500215
1347.0,-66.04167195,-26.87500215
1130.0,-68.54167215,-27.70833555
1420.0,-70.62500565,-28.12500225
-9999.0,-71.45833905,-29.37500235
-9999.0,-71.87500575,-30.20833575
-9999.0,-71.87500575,-30.62500245
-9999.0,-71.87500575,-31.04166915
-9999.0,-71.87500575,-31.45833585
-9999.0,-71.87500575,-31.87500255
-9999.0,-71.87500575,-32.29166925
-9999.0,-71.87500575,-32.70833595
1331.0,-68.54167215,-32.70833595
-9999.0,-71.87500575,-33.12500265
-9999.0,-71.87500575,-33.54166935
-9999.0,-72.29167245,-33.95833605
1331.0,-71.45833905,-33.95833605
-9999.0,-72.29167245,-34.37500275
1131.0,-70.20833895,-34.37500275
-9999.0,-72.29167245,-34.79166945
1203.0,-71.87500575,-34.79166945
-9999.0,-72.70833915,-35.20833615
1251.0,-72.29167245,-35.20833615
-9999.0,-72.70833915,-35.62500285
-9999.0,-73.12500585,-36.04166955
1073.0,-70.20833895,-36.04166955
1207.0,-69.79167225,-36.04166955
-9999.0,-73.54167255,-36.87500295
972.0,-73.54167255,-37.29166965
987.0,-73.12500585,-37.29166965
1072.0,-73.54167255,-37.70833635
876.0,-71.87500575,-38.12500305
-9999.0,-73.54167255,-38.54166975
-9999.0,-73.54167255,-38.95833645
-9999.0,-73.54167255,-39.37500315
871.0,-71.87500575,-39.37500315
937.0,-71.45833905,-39.37500315
-9999.0,-73.54167255,-39.79166985
939.0,-73.12500585,-39.79166985
753.0,-71.87500575,-39.79166985
824.0,-73.54167255,-40.20833655
975.0,-72.70833915,-40.20833655
-9999.0,-72.29167245,-40.20833655
979.0,-71.87500575,-40.20833655
830.0,-73.54167255,-40.62500325
808.0,-71.87500575,-40.62500325
860.0,-71.45833905,-40.62500325
929.0,-71.45833905,-41.45833665
1097.0,-70.20833895,-41.45833665
873.0,-71.87500575,-41.87500335
977.0,-71.45833905,-42.70833675
1225.0,-70.62500565,-42.70833675
1134.0,-70.20833895,-42.70833675
1097.0,-71.45833905,-46.04167035
