ISRICSOILGRIDS_new_average_phx10percent_reduced,x,y
-9999.0,100.62500805,76.87500615
-9999.0,88.12500705,75.62500605
61.0,90.20834055,74.79167265
57.0,91.04167395,74.79167265
61.0,96.87500775,74.79167265
58.0,89.79167385,74.37500595
58.0,90.62500725,74.37500595
62.0,93.95834085,74.37500595
60.0,100.20834135,73.95833925
63.0,102.29167485,73.54167255
66.0,-114.37500915,71.87500575
-9999.0,-154.37501235,71.45833905
-9999.0,-153.95834565,71.45833905
61.0,-115.62500925,71.45833905
64.0,-116.45834265,70.62500565
-9999.0,-114.37500915,70.62500565
-9999.0,-113.95834245,70.62500565
-9999.0,-140.62501125,70.20833895
65.0,-114.37500915,70.20833895
61.0,-147.70834515,69.79167225
68.0,-115.20834255,69.79167225
69.0,-114.37500915,69.79167225
66.0,-120.20834295,69.37500555
68.0,-113.95834245,69.37500555
55.0,-127.70834355,68.95833885
68.0,-118.12500945,68.95833885
-9999.0,-117.29167605,68.95833885
-9999.0,-114.79167585,68.95833885
54.0,-126.45834345,68.54167215
57.0,-139.79167785,68.12500545
-9999.0,-163.95834645,67.29167205
55.0,-139.37501115,67.29167205
54.0,-140.20834455,66.45833865
48.0,86.04167355,62.70833835
47.0,86.45834025,62.70833835
50.0,-164.79167985,62.29167165
49.0,85.62500685,62.29167165
49.0,84.79167345,61.87500495
48.0,85.20834015,61.87500495
49.0,85.62500685,61.87500495
50.0,86.04167355,61.87500495
49.0,86.45834025,61.87500495
49.0,86.87500695,61.87500495
49.0,84.37500675,61.45833825
48.0,84.79167345,61.45833825
48.0,85.20834015,61.45833825
48.0,85.62500685,61.45833825
48.0,86.04167355,61.45833825
49.0,86.45834025,61.45833825
49.0,86.87500695,61.45833825
48.0,87.29167365,61.45833825
49.0,87.70834035,61.45833825
48.0,83.54167335,61.04167155
50.0,83.95834005,61.04167155
49.0,84.37500675,61.04167155
45.0,84.79167345,61.04167155
49.0,85.20834015,61.04167155
46.0,85.62500685,61.04167155
49.0,86.04167355,61.04167155
49.0,86.45834025,61.04167155
50.0,86.87500695,61.04167155
48.0,87.29167365,61.04167155
49.0,87.70834035,61.04167155
48.0,88.12500705,61.04167155
57.0,-135.20834415,60.62500485
49.0,82.70833995,60.62500485
49.0,83.12500665,60.62500485
50.0,83.54167335,60.62500485
50.0,83.95834005,60.62500485
50.0,84.37500675,60.62500485
48.0,84.79167345,60.62500485
48.0,85.20834015,60.62500485
49.0,85.62500685,60.62500485
51.0,86.04167355,60.62500485
50.0,86.45834025,60.62500485
50.0,86.87500695,60.62500485
51.0,87.29167365,60.62500485
51.0,87.70834035,60.62500485
51.0,88.12500705,60.62500485
55.0,17.29166805,60.20833815
53.0,17.70833475,60.20833815
50.0,81.87500655,60.20833815
48.0,83.12500665,60.20833815
51.0,84.37500675,60.20833815
49.0,85.62500685,60.20833815
51.0,86.87500695,60.20833815
49.0,88.12500705,60.20833815
52.0,33.95833605,59.79167145
51.0,-156.45834585,59.37500475
52.0,-130.20834375,59.37500475
52.0,70.20833895,59.37500475
51.0,70.62500565,59.37500475
51.0,71.45833905,59.37500475
52.0,71.87500575,59.37500475
52.0,78.12500625,59.37500475
47.0,79.37500635,59.37500475
52.0,80.62500645,59.37500475
49.0,81.87500655,59.37500475
50.0,83.12500665,59.37500475
51.0,84.37500675,59.37500475
50.0,85.62500685,59.37500475
51.0,86.87500695,59.37500475
55.0,-156.45834585,58.95833805
55.0,-136.45834425,58.95833805
56.0,-132.70834395,58.95833805
56.0,62.29167165,58.95833805
50.0,76.87500615,58.95833805
52.0,78.12500625,58.95833805
52.0,79.37500635,58.95833805
54.0,80.62500645,58.95833805
52.0,81.87500655,58.95833805
50.0,83.12500665,58.95833805
51.0,84.37500675,58.95833805
50.0,85.62500685,58.95833805
48.0,86.87500695,58.95833805
57.0,-157.29167925,58.54167135
50.0,-128.12501025,58.54167135
-9999.0,18.12500145,58.54167135
51.0,49.79167065,58.54167135
52.0,50.62500405,58.54167135
52.0,59.79167145,58.54167135
55.0,69.79167225,58.54167135
52.0,71.04167235,58.54167135
52.0,72.29167245,58.54167135
50.0,73.54167255,58.54167135
50.0,74.79167265,58.54167135
50.0,76.04167275,58.54167135
52.0,76.45833945,58.54167135
51.0,76.87500615,58.54167135
51.0,77.29167285,58.54167135
52.0,77.70833955,58.54167135
52.0,78.12500625,58.54167135
52.0,78.54167295,58.54167135
51.0,78.95833965,58.54167135
52.0,79.37500635,58.54167135
50.0,79.79167305,58.54167135
53.0,80.20833975,58.54167135
55.0,80.62500645,58.54167135
55.0,81.04167315,58.54167135
52.0,81.45833985,58.54167135
56.0,81.87500655,58.54167135
59.0,82.29167325,58.54167135
52.0,82.70833995,58.54167135
52.0,83.12500665,58.54167135
51.0,83.54167335,58.54167135
51.0,83.95834005,58.54167135
49.0,84.37500675,58.54167135
51.0,84.79167345,58.54167135
56.0,85.20834015,58.54167135
54.0,85.62500685,58.54167135
53.0,86.04167355,58.54167135
52.0,86.45834025,58.54167135
51.0,86.87500695,58.54167135
51.0,87.29167365,58.54167135
56.0,96.04167435,58.54167135
-9999.0,19.79166825,58.12500465
55.0,49.79167065,58.12500465
52.0,59.79167145,58.12500465
55.0,60.62500485,58.12500465
62.0,68.54167215,58.12500465
55.0,68.95833885,58.12500465
56.0,69.37500555,58.12500465
55.0,69.79167225,58.12500465
55.0,70.20833895,58.12500465
52.0,70.62500565,58.12500465
54.0,71.04167235,58.12500465
52.0,72.29167245,58.12500465
52.0,72.70833915,58.12500465
53.0,73.12500585,58.12500465
53.0,73.54167255,58.12500465
54.0,73.95833925,58.12500465
51.0,74.37500595,58.12500465
51.0,74.79167265,58.12500465
53.0,75.20833935,58.12500465
52.0,75.62500605,58.12500465
50.0,76.04167275,58.12500465
56.0,76.45833945,58.12500465
53.0,78.54167295,58.12500465
52.0,78.95833965,58.12500465
54.0,82.29167325,58.12500465
53.0,82.70833995,58.12500465
58.0,83.12500665,58.12500465
53.0,83.54167335,58.12500465
53.0,83.95834005,58.12500465
53.0,84.37500675,58.12500465
51.0,84.79167345,58.12500465
53.0,85.20834015,58.12500465
52.0,85.62500685,58.12500465
52.0,86.04167355,58.12500465
52.0,86.45834025,58.12500465
52.0,86.87500695,58.12500465
52.0,87.29167365,58.12500465
56.0,94.79167425,58.12500465
-9999.0,19.79166825,57.70833795
57.0,45.20833695,57.70833795
53.0,45.62500365,57.70833795
60.0,50.20833735,57.70833795
52.0,54.79167105,57.70833795
59.0,68.54167215,57.70833795
57.0,72.29167245,57.70833795
54.0,73.54167255,57.70833795
56.0,74.79167265,57.70833795
53.0,83.12500665,57.70833795
61.0,83.54167335,57.70833795
60.0,83.95834005,57.70833795
53.0,84.37500675,57.70833795
51.0,84.79167345,57.70833795
53.0,85.20834015,57.70833795
54.0,85.62500685,57.70833795
52.0,86.04167355,57.70833795
54.0,86.45834025,57.70833795
53.0,86.87500695,57.70833795
54.0,87.29167365,57.70833795
55.0,91.87500735,57.70833795
55.0,92.70834075,57.70833795
57.0,93.54167415,57.70833795
59.0,-125.20834335,57.29167125
-9999.0,19.37500155,57.29167125
52.0,45.20833695,57.29167125
54.0,52.70833755,57.29167125
59.0,53.95833765,57.29167125
52.0,58.54167135,57.29167125
57.0,63.95833845,57.29167125
56.0,73.95833925,57.29167125
56.0,74.37500595,57.29167125
55.0,75.20833935,57.29167125
54.0,84.37500675,57.29167125
54.0,85.20834015,57.29167125
54.0,85.62500685,57.29167125
53.0,86.87500695,57.29167125
54.0,87.29167365,57.29167125
-9999.0,18.95833485,56.87500455
62.0,22.29166845,56.87500455
64.0,22.70833515,56.87500455
53.0,26.87500215,56.87500455
55.0,44.37500355,56.87500455
52.0,45.62500365,56.87500455
53.0,46.87500375,56.87500455
62.0,48.12500385,56.87500455
62.0,49.37500395,56.87500455
54.0,51.87500415,56.87500455
54.0,55.20833775,56.87500455
52.0,56.87500455,56.87500455
53.0,58.12500465,56.87500455
52.0,58.54167135,56.87500455
52.0,59.37500475,56.87500455
56.0,74.79167265,56.87500455
61.0,75.20833935,56.87500455
59.0,75.62500605,56.87500455
63.0,83.95834005,56.87500455
57.0,84.37500675,56.87500455
55.0,84.79167345,56.87500455
52.0,85.20834015,56.87500455
53.0,85.62500685,56.87500455
58.0,86.04167355,56.87500455
63.0,86.45834025,56.87500455
55.0,86.87500695,56.87500455
55.0,87.70834035,56.87500455
52.0,88.54167375,56.87500455
54.0,90.20834055,56.87500455
54.0,91.45834065,56.87500455
54.0,91.87500735,56.87500455
54.0,93.54167415,56.87500455
70.0,23.95833525,56.45833785
55.0,38.95833645,56.45833785
63.0,68.12500545,56.45833785
61.0,84.37500675,56.45833785
53.0,85.62500685,56.45833785
57.0,86.04167355,56.45833785
60.0,86.45834025,56.45833785
54.0,88.54167375,56.45833785
53.0,88.95834045,56.45833785
61.0,89.37500715,56.45833785
55.0,89.79167385,56.45833785
64.0,93.12500745,56.45833785
63.0,93.54167415,56.45833785
-9999.0,16.87500135,56.04167115
52.0,36.87500295,56.04167115
49.0,37.29166965,56.04167115
49.0,37.70833635,56.04167115
53.0,38.12500305,56.04167115
54.0,38.95833645,56.04167115
52.0,39.37500315,56.04167115
62.0,54.79167105,56.04167115
63.0,84.79167345,56.04167115
60.0,85.20834015,56.04167115
56.0,85.62500685,56.04167115
58.0,86.04167355,56.04167115
53.0,86.45834025,56.04167115
61.0,87.29167365,56.04167115
61.0,88.12500705,56.04167115
62.0,88.95834045,56.04167115
61.0,93.12500745,56.04167115
54.0,93.54167415,56.04167115
55.0,36.87500295,55.62500445
52.0,38.12500305,55.62500445
51.0,39.37500315,55.62500445
53.0,42.70833675,55.62500445
60.0,48.54167055,55.62500445
53.0,59.37500475,55.62500445
55.0,83.54167335,55.62500445
61.0,83.95834005,55.62500445
63.0,84.37500675,55.62500445
65.0,84.79167345,55.62500445
62.0,85.20834015,55.62500445
61.0,85.62500685,55.62500445
53.0,86.04167355,55.62500445
52.0,86.45834025,55.62500445
50.0,86.87500695,55.62500445
56.0,91.04167395,55.62500445
57.0,92.29167405,55.62500445
55.0,92.70834075,55.62500445
54.0,93.12500745,55.62500445
-9999.0,14.37500115,55.20833775
58.0,36.87500295,55.20833775
55.0,37.29166965,55.20833775
62.0,38.54166975,55.20833775
52.0,38.95833645,55.20833775
65.0,46.04167035,55.20833775
68.0,48.54167055,55.20833775
68.0,51.04167075,55.20833775
65.0,63.54167175,55.20833775
67.0,73.12500585,55.20833775
68.0,77.29167285,55.20833775
67.0,78.12500625,55.20833775
64.0,79.79167305,55.20833775
63.0,83.54167335,55.20833775
58.0,83.95834005,55.20833775
64.0,84.37500675,55.20833775
60.0,84.79167345,55.20833775
62.0,85.20834015,55.20833775
59.0,85.62500685,55.20833775
62.0,86.04167355,55.20833775
59.0,86.45834025,55.20833775
52.0,86.87500695,55.20833775
51.0,87.29167365,55.20833775
50.0,88.54167375,55.20833775
51.0,88.95834045,55.20833775
52.0,93.12500745,55.20833775
58.0,93.54167415,55.20833775
54.0,93.95834085,55.20833775
-9999.0,12.70833435,54.79167105
-9999.0,13.54166775,54.79167105
-9999.0,15.20833455,54.79167105
-9999.0,16.87500135,54.79167105
62.0,20.62500165,54.79167105
54.0,21.45833505,54.79167105
67.0,21.87500175,54.79167105
65.0,22.29166845,54.79167105
60.0,23.95833525,54.79167105
53.0,36.87500295,54.79167105
54.0,43.54167015,54.79167105
57.0,46.04167035,54.79167105
66.0,48.12500385,54.79167105
68.0,48.54167055,54.79167105
-9999.0,48.95833725,54.79167105
63.0,50.62500405,54.79167105
64.0,51.04167075,54.79167105
67.0,51.45833745,54.79167105
60.0,51.87500415,54.79167105
57.0,52.70833755,54.79167105
67.0,60.62500485,54.79167105
65.0,61.87500495,54.79167105
67.0,80.62500645,54.79167105
67.0,81.45833985,54.79167105
66.0,82.29167325,54.79167105
67.0,82.70833995,54.79167105
58.0,83.54167335,54.79167105
59.0,83.95834005,54.79167105
61.0,84.79167345,54.79167105
65.0,85.20834015,54.79167105
62.0,86.04167355,54.79167105
66.0,86.45834025,54.79167105
59.0,86.87500695,54.79167105
52.0,87.29167365,54.79167105
51.0,88.95834045,54.79167105
69.0,89.79167385,54.79167105
52.0,93.12500745,54.79167105
51.0,93.54167415,54.79167105
53.0,93.95834085,54.79167105
53.0,94.37500755,54.79167105
54.0,94.79167425,54.79167105
58.0,95.20834095,54.79167105
-9999.0,-3.95833364999999,54.37500435
60.0,36.87500295,54.37500435
63.0,37.29166965,54.37500435
68.0,51.04167075,54.37500435
69.0,69.37500555,54.37500435
69.0,81.45833985,54.37500435
65.0,81.87500655,54.37500435
57.0,82.29167325,54.37500435
66.0,82.70833995,54.37500435
64.0,83.12500665,54.37500435
66.0,83.54167335,54.37500435
63.0,83.95834005,54.37500435
61.0,84.37500675,54.37500435
54.0,85.20834015,54.37500435
60.0,85.62500685,54.37500435
65.0,86.45834025,54.37500435
53.0,87.70834035,54.37500435
51.0,88.12500705,54.37500435
53.0,88.54167375,54.37500435
50.0,88.95834045,54.37500435
55.0,89.37500715,54.37500435
60.0,92.70834075,54.37500435
55.0,93.12500745,54.37500435
55.0,93.54167415,54.37500435
50.0,94.37500755,54.37500435
50.0,94.79167425,54.37500435
49.0,95.20834095,54.37500435
57.0,36.87500295,53.95833765
66.0,39.79166985,53.95833765
62.0,41.87500335,53.95833765
53.0,57.29167125,53.95833765
71.0,68.54167215,53.95833765
71.0,81.04167315,53.95833765
64.0,81.45833985,53.95833765
58.0,82.70833995,53.95833765
59.0,83.12500665,53.95833765
62.0,84.37500675,53.95833765
54.0,85.62500685,53.95833765
61.0,86.45834025,53.95833765
63.0,86.87500695,53.95833765
60.0,87.29167365,53.95833765
52.0,88.12500705,53.95833765
51.0,88.54167375,53.95833765
50.0,88.95834045,53.95833765
52.0,89.37500715,53.95833765
61.0,89.79167385,53.95833765
69.0,91.87500735,53.95833765
51.0,93.95834085,53.95833765
50.0,94.79167425,53.95833765
49.0,95.20834095,53.95833765
-9999.0,-5.62500044999999,53.54167095
52.0,28.54166895,53.54167095
65.0,30.20833575,53.54167095
57.0,30.62500245,53.54167095
52.0,31.04166915,53.54167095
62.0,36.04166955,53.54167095
57.0,36.45833625,53.54167095
62.0,37.29166965,53.54167095
65.0,37.70833635,53.54167095
66.0,38.54166975,53.54167095
63.0,43.95833685,53.54167095
68.0,44.79167025,53.54167095
55.0,46.04167035,53.54167095
55.0,46.45833705,53.54167095
56.0,47.29167045,53.54167095
67.0,48.54167055,53.54167095
68.0,49.37500395,53.54167095
56.0,49.79167065,53.54167095
69.0,50.20833735,53.54167095
70.0,50.62500405,53.54167095
67.0,51.45833745,53.54167095
67.0,51.87500415,53.54167095
66.0,56.45833785,53.54167095
54.0,57.70833795,53.54167095
71.0,67.29167205,53.54167095
70.0,71.04167235,53.54167095
70.0,78.95833965,53.54167095
68.0,79.37500635,53.54167095
70.0,79.79167305,53.54167095
71.0,81.04167315,53.54167095
70.0,81.45833985,53.54167095
70.0,81.87500655,53.54167095
65.0,82.29167325,53.54167095
60.0,82.70833995,53.54167095
64.0,83.12500665,53.54167095
58.0,83.54167335,53.54167095
67.0,83.95834005,53.54167095
65.0,84.37500675,53.54167095
64.0,84.79167345,53.54167095
66.0,85.20834015,53.54167095
64.0,85.62500685,53.54167095
60.0,86.04167355,53.54167095
53.0,86.45834025,53.54167095
52.0,86.87500695,53.54167095
57.0,87.29167365,53.54167095
51.0,88.12500705,53.54167095
53.0,89.37500715,53.54167095
54.0,89.79167385,53.54167095
71.0,90.62500725,53.54167095
49.0,93.95834085,53.54167095
54.0,94.37500755,53.54167095
64.0,23.12500185,53.12500425
56.0,23.54166855,53.12500425
57.0,28.12500225,53.12500425
55.0,28.54166895,53.12500425
64.0,30.62500245,53.12500425
64.0,36.87500295,53.12500425
66.0,39.37500315,53.12500425
55.0,41.87500335,53.12500425
65.0,43.12500345,53.12500425
72.0,61.04167155,53.12500425
71.0,61.87500495,53.12500425
64.0,63.12500505,53.12500425
70.0,63.54167175,53.12500425
73.0,73.12500585,53.12500425
72.0,75.20833935,53.12500425
71.0,79.37500635,53.12500425
71.0,80.62500645,53.12500425
70.0,81.87500655,53.12500425
68.0,82.70833995,53.12500425
69.0,83.12500665,53.12500425
59.0,83.95834005,53.12500425
58.0,84.37500675,53.12500425
66.0,85.62500685,53.12500425
67.0,86.04167355,53.12500425
56.0,86.45834025,53.12500425
55.0,86.87500695,53.12500425
53.0,87.29167365,53.12500425
52.0,87.70834035,53.12500425
51.0,88.12500705,53.12500425
50.0,88.54167375,53.12500425
52.0,89.37500715,53.12500425
60.0,89.79167385,53.12500425
69.0,90.20834055,53.12500425
70.0,90.62500725,53.12500425
63.0,92.29167405,53.12500425
60.0,-116.45834265,52.70833755
-9999.0,-55.62500445,52.70833755
61.0,23.12500185,52.70833755
58.0,23.54166855,52.70833755
63.0,30.62500245,52.70833755
64.0,35.62500285,52.70833755
64.0,36.04166955,52.70833755
71.0,61.87500495,52.70833755
66.0,68.54167215,52.70833755
67.0,68.95833885,52.70833755
73.0,75.20833935,52.70833755
73.0,78.12500625,52.70833755
72.0,79.37500635,52.70833755
74.0,80.62500645,52.70833755
67.0,81.87500655,52.70833755
69.0,83.12500665,52.70833755
60.0,83.95834005,52.70833755
57.0,84.37500675,52.70833755
66.0,85.62500685,52.70833755
63.0,86.04167355,52.70833755
58.0,86.45834025,52.70833755
54.0,86.87500695,52.70833755
51.0,87.29167365,52.70833755
52.0,88.12500705,52.70833755
50.0,88.54167375,52.70833755
52.0,88.95834045,52.70833755
57.0,89.37500715,52.70833755
64.0,89.79167385,52.70833755
59.0,90.62500725,52.70833755
57.0,91.45834065,52.70833755
55.0,91.87500735,52.70833755
56.0,100.20834135,52.70833755
-9999.0,-55.62500445,52.29167085
-9999.0,-55.20833775,52.29167085
51.0,16.87500135,52.29167085
61.0,18.95833485,52.29167085
62.0,23.95833525,52.29167085
62.0,29.79166905,52.29167085
53.0,31.04166915,52.29167085
64.0,32.29166925,52.29167085
61.0,35.62500285,52.29167085
65.0,36.04166955,52.29167085
65.0,36.87500295,52.29167085
67.0,37.29166965,52.29167085
68.0,39.37500315,52.29167085
67.0,41.87500335,52.29167085
66.0,43.12500345,52.29167085
69.0,44.37500355,52.29167085
64.0,46.87500375,52.29167085
66.0,47.29167045,52.29167085
-9999.0,48.12500385,52.29167085
71.0,51.04167075,52.29167085
73.0,53.54167095,52.29167085
72.0,53.95833765,52.29167085
72.0,55.20833775,52.29167085
71.0,55.62500445,52.29167085
70.0,56.45833785,52.29167085
59.0,57.70833795,52.29167085
70.0,58.12500465,52.29167085
71.0,58.54167135,52.29167085
73.0,58.95833805,52.29167085
69.0,59.37500475,52.29167085
73.0,64.37500515,52.29167085
73.0,64.79167185,52.29167085
70.0,67.29167205,52.29167085
73.0,73.12500585,52.29167085
73.0,75.62500605,52.29167085
71.0,78.12500625,52.29167085
73.0,78.54167295,52.29167085
74.0,78.95833965,52.29167085
74.0,79.37500635,52.29167085
73.0,79.79167305,52.29167085
72.0,80.20833975,52.29167085
70.0,80.62500645,52.29167085
61.0,81.04167315,52.29167085
59.0,81.45833985,52.29167085
69.0,81.87500655,52.29167085
68.0,82.29167325,52.29167085
68.0,82.70833995,52.29167085
69.0,83.12500665,52.29167085
69.0,83.54167335,52.29167085
67.0,83.95834005,52.29167085
65.0,84.37500675,52.29167085
67.0,84.79167345,52.29167085
70.0,85.20834015,52.29167085
66.0,85.62500685,52.29167085
65.0,86.04167355,52.29167085
53.0,86.45834025,52.29167085
52.0,86.87500695,52.29167085
52.0,87.29167365,52.29167085
52.0,88.12500705,52.29167085
52.0,88.54167375,52.29167085
54.0,88.95834045,52.29167085
52.0,89.37500715,52.29167085
57.0,90.62500725,52.29167085
51.0,91.45834065,52.29167085
53.0,93.54167415,52.29167085
59.0,-116.04167595,51.87500415
-9999.0,-55.20833775,51.87500415
49.0,10.62500085,51.87500415
62.0,26.87500215,51.87500415
61.0,28.54166895,51.87500415
62.0,29.79166905,51.87500415
61.0,30.20833575,51.87500415
64.0,32.70833595,51.87500415
64.0,33.95833605,51.87500415
65.0,34.37500275,51.87500415
66.0,35.20833615,51.87500415
65.0,35.62500285,51.87500415
65.0,36.45833625,51.87500415
63.0,36.87500295,51.87500415
66.0,47.70833715,51.87500415
70.0,48.12500385,51.87500415
72.0,56.45833785,51.87500415
71.0,58.95833805,51.87500415
71.0,59.37500475,51.87500415
69.0,59.79167145,51.87500415
71.0,61.45833825,51.87500415
71.0,64.37500515,51.87500415
72.0,64.79167185,51.87500415
73.0,66.87500535,51.87500415
71.0,68.54167215,51.87500415
73.0,78.12500625,51.87500415
75.0,79.37500635,51.87500415
62.0,80.62500645,51.87500415
72.0,81.04167315,51.87500415
71.0,81.87500655,51.87500415
70.0,82.29167325,51.87500415
64.0,83.54167335,51.87500415
64.0,83.95834005,51.87500415
58.0,84.79167345,51.87500415
57.0,85.20834015,51.87500415
62.0,85.62500685,51.87500415
58.0,86.04167355,51.87500415
56.0,86.45834025,51.87500415
52.0,86.87500695,51.87500415
54.0,87.29167365,51.87500415
54.0,87.70834035,51.87500415
49.0,88.12500705,51.87500415
54.0,88.54167375,51.87500415
59.0,89.79167385,51.87500415
60.0,91.04167395,51.87500415
57.0,91.87500735,51.87500415
56.0,101.04167475,51.87500415
70.0,-111.04167555,51.45833745
52.0,-56.04167115,51.45833745
51.0,-55.62500445,51.45833745
-9999.0,-55.20833775,51.45833745
53.0,26.87500215,51.45833745
58.0,31.87500255,51.45833745
61.0,33.95833605,51.45833745
60.0,34.37500275,51.45833745
62.0,34.79166945,51.45833745
64.0,36.04166955,51.45833745
66.0,36.45833625,51.45833745
67.0,37.29166965,51.45833745
72.0,50.20833735,51.45833745
72.0,55.62500445,51.45833745
72.0,56.87500455,51.45833745
72.0,60.20833815,51.45833745
71.0,60.62500485,51.45833745
72.0,61.04167155,51.45833745
74.0,65.20833855,51.45833745
71.0,66.87500535,51.45833745
73.0,67.70833875,51.45833745
72.0,68.12500545,51.45833745
71.0,68.54167215,51.45833745
73.0,68.95833885,51.45833745
72.0,73.12500585,51.45833745
72.0,74.79167265,51.45833745
73.0,75.20833935,51.45833745
74.0,78.12500625,51.45833745
75.0,79.37500635,51.45833745
73.0,80.20833975,51.45833745
65.0,80.62500645,51.45833745
73.0,81.04167315,51.45833745
68.0,81.87500655,51.45833745
57.0,83.95834005,51.45833745
52.0,84.37500675,51.45833745
63.0,84.79167345,51.45833745
63.0,91.04167395,51.45833745
66.0,91.87500735,51.45833745
60.0,-115.20834255,51.04167075
67.0,-114.37500915,51.04167075
68.0,-103.95834165,51.04167075
51.0,-56.04167115,51.04167075
-9999.0,-55.62500445,51.04167075
-9999.0,-55.20833775,51.04167075
64.0,31.45833585,51.04167075
65.0,31.87500255,51.04167075
68.0,32.70833595,51.04167075
67.0,34.37500275,51.04167075
62.0,36.04166955,51.04167075
65.0,37.29166965,51.04167075
70.0,43.95833685,51.04167075
71.0,46.87500375,51.04167075
71.0,56.87500455,51.04167075
71.0,59.37500475,51.04167075
70.0,59.79167145,51.04167075
71.0,61.04167155,51.04167075
74.0,64.37500515,51.04167075
72.0,64.79167185,51.04167075
74.0,65.62500525,51.04167075
73.0,66.87500535,51.04167075
73.0,67.29167205,51.04167075
73.0,68.12500545,51.04167075
73.0,68.54167215,51.04167075
70.0,73.12500585,51.04167075
73.0,76.45833945,51.04167075
72.0,78.12500625,51.04167075
74.0,78.95833965,51.04167075
74.0,79.37500635,51.04167075
72.0,79.79167305,51.04167075
73.0,80.20833975,51.04167075
74.0,80.62500645,51.04167075
67.0,81.87500655,51.04167075
63.0,82.29167325,51.04167075
49.0,83.12500665,51.04167075
53.0,83.95834005,51.04167075
58.0,84.37500675,51.04167075
62.0,84.79167345,51.04167075
71.0,91.04167395,51.04167075
61.0,91.87500735,51.04167075
55.0,-115.62500925,50.62500405
72.0,-107.29167525,50.62500405
50.0,-63.95833845,50.62500405
-9999.0,-57.70833795,50.62500405
52.0,-57.29167125,50.62500405
49.0,-56.87500455,50.62500405
49.0,-56.45833785,50.62500405
-9999.0,-55.62500445,50.62500405
48.0,7.70833395,50.62500405
66.0,33.12500265,50.62500405
66.0,33.95833605,50.62500405
63.0,34.37500275,50.62500405
61.0,34.79166945,50.62500405
68.0,37.29166965,50.62500405
71.0,38.54166975,50.62500405
69.0,38.95833645,50.62500405
70.0,39.79166985,50.62500405
70.0,40.62500325,50.62500405
70.0,41.04166995,50.62500405
70.0,42.29167005,50.62500405
71.0,43.12500345,50.62500405
73.0,49.79167065,50.62500405
73.0,50.62500405,50.62500405
72.0,51.04167075,50.62500405
72.0,51.45833745,50.62500405
73.0,56.04167115,50.62500405
73.0,56.45833785,50.62500405
73.0,56.87500455,50.62500405
71.0,57.29167125,50.62500405
72.0,58.95833805,50.62500405
71.0,59.37500475,50.62500405
72.0,59.79167145,50.62500405
72.0,60.20833815,50.62500405
74.0,60.62500485,50.62500405
71.0,61.45833825,50.62500405
73.0,62.29167165,50.62500405
73.0,64.37500515,50.62500405
73.0,64.79167185,50.62500405
74.0,65.20833855,50.62500405
73.0,65.62500525,50.62500405
73.0,66.04167195,50.62500405
75.0,66.87500535,50.62500405
74.0,76.87500615,50.62500405
74.0,77.70833955,50.62500405
73.0,78.54167295,50.62500405
73.0,78.95833965,50.62500405
73.0,79.37500635,50.62500405
74.0,79.79167305,50.62500405
73.0,80.20833975,50.62500405
67.0,81.45833985,50.62500405
67.0,81.87500655,50.62500405
62.0,82.29167325,50.62500405
55.0,82.70833995,50.62500405
53.0,83.54167335,50.62500405
55.0,84.37500675,50.62500405
54.0,84.79167345,50.62500405
55.0,85.20834015,50.62500405
59.0,86.04167355,50.62500405
67.0,86.45834025,50.62500405
58.0,89.37500715,50.62500405
64.0,89.79167385,50.62500405
62.0,91.45834065,50.62500405
79.0,92.29167405,50.62500405
77.0,94.37500755,50.62500405
61.0,128.12501025,50.62500405
73.0,-106.87500855,50.20833735
-9999.0,-63.95833845,50.20833735
-9999.0,-57.70833795,50.20833735
48.0,-57.29167125,50.20833735
48.0,-56.87500455,50.20833735
-9999.0,-56.45833785,50.20833735
-9999.0,-56.04167115,50.20833735
-9999.0,-55.62500445,50.20833735
-9999.0,-55.20833775,50.20833735
50.0,5.62500045000002,50.20833735
56.0,6.87500055000001,50.20833735
68.0,7.29166724999999,50.20833735
65.0,10.62500085,50.20833735
50.0,19.37500155,50.20833735
58.0,19.79166825,50.20833735
62.0,20.62500165,50.20833735
52.0,26.04166875,50.20833735
61.0,26.45833545,50.20833735
52.0,27.29166885,50.20833735
56.0,27.70833555,50.20833735
53.0,28.95833565,50.20833735
64.0,29.37500235,50.20833735
62.0,29.79166905,50.20833735
68.0,33.12500265,50.20833735
68.0,33.54166935,50.20833735
69.0,37.29166965,50.20833735
72.0,49.79167065,50.20833735
73.0,50.20833735,50.20833735
73.0,57.70833795,50.20833735
73.0,58.95833805,50.20833735
71.0,59.37500475,50.20833735
72.0,60.62500485,50.20833735
73.0,61.04167155,50.20833735
74.0,66.87500535,50.20833735
74.0,68.12500545,50.20833735
72.0,70.62500565,50.20833735
73.0,76.87500615,50.20833735
74.0,77.29167285,50.20833735
77.0,78.12500625,50.20833735
75.0,78.95833965,50.20833735
71.0,79.37500635,50.20833735
75.0,79.79167305,50.20833735
72.0,81.87500655,50.20833735
50.0,83.95834005,50.20833735
51.0,84.37500675,50.20833735
52.0,84.79167345,50.20833735
54.0,85.20834015,50.20833735
78.0,91.87500735,50.20833735
63.0,127.70834355,50.20833735
72.0,-106.87500855,49.79167065
49.0,-57.70833795,49.79167065
-9999.0,-54.79167105,49.79167065
52.0,8.95833404999999,49.79167065
57.0,11.45833425,49.79167065
59.0,21.87500175,49.79167065
56.0,22.29166845,49.79167065
61.0,22.70833515,49.79167065
60.0,23.12500185,49.79167065
62.0,23.54166855,49.79167065
61.0,23.95833525,49.79167065
65.0,24.37500195,49.79167065
56.0,24.79166865,49.79167065
63.0,25.20833535,49.79167065
64.0,25.62500205,49.79167065
63.0,26.87500215,49.79167065
65.0,28.54166895,49.79167065
69.0,40.62500325,49.79167065
72.0,47.29167045,49.79167065
73.0,49.79167065,49.79167065
73.0,56.87500455,49.79167065
71.0,58.12500465,49.79167065
72.0,59.37500475,49.79167065
74.0,59.79167145,49.79167065
72.0,60.20833815,49.79167065
73.0,60.62500485,49.79167065
73.0,61.45833825,49.79167065
74.0,66.04167195,49.79167065
74.0,66.87500535,49.79167065
74.0,74.37500595,49.79167065
72.0,74.79167265,49.79167065
71.0,75.20833935,49.79167065
72.0,75.62500605,49.79167065
73.0,76.04167275,49.79167065
74.0,76.87500615,49.79167065
73.0,77.70833955,49.79167065
73.0,80.20833975,49.79167065
73.0,81.04167315,49.79167065
71.0,81.87500655,49.79167065
65.0,84.37500675,49.79167065
59.0,84.79167345,49.79167065
52.0,85.62500685,49.79167065
51.0,86.04167355,49.79167065
66.0,91.45834065,49.79167065
77.0,94.37500755,49.79167065
58.0,136.04167755,49.79167065
61.0,136.45834425,49.79167065
62.0,136.87501095,49.79167065
51.0,-57.70833795,49.37500395
47.0,-56.45833785,49.37500395
45.0,-55.62500445,49.37500395
45.0,-55.20833775,49.37500395
50.0,11.87500095,49.37500395
57.0,19.37500155,49.37500395
58.0,19.79166825,49.37500395
55.0,20.20833495,49.37500395
56.0,23.12500185,49.37500395
63.0,24.79166865,49.37500395
66.0,25.20833535,49.37500395
59.0,28.54166895,49.37500395
63.0,32.70833595,49.37500395
69.0,38.12500305,49.37500395
73.0,58.54167135,49.37500395
73.0,59.37500475,49.37500395
75.0,59.79167145,49.37500395
75.0,60.20833815,49.37500395
74.0,60.62500485,49.37500395
75.0,61.04167155,49.37500395
75.0,66.04167195,49.37500395
75.0,66.45833865,49.37500395
73.0,66.87500535,49.37500395
71.0,74.79167265,49.37500395
73.0,75.20833935,49.37500395
72.0,75.62500605,49.37500395
72.0,76.04167275,49.37500395
74.0,76.87500615,49.37500395
74.0,77.29167285,49.37500395
73.0,77.70833955,49.37500395
76.0,79.79167305,49.37500395
76.0,80.20833975,49.37500395
72.0,81.87500655,49.37500395
67.0,84.37500675,49.37500395
65.0,84.79167345,49.37500395
66.0,85.20834015,49.37500395
64.0,86.45834025,49.37500395
62.0,88.12500705,49.37500395
65.0,94.37500755,49.37500395
58.0,134.79167745,49.37500395
58.0,135.20834415,49.37500395
62.0,135.62501085,49.37500395
60.0,136.04167755,49.37500395
61.0,136.45834425,49.37500395
67.0,-113.12500905,48.95833725
50.0,-56.45833785,48.95833725
46.0,-55.62500445,48.95833725
74.0,49.79167065,48.95833725
76.0,59.79167145,48.95833725
74.0,60.62500485,48.95833725
76.0,65.62500525,48.95833725
76.0,68.12500545,48.95833725
74.0,69.37500555,48.95833725
74.0,75.20833935,48.95833725
73.0,75.62500605,48.95833725
73.0,76.04167275,48.95833725
72.0,76.87500615,48.95833725
70.0,81.87500655,48.95833725
55.0,85.20834015,48.95833725
56.0,86.04167355,48.95833725
57.0,86.45834025,48.95833725
56.0,86.87500695,48.95833725
63.0,88.12500705,48.95833725
59.0,133.54167735,48.95833725
58.0,134.37501075,48.95833725
60.0,135.20834415,48.95833725
59.0,135.62501085,48.95833725
53.0,13.95833445,48.54167055
58.0,22.70833515,48.54167055
52.0,23.54166855,48.54167055
65.0,26.04166875,48.54167055
75.0,57.29167125,48.54167055
74.0,59.79167145,48.54167055
75.0,71.04167235,48.54167055
78.0,89.79167385,48.54167055
80.0,90.62500725,48.54167055
62.0,132.29167725,48.54167055
60.0,133.12501065,48.54167055
62.0,134.37501075,48.54167055
60.0,135.20834415,48.54167055
52.0,-113.12500905,48.12500385
71.0,-101.87500815,48.12500385
63.0,5.62500045000002,48.12500385
64.0,7.29166724999999,48.12500385
52.0,10.62500085,48.12500385
72.0,21.87500175,48.12500385
63.0,22.29166845,48.12500385
55.0,24.37500195,48.12500385
58.0,24.79166865,48.12500385
68.0,36.87500295,48.12500385
76.0,50.20833735,48.12500385
74.0,57.29167125,48.12500385
76.0,59.79167145,48.12500385
75.0,66.45833865,48.12500385
75.0,74.37500595,48.12500385
77.0,91.04167395,48.12500385
67.0,92.70834075,48.12500385
62.0,131.87501055,48.12500385
63.0,132.29167725,48.12500385
61.0,132.70834395,48.12500385
61.0,133.12501065,48.12500385
62.0,133.54167735,48.12500385
61.0,133.95834405,48.12500385
62.0,134.37501075,48.12500385
59.0,134.79167745,48.12500385
68.0,-120.20834295,47.70833715
51.0,10.62500085,47.70833715
51.0,11.04166755,47.70833715
59.0,22.29166845,47.70833715
57.0,23.95833525,47.70833715
61.0,24.37500195,47.70833715
51.0,24.79166865,47.70833715
59.0,25.20833535,47.70833715
70.0,34.79166945,47.70833715
71.0,35.62500285,47.70833715
69.0,36.04166955,47.70833715
78.0,50.20833735,47.70833715
78.0,50.62500405,47.70833715
78.0,51.04167075,47.70833715
79.0,51.45833745,47.70833715
80.0,52.70833755,47.70833715
77.0,56.87500455,47.70833715
77.0,57.29167125,47.70833715
78.0,57.70833795,47.70833715
76.0,58.12500465,47.70833715
76.0,58.54167135,47.70833715
74.0,58.95833805,47.70833715
75.0,60.20833815,47.70833715
78.0,60.62500485,47.70833715
79.0,85.62500685,47.70833715
76.0,92.70834075,47.70833715
63.0,131.04167715,47.70833715
64.0,131.45834385,47.70833715
63.0,131.87501055,47.70833715
63.0,132.29167725,47.70833715
64.0,132.70834395,47.70833715
64.0,133.12501065,47.70833715
63.0,133.54167735,47.70833715
63.0,133.95834405,47.70833715
67.0,-110.62500885,47.29167045
53.0,8.95833404999999,47.29167045
63.0,24.37500195,47.29167045
58.0,24.79166865,47.29167045
-9999.0,40.20833655,47.29167045
79.0,53.54167095,47.29167045
76.0,53.95833765,47.29167045
78.0,54.37500435,47.29167045
75.0,58.95833805,47.29167045
77.0,60.20833815,47.29167045
77.0,60.62500485,47.29167045
76.0,66.04167195,47.29167045
75.0,84.37500675,47.29167045
71.0,85.20834015,47.29167045
80.0,86.45834025,47.29167045
74.0,91.45834065,47.29167045
65.0,131.04167715,47.29167045
67.0,132.29167725,47.29167045
66.0,132.70834395,47.29167045
76.0,-118.95834285,46.87500375
60.0,-113.12500905,46.87500375
66.0,3.54166695000001,46.87500375
-9999.0,6.87500055000001,46.87500375
55.0,7.70833395,46.87500375
56.0,8.12500065,46.87500375
78.0,53.54167095,46.87500375
78.0,65.62500525,46.87500375
76.0,66.04167195,46.87500375
75.0,66.87500535,46.87500375
77.0,67.29167205,46.87500375
75.0,81.04167315,46.87500375
69.0,84.79167345,46.87500375
81.0,91.04167395,46.87500375
82.0,92.70834075,46.87500375
66.0,93.12500745,46.87500375
71.0,132.29167725,46.87500375
68.0,132.70834395,46.87500375
71.0,-117.70834275,46.45833705
61.0,5.62500045000002,46.45833705
55.0,15.62500125,46.45833705
67.0,16.87500135,46.45833705
63.0,17.29166805,46.45833705
69.0,17.70833475,46.45833705
67.0,24.37500195,46.45833705
59.0,25.20833535,46.45833705
69.0,39.37500315,46.45833705
70.0,40.62500325,46.45833705
72.0,41.87500335,46.45833705
78.0,53.54167095,46.45833705
78.0,53.95833765,46.45833705
78.0,54.37500435,46.45833705
78.0,66.87500535,46.45833705
77.0,67.29167205,46.45833705
66.0,132.70834395,46.45833705
59.0,133.95834405,46.45833705
58.0,-0.208333350000004,46.04167035
54.0,8.54166735000001,46.04167035
57.0,8.95833404999999,46.04167035
67.0,11.45833425,46.04167035
56.0,14.79166785,46.04167035
62.0,16.45833465,46.04167035
64.0,17.29166805,46.04167035
60.0,24.37500195,46.04167035
67.0,24.79166865,46.04167035
61.0,25.62500205,46.04167035
69.0,27.70833555,46.04167035
68.0,38.54166975,46.04167035
68.0,38.95833645,46.04167035
67.0,39.37500315,46.04167035
68.0,39.79166985,46.04167035
69.0,40.20833655,46.04167035
70.0,40.62500325,46.04167035
70.0,41.04166995,46.04167035
73.0,41.87500335,46.04167035
79.0,53.54167095,46.04167035
79.0,53.95833765,46.04167035
79.0,54.37500435,46.04167035
79.0,54.79167105,46.04167035
79.0,83.54167335,46.04167035
74.0,84.37500675,46.04167035
79.0,84.79167345,46.04167035
80.0,91.45834065,46.04167035
80.0,92.29167405,46.04167035
64.0,133.12501065,46.04167035
63.0,133.54167735,46.04167035
68.0,-116.87500935,45.62500365
57.0,-113.12500905,45.62500365
78.0,-112.70834235,45.62500365
71.0,-0.208333350000004,45.62500365
56.0,0.625000050000011,45.62500365
57.0,1.04166674999999,45.62500365
53.0,1.87500015000001,45.62500365
53.0,2.29166685000001,45.62500365
60.0,2.70833354999999,45.62500365
65.0,3.12500025,45.62500365
60.0,5.62500045000002,45.62500365
63.0,10.20833415,45.62500365
64.0,10.62500085,45.62500365
63.0,11.04166755,45.62500365
71.0,11.87500095,45.62500365
54.0,16.45833465,45.62500365
55.0,23.12500185,45.62500365
54.0,24.37500195,45.62500365
60.0,26.04166875,45.62500365
74.0,27.29166885,45.62500365
70.0,38.95833645,45.62500365
69.0,39.37500315,45.62500365
68.0,39.79166985,45.62500365
70.0,41.04166995,45.62500365
72.0,43.12500345,45.62500365
79.0,66.45833865,45.62500365
78.0,66.87500535,45.62500365
77.0,67.70833875,45.62500365
74.0,80.20833975,45.62500365
82.0,91.87500735,45.62500365
81.0,92.70834075,45.62500365
54.0,-116.04167595,45.20833695
75.0,-107.29167525,45.20833695
59.0,2.70833354999999,45.20833695
70.0,9.79166745000001,45.20833695
75.0,11.04166755,45.20833695
75.0,11.45833425,45.20833695
72.0,26.87500215,45.20833695
71.0,29.37500235,45.20833695
69.0,39.37500315,45.20833695
78.0,66.87500535,45.20833695
62.0,79.79167305,45.20833695
-9999.0,132.29167725,45.20833695
-9999.0,132.70834395,45.20833695
62.0,133.12501065,45.20833695
67.0,-112.29167565,44.79167025
59.0,3.12500025,44.79167025
52.0,4.37500034999999,44.79167025
70.0,7.70833395,44.79167025
62.0,15.20833455,44.79167025
59.0,16.04166795,44.79167025
62.0,17.29166805,44.79167025
65.0,24.79166865,44.79167025
67.0,25.62500205,44.79167025
70.0,26.45833545,44.79167025
74.0,26.87500215,44.79167025
63.0,39.37500315,44.79167025
69.0,41.04166995,44.79167025
76.0,44.37500355,44.79167025
77.0,44.79167025,44.79167025
-9999.0,132.29167725,44.79167025
63.0,132.70834395,44.79167025
61.0,133.12501065,44.79167025
64.0,-103.54167495,44.37500355
67.0,1.04166674999999,44.37500355
58.0,3.95833365000001,44.37500355
68.0,11.04166755,44.37500355
-9999.0,14.37500115,44.37500355
62.0,14.79166785,44.37500355
61.0,18.12500145,44.37500355
67.0,20.20833495,44.37500355
68.0,23.12500185,44.37500355
70.0,24.79166865,44.37500355
-9999.0,29.79166905,44.37500355
64.0,41.04166995,44.37500355
77.0,66.87500535,44.37500355
58.0,135.62501085,44.37500355
-9999.0,136.04167755,44.37500355
65.0,-114.79167585,43.95833685
54.0,-110.62500885,43.95833685
72.0,1.04166674999999,43.95833685
70.0,1.87500015000001,43.95833685
63.0,2.29166685000001,43.95833685
61.0,2.70833354999999,43.95833685
64.0,3.54166695000001,43.95833685
73.0,16.04166795,43.95833685
61.0,19.37500155,43.95833685
72.0,23.12500185,43.95833685
73.0,23.54166855,43.95833685
74.0,23.95833525,43.95833685
69.0,24.79166865,43.95833685
71.0,25.62500205,43.95833685
74.0,26.04166875,43.95833685
52.0,40.20833655,43.95833685
53.0,41.04166995,43.95833685
67.0,41.87500335,43.95833685
73.0,44.37500355,43.95833685
-9999.0,48.12500385,43.95833685
65.0,83.54167335,43.95833685
63.0,84.37500675,43.95833685
66.0,85.20834015,43.95833685
80.0,85.62500685,43.95833685
79.0,86.04167355,43.95833685
82.0,92.29167405,43.95833685
67.0,-115.62500925,43.54167015
82.0,-108.95834205,43.54167015
76.0,-108.12500865,43.54167015
-9999.0,-5.20833375000001,43.54167015
-9999.0,-3.54166695000001,43.54167015
62.0,3.12500025,43.54167015
72.0,4.79166705,43.54167015
73.0,6.45833385,43.54167015
-9999.0,8.12500065,43.54167015
-9999.0,10.20833415,43.54167015
76.0,16.45833465,43.54167015
63.0,19.79166825,43.54167015
68.0,24.37500195,43.54167015
52.0,40.20833655,43.54167015
51.0,40.62500325,43.54167015
53.0,41.87500335,43.54167015
61.0,42.29167005,43.54167015
-9999.0,47.70833715,43.54167015
-9999.0,48.12500385,43.54167015
81.0,80.20833975,43.54167015
80.0,80.62500645,43.54167015
70.0,83.54167335,43.54167015
66.0,84.37500675,43.54167015
62.0,84.79167345,43.54167015
63.0,86.45834025,43.54167015
63.0,86.87500695,43.54167015
79.0,-107.70834195,43.12500345
60.0,-6.87500055000001,43.12500345
61.0,-6.04166714999999,43.12500345
59.0,-5.62500044999999,43.12500345
61.0,-5.20833375000001,43.12500345
59.0,-3.54166695000001,43.12500345
58.0,-2.29166684999998,43.12500345
63.0,1.04166674999999,43.12500345
64.0,1.87500015000001,43.12500345
72.0,2.29166685000001,43.12500345
75.0,2.70833354999999,43.12500345
75.0,6.04166714999999,43.12500345
-9999.0,7.29166724999999,43.12500345
62.0,10.62500085,43.12500345
69.0,13.12500105,43.12500345
-9999.0,14.37500115,43.12500345
69.0,16.87500135,43.12500345
65.0,17.29166805,43.12500345
65.0,20.20833495,43.12500345
63.0,20.62500165,43.12500345
69.0,21.87500175,43.12500345
70.0,26.87500215,43.12500345
52.0,41.45833665,43.12500345
55.0,42.29167005,43.12500345
56.0,42.70833675,43.12500345
56.0,43.12500345,43.12500345
-9999.0,48.12500385,43.12500345
66.0,80.62500645,43.12500345
74.0,81.04167315,43.12500345
81.0,81.87500655,43.12500345
59.0,83.12500665,43.12500345
61.0,83.54167335,43.12500345
61.0,84.37500675,43.12500345
79.0,85.20834015,43.12500345
66.0,131.87501055,43.12500345
56.0,132.70834395,43.12500345
52.0,133.54167735,43.12500345
59.0,134.37501075,43.12500345
-9999.0,134.79167745,43.12500345
77.0,-107.70834195,42.70833675
73.0,-106.45834185,42.70833675
72.0,-106.04167515,42.70833675
74.0,-103.12500825,42.70833675
66.0,-98.54167455,42.70833675
-9999.0,10.62500085,42.70833675
-9999.0,16.04166795,42.70833675
64.0,20.62500165,42.70833675
64.0,21.87500175,42.70833675
59.0,24.37500195,42.70833675
57.0,25.20833535,42.70833675
71.0,26.87500215,42.70833675
54.0,41.87500335,42.70833675
52.0,42.70833675,42.70833675
60.0,43.95833685,42.70833675
58.0,44.79167025,42.70833675
59.0,45.20833695,42.70833675
68.0,46.04167035,42.70833675
60.0,81.04167315,42.70833675
60.0,81.87500655,42.70833675
67.0,82.29167325,42.70833675
64.0,131.04167715,42.70833675
59.0,133.12501065,42.70833675
-9999.0,133.54167735,42.70833675
-9999.0,133.95834405,42.70833675
73.0,-116.87500935,42.29167005
75.0,-115.62500925,42.29167005
74.0,-106.45834185,42.29167005
66.0,-105.62500845,42.29167005
70.0,-98.54167455,42.29167005
67.0,-6.04166714999999,42.29167005
70.0,-5.62500044999999,42.29167005
69.0,-5.20833375000001,42.29167005
78.0,-1.87500015000001,42.29167005
77.0,-1.45833345,42.29167005
74.0,-1.04166674999999,42.29167005
60.0,-0.208333350000004,42.29167005
68.0,0.208333350000004,42.29167005
74.0,3.12500025,42.29167005
-9999.0,14.79166785,42.29167005
-9999.0,15.20833455,42.29167005
-9999.0,17.70833475,42.29167005
-9999.0,18.12500145,42.29167005
58.0,21.04166835,42.29167005
70.0,21.87500175,42.29167005
73.0,24.37500195,42.29167005
75.0,24.79166865,42.29167005
69.0,26.45833545,42.29167005
65.0,26.87500215,42.29167005
58.0,45.20833695,42.29167005
63.0,130.62501045,42.29167005
76.0,-104.79167505,41.87500335
69.0,-100.62500805,41.87500335
66.0,-99.79167465,41.87500335
69.0,-96.04167435,41.87500335
64.0,-6.04166714999999,41.87500335
74.0,-5.62500044999999,41.87500335
78.0,-1.45833345,41.87500335
77.0,-1.04166674999999,41.87500335
78.0,-0.625000050000011,41.87500335
78.0,-0.208333350000004,41.87500335
78.0,0.208333350000004,41.87500335
71.0,0.625000050000011,41.87500335
77.0,1.04166674999999,41.87500335
74.0,1.45833345,41.87500335
60.0,13.54166775,41.87500335
77.0,14.79166785,41.87500335
75.0,15.20833455,41.87500335
62.0,24.37500195,41.87500335
63.0,24.79166865,41.87500335
70.0,25.62500205,41.87500335
75.0,26.04166875,41.87500335
66.0,47.70833715,41.87500335
76.0,122.70834315,41.87500335
73.0,123.12500985,41.87500335
59.0,-121.87500975,41.45833665
57.0,-106.45834185,41.45833665
74.0,-104.79167505,41.45833665
63.0,-97.29167445,41.45833665
78.0,-1.45833345,41.45833665
79.0,-1.04166674999999,41.45833665
79.0,-0.625000050000011,41.45833665
80.0,-0.208333350000004,41.45833665
81.0,0.208333350000004,41.45833665
80.0,0.625000050000011,41.45833665
78.0,1.87500015000001,41.45833665
-9999.0,8.54166735000001,41.45833665
-9999.0,8.95833404999999,41.45833665
65.0,12.70833435,41.45833665
72.0,13.95833445,41.45833665
73.0,14.79166785,41.45833665
77.0,15.20833455,41.45833665
78.0,15.62500125,41.45833665
-9999.0,19.37500155,41.45833665
71.0,21.45833505,41.45833665
69.0,22.29166845,41.45833665
76.0,22.70833515,41.45833665
69.0,23.12500185,41.45833665
63.0,25.20833535,41.45833665
71.0,25.62500205,41.45833665
67.0,26.04166875,41.45833665
71.0,26.45833545,41.45833665
73.0,26.87500215,41.45833665
74.0,27.70833555,41.45833665
57.0,28.12500225,41.45833665
-9999.0,28.95833565,41.45833665
-9999.0,29.79166905,41.45833665
-9999.0,30.20833575,41.45833665
82.0,79.37500635,41.45833665
82.0,80.20833975,41.45833665
78.0,122.29167645,41.45833665
73.0,122.70834315,41.45833665
70.0,-108.95834205,41.04166995
56.0,-106.87500855,41.04166995
69.0,-105.62500845,41.04166995
64.0,-98.12500785,41.04166995
73.0,-5.62500044999999,41.04166995
72.0,-5.20833375000001,41.04166995
72.0,-2.29166684999998,41.04166995
74.0,-1.87500015000001,41.04166995
74.0,-1.45833345,41.04166995
69.0,-1.04166674999999,41.04166995
75.0,-0.625000050000011,41.04166995
80.0,-0.208333350000004,41.04166995
78.0,0.208333350000004,41.04166995
-9999.0,2.29166685000001,41.04166995
-9999.0,8.12500065,41.04166995
-9999.0,8.54166735000001,41.04166995
65.0,8.95833404999999,41.04166995
-9999.0,13.12500105,41.04166995
-9999.0,18.12500145,41.04166995
-9999.0,19.37500155,41.04166995
56.0,21.87500175,41.04166995
76.0,22.70833515,41.04166995
77.0,23.54166855,41.04166995
74.0,23.95833525,41.04166995
75.0,24.79166865,41.04166995
66.0,26.04166875,41.04166995
73.0,26.87500215,41.04166995
73.0,27.70833555,41.04166995
65.0,44.79167025,41.04166995
73.0,45.20833695,41.04166995
75.0,46.04167035,41.04166995
73.0,48.54167055,41.04166995
66.0,77.29167285,41.04166995
62.0,77.70833955,41.04166995
82.0,79.37500635,41.04166995
75.0,121.87500975,41.04166995
-9999.0,141.45834465,41.04166995
55.0,-110.20834215,40.62500325
63.0,-106.87500855,40.62500325
63.0,-6.45833385,40.62500325
62.0,-6.04166714999999,40.62500325
66.0,-5.62500044999999,40.62500325
66.0,-5.20833375000001,40.62500325
73.0,-4.79166705,40.62500325
67.0,-3.95833364999999,40.62500325
75.0,-3.54166695000001,40.62500325
73.0,-0.625000050000011,40.62500325
75.0,-0.208333350000004,40.62500325
-9999.0,8.12500065,40.62500325
70.0,8.95833404999999,40.62500325
62.0,9.37500075,40.62500325
-9999.0,9.79166745000001,40.62500325
-9999.0,10.20833415,40.62500325
-9999.0,13.95833445,40.62500325
-9999.0,14.79166785,40.62500325
68.0,17.29166805,40.62500325
-9999.0,18.54166815,40.62500325
-9999.0,18.95833485,40.62500325
75.0,19.37500155,40.62500325
68.0,21.87500175,40.62500325
74.0,22.29166845,40.62500325
78.0,22.70833515,40.62500325
69.0,23.12500185,40.62500325
-9999.0,23.54166855,40.62500325
73.0,26.87500215,40.62500325
-9999.0,27.29166885,40.62500325
66.0,27.70833555,40.62500325
-9999.0,28.54166895,40.62500325
66.0,28.95833565,40.62500325
63.0,29.79166905,40.62500325
56.0,30.20833575,40.62500325
66.0,46.04167035,40.62500325
-9999.0,50.62500405,40.62500325
80.0,66.87500535,40.62500325
76.0,76.87500615,40.62500325
77.0,77.29167285,40.62500325
82.0,78.54167295,40.62500325
-9999.0,129.79167705,40.62500325
-9999.0,141.45834465,40.62500325
-9999.0,141.87501135,40.62500325
80.0,-112.70834235,40.20833655
75.0,-105.20834175,40.20833655
62.0,-6.45833385,40.20833655
65.0,-6.04166714999999,40.20833655
62.0,-5.62500044999999,40.20833655
64.0,-5.20833375000001,40.20833655
66.0,-4.79166705,40.20833655
74.0,-1.04166674999999,40.20833655
75.0,-0.625000050000011,40.20833655
71.0,-0.208333350000004,40.20833655
-9999.0,3.12500025,40.20833655
-9999.0,3.54166695000001,40.20833655
-9999.0,3.95833365000001,40.20833655
-9999.0,4.37500034999999,40.20833655
-9999.0,8.12500065,40.20833655
67.0,8.54166735000001,40.20833655
70.0,8.95833404999999,40.20833655
69.0,9.37500075,40.20833655
-9999.0,18.95833485,40.20833655
-9999.0,19.37500155,40.20833655
-9999.0,22.70833515,40.20833655
-9999.0,23.12500185,40.20833655
-9999.0,26.45833545,40.20833655
66.0,26.87500215,40.20833655
70.0,27.70833555,40.20833655
70.0,28.54166895,40.20833655
72.0,28.95833565,40.20833655
80.0,48.54167055,40.20833655
-9999.0,49.79167065,40.20833655
-9999.0,50.62500405,40.20833655
79.0,54.37500435,40.20833655
79.0,65.20833855,40.20833655
80.0,75.20833935,40.20833655
77.0,75.62500605,40.20833655
82.0,76.04167275,40.20833655
82.0,76.87500615,40.20833655
81.0,77.70833955,40.20833655
82.0,78.12500625,40.20833655
57.0,140.62501125,40.20833655
-9999.0,142.29167805,40.20833655
82.0,-109.79167545,39.79166985
58.0,-8.12500065,39.79166985
60.0,-7.70833395,39.79166985
63.0,-7.29166724999999,39.79166985
66.0,-6.87500055000001,39.79166985
63.0,-6.45833385,39.79166985
64.0,-6.04166714999999,39.79166985
63.0,-5.20833375000001,39.79166985
78.0,-2.29166684999998,39.79166985
71.0,-1.45833345,39.79166985
72.0,-1.04166674999999,39.79166985
77.0,-0.208333350000004,39.79166985
-9999.0,0.208333350000004,39.79166985
-9999.0,2.29166685000001,39.79166985
67.0,2.70833354999999,39.79166985
74.0,3.12500025,39.79166985
-9999.0,3.54166695000001,39.79166985
-9999.0,3.95833365000001,39.79166985
-9999.0,4.37500034999999,39.79166985
-9999.0,4.79166705,39.79166985
68.0,8.54166735000001,39.79166985
70.0,8.95833404999999,39.79166985
66.0,9.37500075,39.79166985
-9999.0,16.87500135,39.79166985
-9999.0,18.95833485,39.79166985
-9999.0,19.37500155,39.79166985
68.0,20.20833495,39.79166985
74.0,26.45833545,39.79166985
62.0,26.87500215,39.79166985
70.0,27.70833555,39.79166985
67.0,28.95833565,39.79166985
72.0,38.12500305,39.79166985
79.0,44.79167025,39.79166985
70.0,46.87500375,39.79166985
-9999.0,52.70833755,39.79166985
81.0,54.37500435,39.79166985
80.0,54.79167105,39.79166985
-9999.0,64.79167185,39.79166985
80.0,65.20833855,39.79166985
77.0,66.87500535,39.79166985
81.0,74.37500595,39.79166985
82.0,74.79167265,39.79166985
80.0,75.20833935,39.79166985
-9999.0,121.04167635,39.79166985
67.0,123.54167655,39.79166985
-9999.0,128.54167695,39.79166985
52.0,140.20834455,39.79166985
51.0,141.87501135,39.79166985
83.0,-113.12500905,39.37500315
62.0,-94.37500755,39.37500315
62.0,-7.70833395,39.37500315
61.0,-7.29166724999999,39.37500315
65.0,-6.87500055000001,39.37500315
64.0,-6.45833385,39.37500315
66.0,-6.04166714999999,39.37500315
67.0,-5.20833375000001,39.37500315
68.0,-4.79166705,39.37500315
74.0,-3.54166695000001,39.37500315
80.0,-3.12500025,39.37500315
77.0,-0.625000050000011,39.37500315
-9999.0,-0.208333350000004,39.37500315
-9999.0,2.70833354999999,39.37500315
75.0,3.12500025,39.37500315
-9999.0,3.54166695000001,39.37500315
-9999.0,8.12500065,39.37500315
74.0,8.95833404999999,39.37500315
67.0,9.37500075,39.37500315
-9999.0,17.29166805,39.37500315
-9999.0,19.79166825,39.37500315
-9999.0,20.20833495,39.37500315
-9999.0,25.62500205,39.37500315
-9999.0,26.45833545,39.37500315
59.0,27.29166885,39.37500315
66.0,27.70833555,39.37500315
74.0,28.12500225,39.37500315
75.0,37.70833635,39.37500315
75.0,38.12500305,39.37500315
80.0,48.95833725,39.37500315
79.0,64.79167185,39.37500315
81.0,65.20833855,39.37500315
81.0,65.62500525,39.37500315
72.0,66.87500535,39.37500315
75.0,74.37500595,39.37500315
83.0,75.20833935,39.37500315
81.0,75.62500605,39.37500315
81.0,91.04167395,39.37500315
-9999.0,121.04167635,39.37500315
72.0,122.29167645,39.37500315
-9999.0,122.70834315,39.37500315
-9999.0,123.12500985,39.37500315
51.0,140.62501125,39.37500315
-9999.0,142.29167805,39.37500315
71.0,-121.87500975,38.95833645
77.0,-113.54167575,38.95833645
65.0,-8.12500065,38.95833645
63.0,-7.70833395,38.95833645
64.0,-7.29166724999999,38.95833645
70.0,-6.87500055000001,38.95833645
73.0,-6.45833385,38.95833645
74.0,-6.04166714999999,38.95833645
69.0,-5.20833375000001,38.95833645
77.0,-2.29166684999998,38.95833645
-9999.0,1.87500015000001,38.95833645
-9999.0,3.12500025,38.95833645
-9999.0,8.54166735000001,38.95833645
74.0,8.95833404999999,38.95833645
-9999.0,9.79166745000001,38.95833645
-9999.0,15.20833455,38.95833645
-9999.0,16.04166795,38.95833645
-9999.0,17.29166805,38.95833645
-9999.0,20.62500165,38.95833645
70.0,21.45833505,38.95833645
70.0,22.70833515,38.95833645
74.0,23.12500185,38.95833645
-9999.0,23.54166855,38.95833645
-9999.0,25.20833535,38.95833645
-9999.0,25.62500205,38.95833645
67.0,26.87500215,38.95833645
75.0,27.70833555,38.95833645
78.0,33.12500265,38.95833645
77.0,33.54166935,38.95833645
76.0,37.70833635,38.95833645
76.0,47.29167045,38.95833645
81.0,56.45833785,38.95833645
80.0,63.95833845,38.95833645
79.0,64.37500515,38.95833645
80.0,64.79167185,38.95833645
80.0,65.20833855,38.95833645
79.0,65.62500525,38.95833645
80.0,77.70833955,38.95833645
63.0,78.12500625,38.95833645
70.0,121.87500975,38.95833645
-9999.0,122.29167645,38.95833645
-9999.0,122.70834315,38.95833645
-9999.0,123.12500985,38.95833645
-9999.0,123.54167655,38.95833645
-9999.0,139.37501115,38.95833645
50.0,140.20834455,38.95833645
52.0,140.62501125,38.95833645
55.0,141.04167795,38.95833645
-9999.0,141.87501135,38.95833645
83.0,-117.70834275,38.54166975
83.0,-117.29167605,38.54166975
77.0,-116.87500935,38.54166975
78.0,-116.45834265,38.54166975
86.0,-116.04167595,38.54166975
80.0,-109.79167545,38.54166975
65.0,-7.70833395,38.54166975
69.0,-7.29166724999999,38.54166975
64.0,-6.87500055000001,38.54166975
73.0,-6.45833385,38.54166975
66.0,-6.04166714999999,38.54166975
66.0,-5.20833375000001,38.54166975
69.0,-3.95833364999999,38.54166975
69.0,-2.70833354999999,38.54166975
71.0,-2.29166684999998,38.54166975
81.0,-1.45833345,38.54166975
79.0,-0.208333350000004,38.54166975
-9999.0,1.45833345,38.54166975
-9999.0,1.87500015000001,38.54166975
66.0,16.04166795,38.54166975
-9999.0,16.87500135,38.54166975
-9999.0,20.62500165,38.54166975
69.0,21.04166835,38.54166975
-9999.0,21.45833505,38.54166975
-9999.0,25.62500205,38.54166975
72.0,26.04166875,38.54166975
66.0,26.45833545,38.54166975
-9999.0,26.87500215,38.54166975
74.0,27.70833555,38.54166975
72.0,28.95833565,38.54166975
75.0,29.37500235,38.54166975
78.0,33.12500265,38.54166975
78.0,53.95833765,38.54166975
80.0,54.37500435,38.54166975
79.0,63.95833845,38.54166975
78.0,64.37500515,38.54166975
79.0,64.79167185,38.54166975
80.0,65.20833855,38.54166975
80.0,65.62500525,38.54166975
80.0,77.29167285,38.54166975
76.0,77.70833955,38.54166975
63.0,78.12500625,38.54166975
81.0,95.62500765,38.54166975
-9999.0,120.62500965,38.54166975
-9999.0,121.04167635,38.54166975
-9999.0,121.45834305,38.54166975
-9999.0,124.37500995,38.54166975
-9999.0,139.37501115,38.54166975
52.0,139.79167785,38.54166975
59.0,141.04167795,38.54166975
69.0,-121.87500975,38.12500305
81.0,-117.70834275,38.12500305
85.0,-117.29167605,38.12500305
83.0,-116.87500935,38.12500305
57.0,-106.87500855,38.12500305
-9999.0,-8.95833404999999,38.12500305
63.0,-8.54166735000001,38.12500305
70.0,-8.12500065,38.12500305
68.0,-7.70833395,38.12500305
67.0,-7.29166724999999,38.12500305
63.0,-6.45833385,38.12500305
69.0,-6.04166714999999,38.12500305
66.0,-5.62500044999999,38.12500305
66.0,-5.20833375000001,38.12500305
68.0,-4.79166705,38.12500305
69.0,-4.37500034999999,38.12500305
68.0,-3.95833364999999,38.12500305
76.0,-3.54166695000001,38.12500305
78.0,-3.12500025,38.12500305
67.0,-2.70833354999999,38.12500305
75.0,-2.29166684999998,38.12500305
76.0,-1.45833345,38.12500305
-9999.0,16.45833465,38.12500305
-9999.0,16.87500135,38.12500305
-9999.0,20.20833495,38.12500305
71.0,20.62500165,38.12500305
-9999.0,21.04166835,38.12500305
72.0,21.45833505,38.12500305
69.0,21.87500175,38.12500305
-9999.0,22.70833515,38.12500305
-9999.0,26.04166875,38.12500305
72.0,27.70833555,38.12500305
74.0,28.12500225,38.12500305
68.0,28.54166895,38.12500305
70.0,28.95833565,38.12500305
75.0,29.79166905,38.12500305
79.0,53.95833765,38.12500305
79.0,63.54167175,38.12500305
79.0,64.37500515,38.12500305
80.0,64.79167185,38.12500305
80.0,65.20833855,38.12500305
80.0,65.62500525,38.12500305
64.0,71.45833905,38.12500305
76.0,72.29167245,38.12500305
64.0,73.12500585,38.12500305
81.0,76.04167275,38.12500305
80.0,95.62500765,38.12500305
82.0,96.87500775,38.12500305
72.0,98.12500785,38.12500305
71.0,98.54167455,38.12500305
72.0,98.95834125,38.12500305
66.0,100.20834135,38.12500305
-9999.0,138.54167775,38.12500305
-9999.0,138.95834445,38.12500305
52.0,139.79167785,38.12500305
53.0,140.20834455,38.12500305
53.0,140.62501125,38.12500305
-9999.0,141.04167795,38.12500305
-9999.0,141.45834465,38.12500305
70.0,-109.79167545,37.70833635
64.0,-7.70833395,37.70833635
67.0,-7.29166724999999,37.70833635
69.0,-6.87500055000001,37.70833635
64.0,-6.45833385,37.70833635
65.0,-6.04166714999999,37.70833635
66.0,-5.62500044999999,37.70833635
76.0,-5.20833375000001,37.70833635
77.0,-4.79166705,37.70833635
77.0,-4.37500034999999,37.70833635
77.0,-3.95833364999999,37.70833635
74.0,-3.54166695000001,37.70833635
80.0,-2.29166684999998,37.70833635
79.0,-1.87500015000001,37.70833635
81.0,-1.45833345,37.70833635
-9999.0,8.95833404999999,37.70833635
-9999.0,9.37500075,37.70833635
-9999.0,9.79166745000001,37.70833635
75.0,12.70833435,37.70833635
75.0,13.12500105,37.70833635
73.0,13.54166775,37.70833635
73.0,13.95833445,37.70833635
73.0,14.37500115,37.70833635
-9999.0,15.62500125,37.70833635
-9999.0,16.04166795,37.70833635
-9999.0,16.45833465,37.70833635
-9999.0,20.62500165,37.70833635
-9999.0,21.04166835,37.70833635
72.0,21.87500175,37.70833635
68.0,28.12500225,37.70833635
62.0,28.54166895,37.70833635
80.0,33.54166935,37.70833635
74.0,41.87500335,37.70833635
79.0,45.20833695,37.70833635
81.0,54.37500435,37.70833635
80.0,62.29167165,37.70833635
79.0,62.70833835,37.70833635
80.0,63.54167175,37.70833635
67.0,71.04167235,37.70833635
78.0,72.29167245,37.70833635
68.0,72.70833915,37.70833635
80.0,73.12500585,37.70833635
84.0,97.29167445,37.70833635
78.0,98.54167455,37.70833635
-9999.0,121.45834305,37.70833635
-9999.0,122.29167645,37.70833635
-9999.0,124.79167665,37.70833635
-9999.0,125.20834335,37.70833635
-9999.0,125.62501005,37.70833635
-9999.0,137.70834435,37.70833635
-9999.0,138.12501105,37.70833635
-9999.0,138.54167775,37.70833635
55.0,139.37501115,37.70833635
51.0,139.79167785,37.70833635
52.0,140.62501125,37.70833635
-9999.0,141.04167795,37.70833635
75.0,-118.54167615,37.29166965
80.0,-118.12500945,37.29166965
81.0,-110.20834215,37.29166965
80.0,-109.79167545,37.29166965
82.0,-109.37500875,37.29166965
74.0,-6.45833385,37.29166965
77.0,-6.04166714999999,37.29166965
73.0,-5.62500044999999,37.29166965
78.0,-5.20833375000001,37.29166965
76.0,-4.79166705,37.29166965
79.0,-4.37500034999999,37.29166965
73.0,-3.95833364999999,37.29166965
80.0,-1.87500015000001,37.29166965
-9999.0,-1.45833345,37.29166965
-9999.0,3.12500025,37.29166965
-9999.0,3.54166695000001,37.29166965
-9999.0,3.95833365000001,37.29166965
-9999.0,4.37500034999999,37.29166965
-9999.0,4.79166705,37.29166965
-9999.0,5.20833375000001,37.29166965
-9999.0,5.62500045000002,37.29166965
-9999.0,6.04166714999999,37.29166965
-9999.0,6.45833385,37.29166965
-9999.0,7.70833395,37.29166965
73.0,9.79166745000001,37.29166965
-9999.0,13.12500105,37.29166965
75.0,13.54166775,37.29166965
76.0,13.95833445,37.29166965
-9999.0,15.20833455,37.29166965
-9999.0,21.45833505,37.29166965
65.0,49.37500395,37.29166965
65.0,49.79167065,37.29166965
65.0,50.20833735,37.29166965
-9999.0,53.95833765,37.29166965
81.0,54.37500435,37.29166965
79.0,61.45833825,37.29166965
79.0,61.87500495,37.29166965
79.0,62.29167165,37.29166965
79.0,62.70833835,37.29166965
80.0,63.95833845,37.29166965
68.0,71.04167235,37.29166965
72.0,71.45833905,37.29166965
65.0,71.87500575,37.29166965
64.0,72.70833915,37.29166965
73.0,73.12500585,37.29166965
66.0,73.54167255,37.29166965
79.0,74.37500595,37.29166965
79.0,98.95834125,37.29166965
68.0,121.45834305,37.29166965
67.0,122.29167645,37.29166965
-9999.0,138.12501105,37.29166965
53.0,138.54167775,37.29166965
56.0,138.95834445,37.29166965
51.0,139.79167785,37.29166965
56.0,140.20834455,37.29166965
52.0,140.62501125,37.29166965
-9999.0,141.04167795,37.29166965
77.0,-110.62500885,36.87500295
80.0,-110.20834215,36.87500295
72.0,-106.04167515,36.87500295
-9999.0,-8.12500065,36.87500295
-9999.0,-6.45833385,36.87500295
78.0,-6.04166714999999,36.87500295
77.0,-5.62500044999999,36.87500295
70.0,-4.37500034999999,36.87500295
68.0,-3.95833364999999,36.87500295
70.0,-3.54166695000001,36.87500295
70.0,-3.12500025,36.87500295
-9999.0,-1.87500015000001,36.87500295
-9999.0,0.625000050000011,36.87500295
-9999.0,1.04166674999999,36.87500295
-9999.0,1.45833345,36.87500295
-9999.0,1.87500015000001,36.87500295
-9999.0,2.29166685000001,36.87500295
-9999.0,3.12500025,36.87500295
-9999.0,3.54166695000001,36.87500295
67.0,4.37500034999999,36.87500295
63.0,4.79166705,36.87500295
-9999.0,6.04166714999999,36.87500295
60.0,6.45833385,36.87500295
73.0,7.29166724999999,36.87500295
71.0,7.70833395,36.87500295
65.0,8.12500065,36.87500295
-9999.0,13.95833445,36.87500295
-9999.0,14.37500115,36.87500295
74.0,14.79166785,36.87500295
-9999.0,15.62500125,36.87500295
-9999.0,21.45833505,36.87500295
66.0,29.37500235,36.87500295
71.0,31.04166915,36.87500295
79.0,48.95833725,36.87500295
64.0,49.79167065,36.87500295
68.0,50.20833735,36.87500295
-9999.0,51.04167075,36.87500295
-9999.0,53.54167095,36.87500295
-9999.0,53.95833765,36.87500295
79.0,54.37500435,36.87500295
77.0,58.12500465,36.87500295
79.0,58.54167135,36.87500295
80.0,58.95833805,36.87500295
78.0,60.20833815,36.87500295
80.0,62.70833835,36.87500295
71.0,72.29167245,36.87500295
61.0,72.70833915,36.87500295
59.0,73.54167255,36.87500295
61.0,74.37500595,36.87500295
80.0,78.95833965,36.87500295
70.0,121.45834305,36.87500295
-9999.0,121.87500975,36.87500295
69.0,122.29167645,36.87500295
-9999.0,122.70834315,36.87500295
-9999.0,136.45834425,36.87500295
52.0,137.70834435,36.87500295
51.0,138.12501105,36.87500295
51.0,140.20834455,36.87500295
53.0,140.62501125,36.87500295
-9999.0,141.04167795,36.87500295
79.0,-117.70834275,36.45833625
69.0,-5.20833375000001,36.45833625
-9999.0,-4.37500034999999,36.45833625
-9999.0,-3.95833364999999,36.45833625
-9999.0,-2.70833354999999,36.45833625
-9999.0,-0.208333350000004,36.45833625
68.0,2.29166685000001,36.45833625
64.0,3.12500025,36.45833625
67.0,3.54166695000001,36.45833625
66.0,3.95833365000001,36.45833625
69.0,4.37500034999999,36.45833625
69.0,4.79166705,36.45833625
75.0,5.20833375000001,36.45833625
72.0,6.45833385,36.45833625
74.0,7.70833395,36.45833625
75.0,8.54166735000001,36.45833625
74.0,8.95833404999999,36.45833625
77.0,9.37500075,36.45833625
78.0,10.20833415,36.45833625
75.0,10.62500085,36.45833625
-9999.0,14.37500115,36.45833625
-9999.0,24.37500195,36.45833625
-9999.0,24.79166865,36.45833625
72.0,29.37500235,36.45833625
-9999.0,30.62500245,36.45833625
-9999.0,31.04166915,36.45833625
78.0,41.87500335,36.45833625
77.0,49.37500395,36.45833625
74.0,49.79167065,36.45833625
74.0,50.20833735,36.45833625
72.0,50.62500405,36.45833625
69.0,51.04167075,36.45833625
75.0,51.45833745,36.45833625
65.0,51.87500415,36.45833625
69.0,52.29167085,36.45833625
72.0,52.70833755,36.45833625
77.0,58.95833805,36.45833625
68.0,71.04167235,36.45833625
61.0,71.87500575,36.45833625
68.0,72.29167245,36.45833625
72.0,74.37500595,36.45833625
75.0,88.54167375,36.45833625
77.0,88.95834045,36.45833625
73.0,90.62500725,36.45833625
80.0,91.04167395,36.45833625
82.0,95.62500765,36.45833625
84.0,96.04167435,36.45833625
70.0,120.62500965,36.45833625
-9999.0,121.04167635,36.45833625
-9999.0,121.45834305,36.45833625
-9999.0,133.54167735,36.45833625
59.0,136.45834425,36.45833625
55.0,138.12501105,36.45833625
53.0,138.54167775,36.45833625
52.0,140.20834455,36.45833625
70.0,-118.12500945,36.04166955
79.0,-117.70834275,36.04166955
64.0,-106.87500855,36.04166955
-9999.0,-6.45833385,36.04166955
70.0,-5.62500044999999,36.04166955
-9999.0,-5.20833375000001,36.04166955
-9999.0,-0.208333350000004,36.04166955
73.0,0.208333350000004,36.04166955
79.0,0.625000050000011,36.04166955
79.0,1.04166674999999,36.04166955
78.0,8.54166735000001,36.04166955
-9999.0,14.37500115,36.04166955
-9999.0,14.79166785,36.04166955
-9999.0,28.12500225,36.04166955
-9999.0,29.37500235,36.04166955
-9999.0,29.79166905,36.04166955
-9999.0,30.20833575,36.04166955
-9999.0,30.62500245,36.04166955
-9999.0,33.12500265,36.04166955
81.0,39.79166985,36.04166955
78.0,49.79167065,36.04166955
79.0,50.20833735,36.04166955
78.0,50.62500405,36.04166955
74.0,51.04167075,36.04166955
63.0,51.45833745,36.04166955
65.0,51.87500415,36.04166955
75.0,52.29167085,36.04166955
72.0,52.70833755,36.04166955
79.0,59.79167145,36.04166955
80.0,61.87500495,36.04166955
78.0,63.12500505,36.04166955
71.0,71.04167235,36.04166955
70.0,71.87500575,36.04166955
64.0,72.70833915,36.04166955
67.0,73.12500585,36.04166955
68.0,76.87500615,36.04166955
79.0,77.29167285,36.04166955
81.0,88.12500705,36.04166955
83.0,88.54167375,36.04166955
77.0,91.87500735,36.04166955
84.0,92.29167405,36.04166955
80.0,93.54167415,36.04166955
75.0,93.95834085,36.04166955
-9999.0,121.04167635,36.04166955
50.0,136.04167755,36.04166955
55.0,136.45834425,36.04166955
62.0,139.37501115,36.04166955
-9999.0,141.04167795,36.04166955
74.0,-118.95834285,35.62500285
76.0,-115.20834255,35.62500285
-9999.0,-6.45833385,35.62500285
-9999.0,-1.87500015000001,35.62500285
-9999.0,-1.45833345,35.62500285
80.0,-0.208333350000004,35.62500285
79.0,7.70833395,35.62500285
79.0,9.37500075,35.62500285
-9999.0,14.79166785,35.62500285
-9999.0,23.12500185,35.62500285
-9999.0,23.95833525,35.62500285
-9999.0,24.37500195,35.62500285
-9999.0,24.79166865,35.62500285
-9999.0,25.62500205,35.62500285
-9999.0,33.12500265,35.62500285
77.0,51.04167075,35.62500285
78.0,51.45833745,35.62500285
79.0,51.87500415,35.62500285
77.0,52.29167085,35.62500285
79.0,52.70833755,35.62500285
79.0,58.12500465,35.62500285
79.0,58.54167135,35.62500285
80.0,58.95833805,35.62500285
79.0,59.37500475,35.62500285
80.0,60.20833815,35.62500285
78.0,65.20833855,35.62500285
59.0,71.04167235,35.62500285
70.0,71.87500575,35.62500285
62.0,73.12500585,35.62500285
69.0,73.54167255,35.62500285
-9999.0,133.12501065,35.62500285
-9999.0,133.95834405,35.62500285
52.0,134.79167745,35.62500285
53.0,135.20834415,35.62500285
58.0,136.04167755,35.62500285
50.0,136.87501095,35.62500285
54.0,138.95834445,35.62500285
59.0,139.37501115,35.62500285
61.0,139.79167785,35.62500285
56.0,140.20834455,35.62500285
-9999.0,140.62501125,35.62500285
-9999.0,141.04167795,35.62500285
-9999.0,-121.04167635,35.20833615
78.0,-118.95834285,35.20833615
76.0,-102.29167485,35.20833615
71.0,-5.62500044999999,35.20833615
63.0,-5.20833375000001,35.20833615
66.0,-4.79166705,35.20833615
-9999.0,-2.29166684999998,35.20833615
-9999.0,-1.87500015000001,35.20833615
80.0,0.625000050000011,35.20833615
80.0,11.04166755,35.20833615
64.0,24.79166865,35.20833615
74.0,25.20833535,35.20833615
72.0,25.62500205,35.20833615
-9999.0,32.29166925,35.20833615
-9999.0,32.70833595,35.20833615
79.0,33.12500265,35.20833615
-9999.0,34.79166945,35.20833615
78.0,49.79167065,35.20833615
79.0,51.04167075,35.20833615
77.0,52.29167085,35.20833615
80.0,57.29167125,35.20833615
80.0,58.54167135,35.20833615
80.0,61.04167155,35.20833615
63.0,71.45833905,35.20833615
55.0,72.70833915,35.20833615
75.0,77.29167285,35.20833615
75.0,77.70833955,35.20833615
75.0,78.12500625,35.20833615
66.0,101.87500815,35.20833615
73.0,102.29167485,35.20833615
74.0,102.70834155,35.20833615
80.0,107.29167525,35.20833615
79.0,107.70834195,35.20833615
79.0,108.12500865,35.20833615
79.0,109.37500875,35.20833615
-9999.0,119.79167625,35.20833615
-9999.0,132.29167725,35.20833615
54.0,132.70834395,35.20833615
50.0,133.54167735,35.20833615
51.0,133.95834405,35.20833615
52.0,135.62501085,35.20833615
-9999.0,136.04167755,35.20833615
54.0,136.45834425,35.20833615
53.0,137.29167765,35.20833615
50.0,137.70834435,35.20833615
-9999.0,139.79167785,35.20833615
-9999.0,-121.04167635,34.79166945
-9999.0,-6.87500055000001,34.79166945
-9999.0,-6.45833385,34.79166945
70.0,-5.62500044999999,34.79166945
67.0,-5.20833375000001,34.79166945
74.0,-4.37500034999999,34.79166945
71.0,-3.95833364999999,34.79166945
79.0,-3.54166695000001,34.79166945
78.0,-3.12500025,34.79166945
80.0,-1.87500015000001,34.79166945
76.0,-1.04166674999999,34.79166945
80.0,1.87500015000001,34.79166945
81.0,2.29166685000001,34.79166945
80.0,2.70833354999999,34.79166945
82.0,6.04166714999999,34.79166945
-9999.0,11.04166755,34.79166945
-9999.0,23.95833525,34.79166945
-9999.0,24.79166865,34.79166945
-9999.0,25.20833535,34.79166945
-9999.0,33.54166935,34.79166945
-9999.0,34.37500275,34.79166945
79.0,49.79167065,34.79166945
78.0,51.87500415,34.79166945
78.0,52.29167085,34.79166945
77.0,56.87500455,34.79166945
79.0,57.29167125,34.79166945
-9999.0,57.70833795,34.79166945
78.0,63.54167175,34.79166945
61.0,72.70833915,34.79166945
77.0,78.12500625,34.79166945
73.0,99.79167465,34.79166945
73.0,103.12500825,34.79166945
77.0,107.29167525,34.79166945
76.0,107.70834195,34.79166945
77.0,108.12500865,34.79166945
78.0,108.54167535,34.79166945
80.0,108.95834205,34.79166945
-9999.0,119.37500955,34.79166945
-9999.0,119.79167625,34.79166945
-9999.0,120.20834295,34.79166945
-9999.0,131.45834385,34.79166945
-9999.0,131.87501055,34.79166945
51.0,132.29167725,34.79166945
58.0,133.54167735,34.79166945
59.0,133.95834405,34.79166945
63.0,135.62501085,34.79166945
56.0,136.87501095,34.79166945
57.0,138.12501105,34.79166945
-9999.0,138.54167775,34.79166945
53.0,138.95834445,34.79166945
-9999.0,-6.87500055000001,34.37500275
75.0,-6.45833385,34.37500275
72.0,-6.04166714999999,34.37500275
73.0,-5.62500044999999,34.37500275
72.0,-5.20833375000001,34.37500275
75.0,-4.79166705,34.37500275
77.0,-4.37500034999999,34.37500275
76.0,-3.95833364999999,34.37500275
80.0,-3.12500025,34.37500275
79.0,-0.625000050000011,34.37500275
78.0,1.87500015000001,34.37500275
80.0,2.70833354999999,34.37500275
81.0,3.54166695000001,34.37500275
81.0,3.95833365000001,34.37500275
82.0,4.79166705,34.37500275
83.0,6.87500055000001,34.37500275
82.0,7.29166724999999,34.37500275
-9999.0,33.12500265,34.37500275
-9999.0,35.20833615,34.37500275
65.0,36.04166955,34.37500275
79.0,50.20833735,34.37500275
78.0,51.87500415,34.37500275
77.0,52.29167085,34.37500275
78.0,52.70833755,34.37500275
75.0,53.12500425,34.37500275
77.0,53.54167095,34.37500275
76.0,53.95833765,34.37500275
78.0,56.45833785,34.37500275
78.0,56.87500455,34.37500275
79.0,57.29167125,34.37500275
79.0,57.70833795,34.37500275
79.0,63.54167175,34.37500275
56.0,74.79167265,34.37500275
62.0,76.04167275,34.37500275
70.0,102.29167485,34.37500275
68.0,102.70834155,34.37500275
67.0,103.12500825,34.37500275
78.0,108.54167535,34.37500275
81.0,108.95834205,34.37500275
75.0,118.95834285,34.37500275
74.0,119.37500955,34.37500275
-9999.0,125.62501005,34.37500275
-9999.0,126.45834345,34.37500275
53.0,131.87501055,34.37500275
53.0,132.29167725,34.37500275
58.0,132.70834395,34.37500275
58.0,133.12501065,34.37500275
60.0,134.79167745,34.37500275
52.0,136.45834425,34.37500275
53.0,136.87501095,34.37500275
-9999.0,137.70834435,34.37500275
-9999.0,138.54167775,34.37500275
-9999.0,-7.70833395,33.95833605
-9999.0,-7.29166724999999,33.95833605
73.0,-6.87500055000001,33.95833605
74.0,-6.45833385,33.95833605
76.0,-6.04166714999999,33.95833605
75.0,-5.62500044999999,33.95833605
75.0,-5.20833375000001,33.95833605
81.0,-0.625000050000011,33.95833605
81.0,0.208333350000004,33.95833605
79.0,0.625000050000011,33.95833605
79.0,2.29166685000001,33.95833605
81.0,2.70833354999999,33.95833605
82.0,3.12500025,33.95833605
82.0,3.54166695000001,33.95833605
81.0,3.95833365000001,33.95833605
81.0,4.37500034999999,33.95833605
82.0,5.20833375000001,33.95833605
79.0,6.04166714999999,33.95833605
79.0,6.45833385,33.95833605
79.0,6.87500055000001,33.95833605
80.0,7.29166724999999,33.95833605
81.0,7.70833395,33.95833605
81.0,8.54166735000001,33.95833605
-9999.0,10.20833415,33.95833605
78.0,49.79167065,33.95833605
78.0,52.29167085,33.95833605
78.0,53.54167095,33.95833605
78.0,54.79167105,33.95833605
77.0,56.04167115,33.95833605
78.0,57.29167125,33.95833605
79.0,58.54167135,33.95833605
64.0,78.95833965,33.95833605
70.0,94.37500755,33.95833605
70.0,102.70834155,33.95833605
65.0,103.12500825,33.95833605
-9999.0,126.45834345,33.95833605
-9999.0,129.37501035,33.95833605
-9999.0,130.20834375,33.95833605
-9999.0,131.04167715,33.95833605
-9999.0,131.45834385,33.95833605
-9999.0,132.29167725,33.95833605
-9999.0,133.12501065,33.95833605
56.0,133.54167735,33.95833605
49.0,133.95834405,33.95833605
53.0,135.20834415,33.95833605
51.0,135.62501085,33.95833605
51.0,136.04167755,33.95833605
-9999.0,136.87501095,33.95833605
-9999.0,139.37501115,33.95833605
77.0,-7.70833395,33.54166935
74.0,-5.62500044999999,33.54166935
81.0,0.625000050000011,33.54166935
81.0,3.54166695000001,33.54166935
81.0,4.79166705,33.54166935
82.0,6.87500055000001,33.54166935
77.0,46.45833705,33.54166935
80.0,52.70833755,33.54166935
79.0,53.12500425,33.54166935
78.0,53.54167095,33.54166935
77.0,53.95833765,33.54166935
78.0,54.37500435,33.54166935
78.0,54.79167105,33.54166935
78.0,55.20833775,33.54166935
77.0,55.62500445,33.54166935
77.0,56.04167115,33.54166935
78.0,56.45833785,33.54166935
79.0,56.87500455,33.54166935
78.0,57.29167125,33.54166935
78.0,57.70833795,33.54166935
79.0,58.95833805,33.54166935
79.0,59.37500475,33.54166935
63.0,74.37500595,33.54166935
73.0,78.12500625,33.54166935
82.0,78.95833965,33.54166935
84.0,88.54167375,33.54166935
66.0,91.04167395,33.54166935
75.0,92.29167405,33.54166935
71.0,94.37500755,33.54166935
62.0,94.79167425,33.54166935
66.0,96.45834105,33.54166935
62.0,98.54167455,33.54166935
67.0,102.70834155,33.54166935
68.0,103.12500825,33.54166935
-9999.0,121.04167635,33.54166935
-9999.0,126.87501015,33.54166935
-9999.0,129.37501035,33.54166935
-9999.0,131.87501055,33.54166935
-9999.0,132.29167725,33.54166935
61.0,133.54167735,33.54166935
-9999.0,134.79167745,33.54166935
-9999.0,135.20834415,33.54166935
-9999.0,-8.95833404999999,33.12500265
76.0,-6.04166714999999,33.12500265
80.0,-4.37500034999999,33.12500265
80.0,-3.12500025,33.12500265
80.0,-1.87500015000001,33.12500265
81.0,-1.45833345,33.12500265
80.0,-0.208333350000004,33.12500265
80.0,0.625000050000011,33.12500265
80.0,3.54166695000001,33.12500265
81.0,4.79166705,33.12500265
80.0,6.87500055000001,33.12500265
-9999.0,21.04166835,33.12500265
-9999.0,21.45833505,33.12500265
-9999.0,34.79166945,33.12500265
77.0,46.87500375,33.12500265
79.0,52.70833755,33.12500265
79.0,53.12500425,33.12500265
78.0,53.54167095,33.12500265
77.0,53.95833765,33.12500265
76.0,54.37500435,33.12500265
78.0,54.79167105,33.12500265
77.0,55.20833775,33.12500265
77.0,55.62500445,33.12500265
78.0,56.04167115,33.12500265
77.0,56.45833785,33.12500265
78.0,56.87500455,33.12500265
78.0,57.29167125,33.12500265
79.0,57.70833795,33.12500265
79.0,60.20833815,33.12500265
77.0,79.37500635,33.12500265
71.0,97.70834115,33.12500265
72.0,98.12500785,33.12500265
61.0,98.95834125,33.12500265
64.0,99.37500795,33.12500265
66.0,101.87500815,33.12500265
-9999.0,121.04167635,33.12500265
-9999.0,126.04167675,33.12500265
-9999.0,128.95834365,33.12500265
-9999.0,130.20834375,33.12500265
52.0,131.04167715,33.12500265
54.0,131.87501055,33.12500265
52.0,133.12501065,33.12500265
-9999.0,133.54167735,33.12500265
-9999.0,135.62501085,33.12500265
83.0,-113.12500905,32.70833595
77.0,-8.95833404999999,32.70833595
77.0,-6.45833385,32.70833595
81.0,-4.79166705,32.70833595
79.0,-1.87500015000001,32.70833595
80.0,-1.45833345,32.70833595
80.0,-1.04166674999999,32.70833595
80.0,-0.625000050000011,32.70833595
80.0,-0.208333350000004,32.70833595
81.0,0.208333350000004,32.70833595
82.0,0.625000050000011,32.70833595
81.0,1.04166674999999,32.70833595
81.0,1.45833345,32.70833595
81.0,1.87500015000001,32.70833595
82.0,2.29166685000001,32.70833595
82.0,2.70833354999999,32.70833595
81.0,3.12500025,32.70833595
81.0,3.54166695000001,32.70833595
81.0,3.95833365000001,32.70833595
83.0,4.37500034999999,32.70833595
81.0,5.20833375000001,32.70833595
-9999.0,20.62500165,32.70833595
77.0,35.20833615,32.70833595
77.0,36.45833625,32.70833595
80.0,39.37500315,32.70833595
78.0,47.70833715,32.70833595
77.0,53.12500425,32.70833595
78.0,53.54167095,32.70833595
78.0,53.95833765,32.70833595
78.0,54.37500435,32.70833595
79.0,54.79167105,32.70833595
78.0,55.20833775,32.70833595
78.0,55.62500445,32.70833595
79.0,56.04167115,32.70833595
79.0,56.45833785,32.70833595
78.0,56.87500455,32.70833595
77.0,57.29167125,32.70833595
62.0,75.20833935,32.70833595
60.0,76.45833945,32.70833595
83.0,86.04167355,32.70833595
67.0,93.12500745,32.70833595
61.0,102.70834155,32.70833595
59.0,103.54167495,32.70833595
71.0,111.87500895,32.70833595
-9999.0,121.04167635,32.70833595
-9999.0,121.45834305,32.70833595
-9999.0,128.54167695,32.70833595
-9999.0,129.37501035,32.70833595
-9999.0,129.79167705,32.70833595
-9999.0,131.87501055,32.70833595
-9999.0,132.70834395,32.70833595
-9999.0,133.12501065,32.70833595
-9999.0,-9.37500075,32.29166925
77.0,-8.54166735000001,32.29166925
78.0,-5.62500044999999,32.29166925
79.0,-1.87500015000001,32.29166925
80.0,-1.45833345,32.29166925
81.0,-0.625000050000011,32.29166925
82.0,-0.208333350000004,32.29166925
82.0,0.625000050000011,32.29166925
81.0,3.54166695000001,32.29166925
-9999.0,34.37500275,32.29166925
79.0,35.62500285,32.29166925
76.0,36.04166955,32.29166925
77.0,48.95833725,32.29166925
74.0,49.37500395,32.29166925
78.0,54.37500435,32.29166925
78.0,54.79167105,32.29166925
79.0,55.20833775,32.29166925
78.0,59.37500475,32.29166925
79.0,60.20833815,32.29166925
79.0,74.37500595,32.29166925
75.0,75.20833935,32.29166925
65.0,78.95833965,32.29166925
69.0,92.70834075,32.29166925
62.0,101.87500815,32.29166925
60.0,102.70834155,32.29166925
66.0,103.12500825,32.29166925
77.0,120.62500965,32.29166925
75.0,121.04167635,32.29166925
-9999.0,121.45834305,32.29166925
-9999.0,121.87500975,32.29166925
-9999.0,128.54167695,32.29166925
-9999.0,129.79167705,32.29166925
-9999.0,130.20834375,32.29166925
50.0,131.04167715,32.29166925
78.0,-101.04167475,31.87500255
-9999.0,-9.79166745000001,31.87500255
80.0,-8.54166735000001,31.87500255
81.0,-4.37500034999999,31.87500255
81.0,-1.87500015000001,31.87500255
82.0,-1.45833345,31.87500255
82.0,-0.625000050000011,31.87500255
81.0,-0.208333350000004,31.87500255
82.0,0.625000050000011,31.87500255
-9999.0,34.37500275,31.87500255
77.0,34.79166945,31.87500255
78.0,35.62500285,31.87500255
79.0,36.04166955,31.87500255
80.0,48.12500385,31.87500255
78.0,54.79167105,31.87500255
78.0,59.79167145,31.87500255
80.0,69.37500555,31.87500255
81.0,69.79167225,31.87500255
81.0,74.79167265,31.87500255
71.0,75.62500605,31.87500255
64.0,78.95833965,31.87500255
77.0,79.37500635,31.87500255
83.0,85.20834015,31.87500255
64.0,96.87500775,31.87500255
65.0,97.29167445,31.87500255
66.0,98.54167455,31.87500255
63.0,100.62500805,31.87500255
61.0,101.87500815,31.87500255
67.0,111.87500895,31.87500255
61.0,113.95834245,31.87500255
63.0,116.04167595,31.87500255
71.0,119.79167625,31.87500255
73.0,120.20834295,31.87500255
76.0,121.04167635,31.87500255
75.0,121.45834305,31.87500255
54.0,131.04167715,31.87500255
81.0,-1.45833345,31.45833585
81.0,-1.04166674999999,31.45833585
81.0,-0.625000050000011,31.45833585
82.0,-0.208333350000004,31.45833585
82.0,0.208333350000004,31.45833585
81.0,8.95833404999999,31.45833585
75.0,34.37500275,31.45833585
78.0,34.79166945,31.45833585
79.0,35.20833615,31.45833585
74.0,35.62500285,31.45833585
80.0,36.04166955,31.45833585
77.0,49.79167065,31.45833585
80.0,68.95833885,31.45833585
71.0,79.37500635,31.45833585
71.0,96.87500775,31.45833585
70.0,97.29167445,31.45833585
66.0,98.54167455,31.45833585
67.0,100.62500805,31.45833585
64.0,101.04167475,31.45833585
61.0,101.45834145,31.45833585
61.0,101.87500815,31.45833585
70.0,112.29167565,31.45833585
64.0,113.95834245,31.45833585
65.0,114.37500915,31.45833585
58.0,115.62500925,31.45833585
61.0,116.45834265,31.45833585
64.0,116.87500935,31.45833585
64.0,117.29167605,31.45833585
63.0,117.70834275,31.45833585
68.0,118.12500945,31.45833585
58.0,118.54167615,31.45833585
-9999.0,118.95834285,31.45833585
69.0,119.79167625,31.45833585
67.0,120.20834295,31.45833585
72.0,120.62500965,31.45833585
-9999.0,121.45834305,31.45833585
72.0,121.87500975,31.45833585
-9999.0,129.79167705,31.45833585
-9999.0,130.20834375,31.45833585
-9999.0,130.62501045,31.45833585
-9999.0,131.45834385,31.45833585
-9999.0,-116.45834265,31.04166915
68.0,-110.20834215,31.04166915
78.0,-101.87500815,31.04166915
77.0,-9.37500075,31.04166915
75.0,-8.95833404999999,31.04166915
76.0,-8.12500065,31.04166915
79.0,-6.87500055000001,31.04166915
80.0,-1.45833345,31.04166915
54.0,77.70833955,31.04166915
64.0,93.95834085,31.04166915
64.0,94.79167425,31.04166915
59.0,95.62500765,31.04166915
64.0,99.37500795,31.04166915
63.0,99.79167465,31.04166915
63.0,100.62500805,31.04166915
68.0,101.87500815,31.04166915
62.0,109.37500875,31.04166915
69.0,109.79167545,31.04166915
67.0,113.54167575,31.04166915
65.0,114.79167585,31.04166915
60.0,115.20834255,31.04166915
53.0,116.04167595,31.04166915
56.0,116.45834265,31.04166915
61.0,118.54167615,31.04166915
-9999.0,120.20834295,31.04166915
70.0,121.45834305,31.04166915
72.0,121.87500975,31.04166915
-9999.0,122.70834315,31.04166915
-9999.0,-116.04167595,30.62500245
71.0,-115.62500925,30.62500245
70.0,-110.20834215,30.62500245
79.0,-8.95833404999999,30.62500245
79.0,-8.54166735000001,30.62500245
80.0,55.62500445,30.62500245
81.0,66.87500535,30.62500245
79.0,67.29167205,30.62500245
78.0,67.70833875,30.62500245
80.0,68.12500545,30.62500245
82.0,69.37500555,30.62500245
80.0,85.62500685,30.62500245
66.0,96.87500775,30.62500245
61.0,99.37500795,30.62500245
73.0,100.20834135,30.62500245
62.0,100.62500805,30.62500245
61.0,101.87500815,30.62500245
66.0,107.70834195,30.62500245
58.0,109.37500875,30.62500245
59.0,109.79167545,30.62500245
68.0,112.70834235,30.62500245
68.0,113.12500905,30.62500245
69.0,113.54167575,30.62500245
66.0,114.79167585,30.62500245
60.0,115.20834255,30.62500245
58.0,115.62500925,30.62500245
57.0,116.04167595,30.62500245
60.0,116.45834265,30.62500245
62.0,117.29167605,30.62500245
62.0,117.70834275,30.62500245
57.0,119.79167625,30.62500245
66.0,120.62500965,30.62500245
-9999.0,121.45834305,30.62500245
-9999.0,121.87500975,30.62500245
-9999.0,122.29167645,30.62500245
-9999.0,123.12500985,30.62500245
-9999.0,129.79167705,30.62500245
-9999.0,130.20834375,30.62500245
-9999.0,131.45834385,30.62500245
73.0,-110.62500885,30.20833575
73.0,-110.20834215,30.20833575
74.0,-109.79167545,30.20833575
79.0,-8.95833404999999,30.20833575
76.0,-8.54166735000001,30.20833575
79.0,55.62500445,30.20833575
79.0,56.45833785,30.20833575
79.0,56.87500455,30.20833575
77.0,67.29167205,30.20833575
80.0,67.70833875,30.20833575
81.0,68.12500545,30.20833575
81.0,68.54167215,30.20833575
82.0,68.95833885,30.20833575
82.0,69.37500555,30.20833575
60.0,78.54167295,30.20833575
60.0,78.95833965,30.20833575
79.0,86.45834025,30.20833575
67.0,96.87500775,30.20833575
64.0,100.20834135,30.20833575
67.0,101.04167475,30.20833575
63.0,101.45834145,30.20833575
60.0,101.87500815,30.20833575
56.0,108.95834205,30.20833575
59.0,110.20834215,30.20833575
60.0,110.62500885,30.20833575
68.0,112.29167565,30.20833575
71.0,112.70834235,30.20833575
69.0,113.54167575,30.20833575
64.0,114.79167585,30.20833575
65.0,115.20834255,30.20833575
60.0,115.62500925,30.20833575
62.0,116.45834265,30.20833575
65.0,116.87500935,30.20833575
60.0,117.29167605,30.20833575
54.0,118.12500945,30.20833575
54.0,118.54167615,30.20833575
55.0,119.37500955,30.20833575
60.0,119.79167625,30.20833575
67.0,120.20834295,30.20833575
66.0,121.45834305,30.20833575
-9999.0,122.29167645,30.20833575
60.0,122.70834315,30.20833575
-9999.0,130.62501045,30.20833575
-9999.0,131.04167715,30.20833575
-9999.0,-116.04167595,29.79166905
81.0,-9.79166745000001,29.79166905
78.0,53.95833765,29.79166905
79.0,54.79167105,29.79166905
80.0,55.20833775,29.79166905
77.0,60.20833815,29.79166905
78.0,60.62500485,29.79166905
81.0,66.45833865,29.79166905
80.0,66.87500535,29.79166905
81.0,67.29167205,29.79166905
82.0,68.95833885,29.79166905
80.0,69.37500555,29.79166905
56.0,80.20833975,29.79166905
68.0,93.95834085,29.79166905
59.0,96.87500775,29.79166905
74.0,97.70834115,29.79166905
62.0,101.45834145,29.79166905
62.0,101.87500815,29.79166905
62.0,107.70834195,29.79166905
58.0,109.37500875,29.79166905
53.0,109.79167545,29.79166905
58.0,110.20834215,29.79166905
55.0,110.62500885,29.79166905
61.0,111.04167555,29.79166905
70.0,112.70834235,29.79166905
70.0,116.04167595,29.79166905
63.0,116.45834265,29.79166905
52.0,117.70834275,29.79166905
53.0,118.12500945,29.79166905
55.0,118.54167615,29.79166905
59.0,119.79167625,29.79166905
60.0,120.20834295,29.79166905
-9999.0,130.62501045,29.79166905
79.0,-8.95833404999999,29.37500235
80.0,14.79166785,29.37500235
79.0,54.79167105,29.37500235
79.0,55.20833775,29.37500235
78.0,60.62500485,29.37500235
79.0,61.04167155,29.37500235
79.0,63.95833845,29.37500235
80.0,66.45833865,29.37500235
80.0,66.87500535,29.37500235
75.0,84.37500675,29.37500235
74.0,85.62500685,29.37500235
60.0,93.95834085,29.37500235
63.0,94.37500755,29.37500235
64.0,100.62500805,29.37500235
63.0,101.45834145,29.37500235
61.0,107.70834195,29.37500235
59.0,109.37500875,29.37500235
57.0,110.20834215,29.37500235
58.0,113.54167575,29.37500235
57.0,115.20834255,29.37500235
56.0,116.45834265,29.37500235
52.0,118.12500945,29.37500235
55.0,118.54167615,29.37500235
55.0,119.37500955,29.37500235
57.0,119.79167625,29.37500235
58.0,120.20834295,29.37500235
79.0,60.62500485,28.95833565
78.0,61.04167155,28.95833565
79.0,61.45833825,28.95833565
80.0,61.87500495,28.95833565
78.0,66.04167195,28.95833565
81.0,66.45833865,28.95833565
80.0,66.87500535,28.95833565
71.0,85.20834015,28.95833565
59.0,108.54167535,28.95833565
60.0,109.37500875,28.95833565
56.0,110.20834215,28.95833565
55.0,114.37500915,28.95833565
56.0,114.79167585,28.95833565
55.0,115.20834255,28.95833565
61.0,116.04167595,28.95833565
63.0,116.45834265,28.95833565
58.0,117.29167605,28.95833565
52.0,118.12500945,28.95833565
58.0,118.54167615,28.95833565
54.0,120.62500965,28.95833565
55.0,121.04167635,28.95833565
55.0,121.45834305,28.95833565
-9999.0,121.87500975,28.95833565
82.0,-8.95833404999999,28.54166895
78.0,23.54166855,28.54166895
79.0,60.62500485,28.54166895
78.0,61.04167155,28.54166895
80.0,61.45833825,28.54166895
82.0,61.87500495,28.54166895
78.0,66.04167195,28.54166895
78.0,66.45833865,28.54166895
82.0,66.87500535,28.54166895
81.0,86.45834025,28.54166895
61.0,93.54167415,28.54166895
59.0,101.45834145,28.54166895
62.0,107.70834195,28.54166895
64.0,108.54167535,28.54166895
60.0,108.95834205,28.54166895
61.0,109.37500875,28.54166895
56.0,114.79167585,28.54166895
56.0,115.20834255,28.54166895
58.0,115.62500925,28.54166895
63.0,116.04167595,28.54166895
58.0,116.45834265,28.54166895
55.0,117.29167605,28.54166895
58.0,118.54167615,28.54166895
54.0,118.95834285,28.54166895
59.0,119.37500955,28.54166895
52.0,120.20834295,28.54166895
53.0,121.04167635,28.54166895
80.0,64.37500515,28.12500225
80.0,66.04167195,28.12500225
81.0,66.45833865,28.12500225
69.0,91.45834065,28.12500225
71.0,92.29167405,28.12500225
60.0,102.70834155,28.12500225
65.0,103.12500825,28.12500225
63.0,107.29167525,28.12500225
61.0,108.12500865,28.12500225
62.0,108.54167535,28.12500225
56.0,109.79167545,28.12500225
62.0,110.20834215,28.12500225
60.0,112.70834235,28.12500225
55.0,114.37500915,28.12500225
60.0,115.20834255,28.12500225
57.0,116.04167595,28.12500225
53.0,116.87500935,28.12500225
56.0,117.70834275,28.12500225
54.0,118.54167615,28.12500225
52.0,118.95834285,28.12500225
55.0,120.20834295,28.12500225
54.0,120.62500965,28.12500225
80.0,66.04167195,27.70833555
81.0,66.45833865,27.70833555
60.0,90.62500725,27.70833555
60.0,91.87500735,27.70833555
63.0,92.29167405,27.70833555
54.0,92.70834075,27.70833555
50.0,98.12500785,27.70833555
59.0,103.12500825,27.70833555
62.0,107.29167525,27.70833555
61.0,107.70834195,27.70833555
60.0,108.54167535,27.70833555
57.0,109.79167545,27.70833555
54.0,110.62500885,27.70833555
54.0,111.04167555,27.70833555
57.0,115.62500925,27.70833555
55.0,116.04167595,27.70833555
55.0,116.45834265,27.70833555
55.0,116.87500935,27.70833555
52.0,117.29167605,27.70833555
51.0,117.70834275,27.70833555
53.0,118.12500945,27.70833555
53.0,118.95834285,27.70833555
54.0,119.79167625,27.70833555
-9999.0,121.04167635,27.70833555
-9999.0,121.45834305,27.70833555
63.0,106.87500855,27.29166885
58.0,108.54167535,27.29166885
59.0,109.37500875,27.29166885
59.0,109.79167545,27.29166885
57.0,111.04167555,27.29166885
55.0,116.04167595,27.29166885
53.0,117.29167605,27.29166885
51.0,117.70834275,27.29166885
57.0,118.12500945,27.29166885
52.0,118.54167615,27.29166885
-9999.0,120.62500965,27.29166885
-9999.0,-114.37500915,26.87500215
51.0,98.12500785,26.87500215
62.0,107.70834195,26.87500215
57.0,109.37500875,26.87500215
59.0,109.79167545,26.87500215
57.0,115.62500925,26.87500215
51.0,117.70834275,26.87500215
52.0,118.12500945,26.87500215
52.0,118.54167615,26.87500215
54.0,119.79167625,26.87500215
63.0,120.20834295,26.87500215
53.0,98.54167455,26.45833545
60.0,106.45834185,26.45833545
59.0,107.29167525,26.45833545
58.0,108.12500865,26.45833545
58.0,108.54167535,26.45833545
54.0,109.79167545,26.45833545
56.0,110.20834215,26.45833545
55.0,115.20834255,26.45833545
54.0,115.62500925,26.45833545
58.0,116.04167595,26.45833545
53.0,116.87500935,26.45833545
56.0,117.70834275,26.45833545
53.0,118.54167615,26.45833545
53.0,118.95834285,26.45833545
-9999.0,120.20834295,26.45833545
53.0,97.70834115,26.04166875
51.0,98.12500785,26.04166875
57.0,98.54167455,26.04166875
59.0,106.45834185,26.04166875
60.0,106.87500855,26.04166875
60.0,107.29167525,26.04166875
55.0,110.62500885,26.04166875
53.0,114.37500915,26.04166875
57.0,114.79167585,26.04166875
55.0,116.87500935,26.04166875
58.0,117.29167605,26.04166875
52.0,117.70834275,26.04166875
52.0,118.54167615,26.04166875
-9999.0,119.79167625,26.04166875
58.0,98.54167455,25.62500205
61.0,103.95834165,25.62500205
59.0,107.70834195,25.62500205
58.0,108.12500865,25.62500205
55.0,108.54167535,25.62500205
56.0,110.20834215,25.62500205
56.0,114.79167585,25.62500205
56.0,115.20834255,25.62500205
54.0,116.04167595,25.62500205
56.0,116.45834265,25.62500205
51.0,118.12500945,25.62500205
57.0,119.37500955,25.62500205
-9999.0,119.79167625,25.62500205
-9999.0,120.20834295,25.62500205
75.0,-100.62500805,25.20833535
56.0,100.20834135,25.20833535
60.0,107.70834195,25.20833535
57.0,108.12500865,25.20833535
59.0,109.37500875,25.20833535
56.0,113.12500905,25.20833535
54.0,113.54167575,25.20833535
53.0,113.95834245,25.20833535
58.0,114.37500915,25.20833535
56.0,114.79167585,25.20833535
52.0,116.04167595,25.20833535
54.0,116.45834265,25.20833535
57.0,118.12500945,25.20833535
55.0,118.54167615,25.20833535
-9999.0,119.79167625,25.20833535
-9999.0,121.04167635,25.20833535
54.0,121.45834305,25.20833535
-9999.0,121.87500975,25.20833535
-9999.0,122.29167645,25.20833535
58.0,99.79167465,24.79166865
57.0,100.62500805,24.79166865
58.0,108.54167535,24.79166865
58.0,109.37500875,24.79166865
53.0,111.04167555,24.79166865
55.0,111.87500895,24.79166865
59.0,112.29167565,24.79166865
61.0,113.54167575,24.79166865
53.0,113.95834245,24.79166865
53.0,114.37500915,24.79166865
57.0,114.79167585,24.79166865
56.0,115.62500925,24.79166865
54.0,116.04167595,24.79166865
55.0,116.45834265,24.79166865
56.0,117.29167605,24.79166865
60.0,118.12500945,24.79166865
61.0,118.54167615,24.79166865
-9999.0,119.37500955,24.79166865
-9999.0,120.62500965,24.79166865
-9999.0,122.29167645,24.79166865
82.0,-101.04167475,24.37500195
83.0,-100.62500805,24.37500195
80.0,-100.20834135,24.37500195
74.0,-99.79167465,24.37500195
53.0,97.70834115,24.37500195
55.0,98.12500785,24.37500195
56.0,98.95834125,24.37500195
59.0,100.20834135,24.37500195
56.0,110.20834215,24.37500195
54.0,110.62500885,24.37500195
61.0,111.04167555,24.37500195
62.0,111.45834225,24.37500195
54.0,111.87500895,24.37500195
55.0,112.29167565,24.37500195
62.0,112.70834235,24.37500195
60.0,113.12500905,24.37500195
53.0,114.37500915,24.37500195
55.0,114.79167585,24.37500195
57.0,116.04167595,24.37500195
56.0,117.29167605,24.37500195
-9999.0,118.54167615,24.37500195
60.0,120.62500965,24.37500195
-9999.0,121.87500975,24.37500195
79.0,-100.62500805,23.95833525
57.0,97.70834115,23.95833525
61.0,108.95834205,23.95833525
61.0,109.79167545,23.95833525
52.0,110.20834215,23.95833525
58.0,112.29167565,23.95833525
52.0,112.70834235,23.95833525
53.0,114.37500915,23.95833525
54.0,115.20834255,23.95833525
55.0,116.04167595,23.95833525
58.0,116.45834265,23.95833525
-9999.0,117.70834275,23.95833525
80.0,-101.04167475,23.54166855
80.0,-100.62500805,23.54166855
78.0,-100.20834135,23.54166855
55.0,97.70834115,23.54166855
57.0,98.12500785,23.54166855
61.0,98.95834125,23.54166855
58.0,99.37500795,23.54166855
57.0,100.20834135,23.54166855
61.0,108.95834205,23.54166855
56.0,112.29167565,23.54166855
56.0,112.70834235,23.54166855
56.0,113.95834245,23.54166855
56.0,114.79167585,23.54166855
53.0,115.62500925,23.54166855
61.0,116.45834265,23.54166855
46.0,121.04167635,23.54166855
-9999.0,121.87500975,23.54166855
79.0,-100.62500805,23.12500185
80.0,51.45833745,23.12500185
57.0,98.12500785,23.12500185
58.0,100.20834135,23.12500185
54.0,100.62500805,23.12500185
63.0,108.12500865,23.12500185
54.0,108.54167535,23.12500185
62.0,108.95834205,23.12500185
62.0,109.37500875,23.12500185
56.0,111.04167555,23.12500185
57.0,111.45834225,23.12500185
59.0,111.87500895,23.12500185
61.0,113.12500905,23.12500185
58.0,113.54167575,23.12500185
52.0,115.20834255,23.12500185
53.0,115.62500925,23.12500185
57.0,116.04167595,23.12500185
56.0,116.45834265,23.12500185
-9999.0,117.29167605,23.12500185
51.0,121.04167635,23.12500185
-9999.0,121.45834305,23.12500185
76.0,-100.62500805,22.70833515
59.0,97.70834115,22.70833515
58.0,98.12500785,22.70833515
57.0,98.54167455,22.70833515
59.0,98.95834125,22.70833515
61.0,108.12500865,22.70833515
60.0,109.79167545,22.70833515
58.0,110.20834215,22.70833515
56.0,110.62500885,22.70833515
56.0,111.87500895,22.70833515
59.0,113.12500905,22.70833515
57.0,113.95834245,22.70833515
57.0,114.37500915,22.70833515
53.0,114.79167585,22.70833515
-9999.0,115.62500925,22.70833515
-9999.0,116.04167595,22.70833515
59.0,121.04167635,22.70833515
-9999.0,121.87500975,22.70833515
76.0,-101.04167475,22.29166845
74.0,-100.62500805,22.29166845
57.0,98.12500785,22.29166845
57.0,98.54167455,22.29166845
54.0,99.79167465,22.29166845
54.0,100.20834135,22.29166845
56.0,100.62500805,22.29166845
54.0,101.04167475,22.29166845
53.0,101.45834145,22.29166845
51.0,101.87500815,22.29166845
57.0,108.54167535,22.29166845
55.0,109.37500875,22.29166845
57.0,109.79167545,22.29166845
57.0,110.20834215,22.29166845
56.0,111.87500895,22.29166845
57.0,113.12500905,22.29166845
61.0,113.95834245,22.29166845
-9999.0,114.79167585,22.29166845
-9999.0,121.04167635,22.29166845
59.0,98.95834125,21.87500175
58.0,99.79167465,21.87500175
59.0,101.04167475,21.87500175
57.0,108.95834205,21.87500175
58.0,109.37500875,21.87500175
55.0,109.79167545,21.87500175
58.0,110.20834215,21.87500175
56.0,111.04167555,21.87500175
53.0,111.45834225,21.87500175
57.0,111.87500895,21.87500175
55.0,112.29167565,21.87500175
-9999.0,113.12500905,21.87500175
-9999.0,113.95834245,21.87500175
60.0,99.37500795,21.45833505
57.0,99.79167465,21.45833505
53.0,101.45834145,21.45833505
-9999.0,108.54167535,21.45833505
-9999.0,108.95834205,21.45833505
57.0,109.37500875,21.45833505
60.0,110.20834215,21.45833505
57.0,98.95834125,21.04166835
57.0,99.79167465,21.04166835
56.0,101.45834145,21.04166835
57.0,99.37500795,20.62500165
54.0,101.04167475,20.62500165
-9999.0,107.70834195,20.62500165
64.0,-98.54167455,20.20833495
-9999.0,106.87500855,20.20833495
60.0,-99.37500795,19.37500155
74.0,-97.29167445,19.37500155
-9999.0,106.04167515,18.95833485
66.0,-79.37500635,-6.04166715000001
62.0,-78.95833965,-6.04166715000001
61.0,-78.54167295,-6.04166715000001
53.0,-77.29167285,-6.04166715000001
55.0,-77.70833955,-6.45833385
53.0,-77.70833955,-6.87500055000001
61.0,-77.70833955,-7.70833395000001
55.0,-77.29167285,-7.70833395000001
52.0,-75.62500605,-10.62500085
55.0,-75.62500605,-11.04166755
59.0,-71.87500575,-13.12500105
68.0,-75.20833935,-13.54166775
62.0,-74.37500595,-13.54166775
64.0,-73.54167255,-13.54166775
67.0,-71.87500575,-13.54166775
64.0,-71.45833905,-13.54166775
60.0,-73.54167255,-13.95833445
62.0,-73.12500585,-13.95833445
61.0,-72.70833915,-13.95833445
65.0,-71.87500575,-13.95833445
61.0,-71.45833905,-13.95833445
59.0,-71.04167235,-13.95833445
57.0,-70.20833895,-13.95833445
66.0,-73.95833925,-14.37500115
62.0,-73.54167255,-14.37500115
60.0,-73.12500585,-14.37500115
64.0,-71.87500575,-14.37500115
68.0,-71.45833905,-14.37500115
62.0,-71.04167235,-14.37500115
63.0,-70.20833895,-14.37500115
67.0,-73.12500585,-14.79166785
69.0,-71.45833905,-14.79166785
64.0,-71.04167235,-14.79166785
55.0,-68.95833885,-14.79166785
71.0,-69.79167225,-15.20833455
63.0,-69.37500555,-15.20833455
73.0,-70.20833895,-15.62500125
62.0,-68.95833885,-15.62500125
67.0,-70.62500565,-16.04166795
65.0,-70.20833895,-16.04166795
67.0,-68.54167215,-16.04166795
73.0,-68.54167215,-16.45833465
67.0,-68.12500545,-16.45833465
74.0,-68.95833885,-16.87500135
70.0,-68.12500545,-16.87500135
60.0,-66.45833865,-16.87500135
71.0,-68.95833885,-17.29166805
68.0,-68.12500545,-17.29166805
68.0,-67.70833875,-17.29166805
70.0,-67.29167205,-17.29166805
69.0,-66.87500535,-17.29166805
60.0,-66.45833865,-17.29166805
73.0,-68.95833885,-17.70833475
70.0,-68.12500545,-17.70833475
75.0,-67.70833875,-17.70833475
67.0,-66.45833865,-17.70833475
70.0,-66.04167195,-17.70833475
66.0,-65.62500525,-17.70833475
66.0,-65.20833855,-17.70833475
72.0,-69.37500555,-18.12500145
69.0,-68.54167215,-18.12500145
70.0,-68.12500545,-18.12500145
71.0,-67.70833875,-18.12500145
75.0,-67.29167205,-18.12500145
70.0,-66.45833865,-18.12500145
70.0,-66.04167195,-18.12500145
69.0,-65.62500525,-18.12500145
75.0,-69.37500555,-18.54166815
77.0,-68.95833885,-18.54166815
77.0,-68.54167215,-18.54166815
74.0,-68.12500545,-18.54166815
73.0,-67.70833875,-18.54166815
70.0,-66.87500535,-18.54166815
70.0,-66.45833865,-18.54166815
72.0,-66.04167195,-18.54166815
70.0,-65.62500525,-18.54166815
65.0,-65.20833855,-18.54166815
73.0,-68.54167215,-18.95833485
75.0,-68.12500545,-18.95833485
72.0,-67.70833875,-18.95833485
72.0,-67.29167205,-18.95833485
67.0,-66.45833865,-18.95833485
69.0,-66.04167195,-18.95833485
71.0,-65.62500525,-18.95833485
79.0,-68.54167215,-19.37500155
-9999.0,-68.12500545,-19.37500155
78.0,-67.70833875,-19.37500155
73.0,-66.04167195,-19.37500155
72.0,-65.20833855,-19.37500155
71.0,-64.79167185,-19.37500155
68.0,-64.37500515,-19.37500155
77.0,-68.54167215,-19.79166825
74.0,-68.12500545,-19.79166825
75.0,-66.87500535,-19.79166825
69.0,-64.79167185,-19.79166825
77.0,-68.54167215,-20.20833495
71.0,-68.12500545,-20.20833495
75.0,-66.87500535,-20.20833495
65.0,-64.79167185,-20.20833495
75.0,-68.54167215,-20.62500165
73.0,-68.12500545,-20.62500165
79.0,-66.87500535,-20.62500165
75.0,-68.12500545,-21.04166835
76.0,-66.87500535,-21.04166835
64.0,-64.79167185,-21.04166835
76.0,-68.12500545,-21.45833505
75.0,-67.70833875,-21.45833505
79.0,-67.29167205,-21.45833505
75.0,-66.87500535,-21.45833505
71.0,-65.62500525,-21.45833505
73.0,-66.87500535,-21.87500175
72.0,-66.04167195,-21.87500175
72.0,-65.62500525,-21.87500175
73.0,-65.62500525,-22.70833515
72.0,-65.62500525,-23.12500185
74.0,-66.04167195,-23.54166855
84.0,-70.20833895,-23.95833525
68.0,-66.45833865,-23.95833525
-9999.0,-70.62500565,-24.37500195
57.0,-64.37500515,-24.37500195
-9999.0,-70.62500565,-24.79166865
78.0,-69.37500555,-25.20833535
70.0,-66.04167195,-25.20833535
77.0,-70.62500565,-25.62500205
70.0,-66.04167195,-25.62500205
76.0,-70.62500565,-26.04166875
68.0,-66.04167195,-26.45833545
72.0,-66.87500535,-26.87500215
74.0,-66.45833865,-26.87500215
83.0,-70.62500565,-28.12500225
-9999.0,-71.87500575,-30.20833575
-9999.0,-71.87500575,-30.62500245
-9999.0,-71.87500575,-31.04166915
-9999.0,-71.87500575,-31.45833585
-9999.0,-71.87500575,-31.87500255
-9999.0,-71.87500575,-32.29166925
-9999.0,-71.87500575,-32.70833595
77.0,-68.54167215,-32.70833595
-9999.0,-71.87500575,-33.12500265
-9999.0,-72.29167245,-33.95833605
-9999.0,-72.29167245,-34.37500275
-9999.0,-72.29167245,-34.79166945
59.0,-71.87500575,-34.79166945
61.0,-71.87500575,-35.20833615
-9999.0,-73.12500585,-36.04166955
78.0,-68.95833885,-36.04166955
58.0,-71.87500575,-36.87500295
53.0,-73.12500585,-37.29166965
52.0,-71.87500575,-38.12500305
-9999.0,-73.54167255,-38.95833645
-9999.0,-73.54167255,-39.37500315
55.0,-71.45833905,-39.37500315
-9999.0,-73.54167255,-39.79166985
53.0,-73.12500585,-39.79166985
52.0,-71.87500575,-39.79166985
52.0,-73.54167255,-40.20833655
53.0,-72.70833915,-40.20833655
52.0,-73.54167255,-40.62500325
55.0,-71.87500575,-40.62500325
71.0,-70.62500565,-40.62500325
66.0,-71.45833905,-46.04167035
