ISRICSOILGRIDS_new_average_soilorganiccarboncontent_reduced,x,y
-9999.0,100.62500805,76.87500615
-9999.0,88.12500705,75.62500605
95.0,90.20834055,74.79167265
82.0,91.04167395,74.79167265
101.0,96.87500775,74.79167265
82.0,89.79167385,74.37500595
93.0,90.62500725,74.37500595
95.0,93.95834085,74.37500595
88.0,100.20834135,73.95833925
84.0,102.29167485,73.54167255
102.0,-114.37500915,71.87500575
-9999.0,-154.37501235,71.45833905
-9999.0,-153.95834565,71.45833905
89.0,-115.62500925,71.45833905
83.0,-116.45834265,70.62500565
-9999.0,-114.37500915,70.62500565
-9999.0,-113.95834245,70.62500565
-9999.0,-140.62501125,70.20833895
122.0,-114.37500915,70.20833895
181.0,-147.70834515,69.79167225
120.0,-115.20834255,69.79167225
112.0,-114.37500915,69.79167225
131.0,-120.20834295,69.37500555
105.0,-113.95834245,69.37500555
125.0,-127.70834355,68.95833885
110.0,-118.12500945,68.95833885
-9999.0,-117.29167605,68.95833885
-9999.0,-114.79167585,68.95833885
310.0,-126.45834345,68.54167215
266.0,-139.79167785,68.12500545
-9999.0,-163.95834645,67.29167205
212.0,-139.37501115,67.29167205
63.0,-140.20834455,66.45833865
105.0,86.04167355,62.70833835
237.0,86.45834025,62.70833835
309.0,-164.79167985,62.29167165
88.0,85.62500685,62.29167165
87.0,84.79167345,61.87500495
229.0,85.20834015,61.87500495
42.0,85.62500685,61.87500495
177.0,86.04167355,61.87500495
63.0,86.45834025,61.87500495
53.0,86.87500695,61.87500495
91.0,84.37500675,61.45833825
76.0,84.79167345,61.45833825
93.0,85.20834015,61.45833825
75.0,85.62500685,61.45833825
89.0,86.04167355,61.45833825
86.0,86.45834025,61.45833825
101.0,86.87500695,61.45833825
203.0,87.29167365,61.45833825
113.0,87.70834035,61.45833825
98.0,83.54167335,61.04167155
91.0,83.95834005,61.04167155
59.0,84.37500675,61.04167155
237.0,84.79167345,61.04167155
189.0,85.20834015,61.04167155
243.0,85.62500685,61.04167155
242.0,86.04167355,61.04167155
76.0,86.45834025,61.04167155
80.0,86.87500695,61.04167155
134.0,87.29167365,61.04167155
130.0,87.70834035,61.04167155
198.0,88.12500705,61.04167155
59.0,-135.20834415,60.62500485
92.0,82.70833995,60.62500485
81.0,83.12500665,60.62500485
113.0,83.54167335,60.62500485
55.0,83.95834005,60.62500485
109.0,84.37500675,60.62500485
211.0,84.79167345,60.62500485
266.0,85.20834015,60.62500485
116.0,85.62500685,60.62500485
92.0,86.04167355,60.62500485
127.0,86.45834025,60.62500485
101.0,86.87500695,60.62500485
87.0,87.29167365,60.62500485
86.0,87.70834035,60.62500485
94.0,88.12500705,60.62500485
89.0,17.29166805,60.20833815
139.0,17.70833475,60.20833815
82.0,81.87500655,60.20833815
237.0,83.12500665,60.20833815
200.0,84.37500675,60.20833815
119.0,85.62500685,60.20833815
69.0,86.87500695,60.20833815
149.0,88.12500705,60.20833815
74.0,33.95833605,59.79167145
238.0,-156.45834585,59.37500475
73.0,-130.20834375,59.37500475
65.0,70.20833895,59.37500475
134.0,70.62500565,59.37500475
141.0,71.45833905,59.37500475
41.0,71.87500575,59.37500475
99.0,78.12500625,59.37500475
238.0,79.37500635,59.37500475
172.0,80.62500645,59.37500475
192.0,81.87500655,59.37500475
206.0,83.12500665,59.37500475
192.0,84.37500675,59.37500475
187.0,85.62500685,59.37500475
158.0,86.87500695,59.37500475
151.0,-156.45834585,58.95833805
66.0,-136.45834425,58.95833805
75.0,-132.70834395,58.95833805
68.0,62.29167165,58.95833805
158.0,76.87500615,58.95833805
79.0,78.12500625,58.95833805
35.0,79.37500635,58.95833805
93.0,80.62500645,58.95833805
210.0,81.87500655,58.95833805
262.0,83.12500665,58.95833805
246.0,84.37500675,58.95833805
183.0,85.62500685,58.95833805
225.0,86.87500695,58.95833805
114.0,-157.29167925,58.54167135
65.0,-128.12501025,58.54167135
-9999.0,18.12500145,58.54167135
104.0,49.79167065,58.54167135
52.0,50.62500405,58.54167135
68.0,59.79167145,58.54167135
73.0,69.79167225,58.54167135
238.0,71.04167235,58.54167135
239.0,72.29167245,58.54167135
238.0,73.54167255,58.54167135
179.0,74.79167265,58.54167135
207.0,76.04167275,58.54167135
52.0,76.45833945,58.54167135
144.0,76.87500615,58.54167135
74.0,77.29167285,58.54167135
78.0,77.70833955,58.54167135
55.0,78.12500625,58.54167135
83.0,78.54167295,58.54167135
89.0,78.95833965,58.54167135
226.0,79.37500635,58.54167135
240.0,79.79167305,58.54167135
108.0,80.20833975,58.54167135
103.0,80.62500645,58.54167135
52.0,81.04167315,58.54167135
191.0,81.45833985,58.54167135
149.0,81.87500655,58.54167135
230.0,82.29167325,58.54167135
206.0,82.70833995,58.54167135
139.0,83.12500665,58.54167135
269.0,83.54167335,58.54167135
225.0,83.95834005,58.54167135
225.0,84.37500675,58.54167135
167.0,84.79167345,58.54167135
169.0,85.20834015,58.54167135
151.0,85.62500685,58.54167135
62.0,86.04167355,58.54167135
71.0,86.45834025,58.54167135
30.0,86.87500695,58.54167135
51.0,87.29167365,58.54167135
40.0,96.04167435,58.54167135
-9999.0,19.79166825,58.12500465
63.0,49.79167065,58.12500465
67.0,59.79167145,58.12500465
83.0,60.62500485,58.12500465
145.0,68.54167215,58.12500465
84.0,68.95833885,58.12500465
114.0,69.37500555,58.12500465
76.0,69.79167225,58.12500465
120.0,70.20833895,58.12500465
267.0,70.62500565,58.12500465
258.0,71.04167235,58.12500465
260.0,72.29167245,58.12500465
225.0,72.70833915,58.12500465
187.0,73.12500585,58.12500465
123.0,73.54167255,58.12500465
103.0,73.95833925,58.12500465
174.0,74.37500595,58.12500465
213.0,74.79167265,58.12500465
80.0,75.20833935,58.12500465
56.0,75.62500605,58.12500465
236.0,76.04167275,58.12500465
138.0,76.45833945,58.12500465
77.0,78.54167295,58.12500465
70.0,78.95833965,58.12500465
199.0,82.29167325,58.12500465
278.0,82.70833995,58.12500465
184.0,83.12500665,58.12500465
133.0,83.54167335,58.12500465
62.0,83.95834005,58.12500465
81.0,84.37500675,58.12500465
78.0,84.79167345,58.12500465
61.0,85.20834015,58.12500465
83.0,85.62500685,58.12500465
54.0,86.04167355,58.12500465
89.0,86.45834025,58.12500465
52.0,86.87500695,58.12500465
166.0,87.29167365,58.12500465
158.0,94.79167425,58.12500465
-9999.0,19.79166825,57.70833795
77.0,45.20833695,57.70833795
132.0,45.62500365,57.70833795
68.0,50.20833735,57.70833795
55.0,54.79167105,57.70833795
100.0,68.54167215,57.70833795
68.0,72.29167245,57.70833795
88.0,73.54167255,57.70833795
74.0,74.79167265,57.70833795
71.0,83.12500665,57.70833795
181.0,83.54167335,57.70833795
187.0,83.95834005,57.70833795
60.0,84.37500675,57.70833795
99.0,84.79167345,57.70833795
84.0,85.20834015,57.70833795
114.0,85.62500685,57.70833795
33.0,86.04167355,57.70833795
38.0,86.45834025,57.70833795
129.0,86.87500695,57.70833795
61.0,87.29167365,57.70833795
36.0,91.87500735,57.70833795
54.0,92.70834075,57.70833795
51.0,93.54167415,57.70833795
59.0,-125.20834335,57.29167125
-9999.0,19.37500155,57.29167125
88.0,45.20833695,57.29167125
55.0,52.70833755,57.29167125
49.0,53.95833765,57.29167125
79.0,58.54167135,57.29167125
87.0,63.95833845,57.29167125
90.0,73.95833925,57.29167125
55.0,74.37500595,57.29167125
80.0,75.20833935,57.29167125
44.0,84.37500675,57.29167125
63.0,85.20834015,57.29167125
79.0,85.62500685,57.29167125
83.0,86.87500695,57.29167125
216.0,87.29167365,57.29167125
-9999.0,18.95833485,56.87500455
84.0,22.29166845,56.87500455
64.0,22.70833515,56.87500455
168.0,26.87500215,56.87500455
61.0,44.37500355,56.87500455
82.0,45.62500365,56.87500455
98.0,46.87500375,56.87500455
66.0,48.12500385,56.87500455
66.0,49.37500395,56.87500455
64.0,51.87500415,56.87500455
83.0,55.20833775,56.87500455
83.0,56.87500455,56.87500455
73.0,58.12500465,56.87500455
74.0,58.54167135,56.87500455
85.0,59.37500475,56.87500455
70.0,74.79167265,56.87500455
66.0,75.20833935,56.87500455
46.0,75.62500605,56.87500455
123.0,83.95834005,56.87500455
127.0,84.37500675,56.87500455
63.0,84.79167345,56.87500455
101.0,85.20834015,56.87500455
43.0,85.62500685,56.87500455
70.0,86.04167355,56.87500455
199.0,86.45834025,56.87500455
71.0,86.87500695,56.87500455
99.0,87.70834035,56.87500455
68.0,88.54167375,56.87500455
49.0,90.20834055,56.87500455
67.0,91.45834065,56.87500455
108.0,91.87500735,56.87500455
58.0,93.54167415,56.87500455
97.0,23.95833525,56.45833785
68.0,38.95833645,56.45833785
107.0,68.12500545,56.45833785
105.0,84.37500675,56.45833785
57.0,85.62500685,56.45833785
51.0,86.04167355,56.45833785
96.0,86.45834025,56.45833785
102.0,88.54167375,56.45833785
45.0,88.95834045,56.45833785
91.0,89.37500715,56.45833785
95.0,89.79167385,56.45833785
94.0,93.12500745,56.45833785
41.0,93.54167415,56.45833785
-9999.0,16.87500135,56.04167115
81.0,36.87500295,56.04167115
108.0,37.29166965,56.04167115
117.0,37.70833635,56.04167115
80.0,38.12500305,56.04167115
77.0,38.95833645,56.04167115
87.0,39.37500315,56.04167115
85.0,54.79167105,56.04167115
68.0,84.79167345,56.04167115
43.0,85.20834015,56.04167115
60.0,85.62500685,56.04167115
68.0,86.04167355,56.04167115
61.0,86.45834025,56.04167115
42.0,87.29167365,56.04167115
85.0,88.12500705,56.04167115
121.0,88.95834045,56.04167115
79.0,93.12500745,56.04167115
127.0,93.54167415,56.04167115
91.0,36.87500295,55.62500445
117.0,38.12500305,55.62500445
114.0,39.37500315,55.62500445
95.0,42.70833675,55.62500445
54.0,48.54167055,55.62500445
83.0,59.37500475,55.62500445
86.0,83.54167335,55.62500445
63.0,83.95834005,55.62500445
45.0,84.37500675,55.62500445
53.0,84.79167345,55.62500445
51.0,85.20834015,55.62500445
48.0,85.62500685,55.62500445
62.0,86.04167355,55.62500445
85.0,86.45834025,55.62500445
107.0,86.87500695,55.62500445
90.0,91.04167395,55.62500445
86.0,92.29167405,55.62500445
105.0,92.70834075,55.62500445
100.0,93.12500745,55.62500445
-9999.0,14.37500115,55.20833775
72.0,36.87500295,55.20833775
70.0,37.29166965,55.20833775
46.0,38.54166975,55.20833775
124.0,38.95833645,55.20833775
67.0,46.04167035,55.20833775
75.0,48.54167055,55.20833775
68.0,51.04167075,55.20833775
206.0,63.54167175,55.20833775
101.0,73.12500585,55.20833775
117.0,77.29167285,55.20833775
143.0,78.12500625,55.20833775
89.0,79.79167305,55.20833775
80.0,83.54167335,55.20833775
60.0,83.95834005,55.20833775
42.0,84.37500675,55.20833775
39.0,84.79167345,55.20833775
78.0,85.20834015,55.20833775
68.0,85.62500685,55.20833775
84.0,86.04167355,55.20833775
40.0,86.45834025,55.20833775
100.0,86.87500695,55.20833775
120.0,87.29167365,55.20833775
95.0,88.54167375,55.20833775
107.0,88.95834045,55.20833775
122.0,93.12500745,55.20833775
63.0,93.54167415,55.20833775
105.0,93.95834085,55.20833775
-9999.0,12.70833435,54.79167105
-9999.0,13.54166775,54.79167105
-9999.0,15.20833455,54.79167105
-9999.0,16.87500135,54.79167105
61.0,20.62500165,54.79167105
157.0,21.45833505,54.79167105
61.0,21.87500175,54.79167105
67.0,22.29166845,54.79167105
105.0,23.95833525,54.79167105
65.0,36.87500295,54.79167105
130.0,43.54167015,54.79167105
91.0,46.04167035,54.79167105
88.0,48.12500385,54.79167105
61.0,48.54167055,54.79167105
-9999.0,48.95833725,54.79167105
64.0,50.62500405,54.79167105
70.0,51.04167075,54.79167105
115.0,51.45833745,54.79167105
78.0,51.87500415,54.79167105
88.0,52.70833755,54.79167105
74.0,60.62500485,54.79167105
86.0,61.87500495,54.79167105
120.0,80.62500645,54.79167105
130.0,81.45833985,54.79167105
181.0,82.29167325,54.79167105
131.0,82.70833995,54.79167105
32.0,83.54167335,54.79167105
63.0,83.95834005,54.79167105
60.0,84.79167345,54.79167105
94.0,85.20834015,54.79167105
102.0,86.04167355,54.79167105
119.0,86.45834025,54.79167105
61.0,86.87500695,54.79167105
99.0,87.29167365,54.79167105
103.0,88.95834045,54.79167105
91.0,89.79167385,54.79167105
72.0,93.12500745,54.79167105
93.0,93.54167415,54.79167105
111.0,93.95834085,54.79167105
116.0,94.37500755,54.79167105
83.0,94.79167425,54.79167105
81.0,95.20834095,54.79167105
-9999.0,-3.95833364999999,54.37500435
66.0,36.87500295,54.37500435
57.0,37.29166965,54.37500435
70.0,51.04167075,54.37500435
107.0,69.37500555,54.37500435
102.0,81.45833985,54.37500435
62.0,81.87500655,54.37500435
85.0,82.29167325,54.37500435
75.0,82.70833995,54.37500435
104.0,83.12500665,54.37500435
83.0,83.54167335,54.37500435
75.0,83.95834005,54.37500435
67.0,84.37500675,54.37500435
86.0,85.20834015,54.37500435
41.0,85.62500685,54.37500435
61.0,86.45834025,54.37500435
85.0,87.70834035,54.37500435
89.0,88.12500705,54.37500435
110.0,88.54167375,54.37500435
70.0,88.95834045,54.37500435
84.0,89.37500715,54.37500435
74.0,92.70834075,54.37500435
82.0,93.12500745,54.37500435
77.0,93.54167415,54.37500435
86.0,94.37500755,54.37500435
134.0,94.79167425,54.37500435
124.0,95.20834095,54.37500435
73.0,36.87500295,53.95833765
87.0,39.79166985,53.95833765
88.0,41.87500335,53.95833765
86.0,57.29167125,53.95833765
58.0,68.54167215,53.95833765
135.0,81.04167315,53.95833765
35.0,81.45833985,53.95833765
78.0,82.70833995,53.95833765
59.0,83.12500665,53.95833765
68.0,84.37500675,53.95833765
65.0,85.62500685,53.95833765
73.0,86.45834025,53.95833765
69.0,86.87500695,53.95833765
60.0,87.29167365,53.95833765
96.0,88.12500705,53.95833765
99.0,88.54167375,53.95833765
91.0,88.95834045,53.95833765
81.0,89.37500715,53.95833765
83.0,89.79167385,53.95833765
211.0,91.87500735,53.95833765
63.0,93.95834085,53.95833765
105.0,94.79167425,53.95833765
98.0,95.20834095,53.95833765
-9999.0,-5.62500044999999,53.54167095
101.0,28.54166895,53.54167095
77.0,30.20833575,53.54167095
80.0,30.62500245,53.54167095
119.0,31.04166915,53.54167095
46.0,36.04166955,53.54167095
61.0,36.45833625,53.54167095
108.0,37.29166965,53.54167095
80.0,37.70833635,53.54167095
67.0,38.54166975,53.54167095
46.0,43.95833685,53.54167095
51.0,44.79167025,53.54167095
88.0,46.04167035,53.54167095
77.0,46.45833705,53.54167095
74.0,47.29167045,53.54167095
64.0,48.54167055,53.54167095
52.0,49.37500395,53.54167095
72.0,49.79167065,53.54167095
65.0,50.20833735,53.54167095
69.0,50.62500405,53.54167095
64.0,51.45833745,53.54167095
67.0,51.87500415,53.54167095
75.0,56.45833785,53.54167095
60.0,57.70833795,53.54167095
54.0,67.29167205,53.54167095
64.0,71.04167235,53.54167095
111.0,78.95833965,53.54167095
80.0,79.37500635,53.54167095
118.0,79.79167305,53.54167095
96.0,81.04167315,53.54167095
92.0,81.45833985,53.54167095
137.0,81.87500655,53.54167095
236.0,82.29167325,53.54167095
73.0,82.70833995,53.54167095
84.0,83.12500665,53.54167095
68.0,83.54167335,53.54167095
87.0,83.95834005,53.54167095
68.0,84.37500675,53.54167095
72.0,84.79167345,53.54167095
85.0,85.20834015,53.54167095
92.0,85.62500685,53.54167095
86.0,86.04167355,53.54167095
78.0,86.45834025,53.54167095
93.0,86.87500695,53.54167095
81.0,87.29167365,53.54167095
87.0,88.12500705,53.54167095
77.0,89.37500715,53.54167095
90.0,89.79167385,53.54167095
54.0,90.62500725,53.54167095
119.0,93.95834085,53.54167095
111.0,94.37500755,53.54167095
39.0,23.12500185,53.12500425
63.0,23.54166855,53.12500425
75.0,28.12500225,53.12500425
100.0,28.54166895,53.12500425
78.0,30.62500245,53.12500425
45.0,36.87500295,53.12500425
85.0,39.37500315,53.12500425
96.0,41.87500335,53.12500425
119.0,43.12500345,53.12500425
61.0,61.04167155,53.12500425
67.0,61.87500495,53.12500425
194.0,63.12500505,53.12500425
101.0,63.54167175,53.12500425
169.0,73.12500585,53.12500425
88.0,75.20833935,53.12500425
86.0,79.37500635,53.12500425
39.0,80.62500645,53.12500425
32.0,81.87500655,53.12500425
48.0,82.70833995,53.12500425
26.0,83.12500665,53.12500425
108.0,83.95834005,53.12500425
93.0,84.37500675,53.12500425
94.0,85.62500685,53.12500425
47.0,86.04167355,53.12500425
82.0,86.45834025,53.12500425
78.0,86.87500695,53.12500425
70.0,87.29167365,53.12500425
98.0,87.70834035,53.12500425
91.0,88.12500705,53.12500425
98.0,88.54167375,53.12500425
116.0,89.37500715,53.12500425
77.0,89.79167385,53.12500425
47.0,90.20834055,53.12500425
61.0,90.62500725,53.12500425
68.0,92.29167405,53.12500425
72.0,-116.45834265,52.70833755
-9999.0,-55.62500445,52.70833755
37.0,23.12500185,52.70833755
60.0,23.54166855,52.70833755
77.0,30.62500245,52.70833755
57.0,35.62500285,52.70833755
57.0,36.04166955,52.70833755
99.0,61.87500495,52.70833755
65.0,68.54167215,52.70833755
53.0,68.95833885,52.70833755
69.0,75.20833935,52.70833755
76.0,78.12500625,52.70833755
71.0,79.37500635,52.70833755
33.0,80.62500645,52.70833755
50.0,81.87500655,52.70833755
45.0,83.12500665,52.70833755
127.0,83.95834005,52.70833755
128.0,84.37500675,52.70833755
103.0,85.62500685,52.70833755
118.0,86.04167355,52.70833755
82.0,86.45834025,52.70833755
87.0,86.87500695,52.70833755
90.0,87.29167365,52.70833755
95.0,88.12500705,52.70833755
119.0,88.54167375,52.70833755
113.0,88.95834045,52.70833755
78.0,89.37500715,52.70833755
77.0,89.79167385,52.70833755
88.0,90.62500725,52.70833755
96.0,91.45834065,52.70833755
122.0,91.87500735,52.70833755
55.0,100.20834135,52.70833755
-9999.0,-55.62500445,52.29167085
-9999.0,-55.20833775,52.29167085
50.0,16.87500135,52.29167085
27.0,18.95833485,52.29167085
31.0,23.95833525,52.29167085
61.0,29.79166905,52.29167085
103.0,31.04166915,52.29167085
46.0,32.29166925,52.29167085
57.0,35.62500285,52.29167085
69.0,36.04166955,52.29167085
76.0,36.87500295,52.29167085
64.0,37.29166965,52.29167085
76.0,39.37500315,52.29167085
198.0,41.87500335,52.29167085
206.0,43.12500345,52.29167085
62.0,44.37500355,52.29167085
69.0,46.87500375,52.29167085
81.0,47.29167045,52.29167085
-9999.0,48.12500385,52.29167085
60.0,51.04167075,52.29167085
49.0,53.54167095,52.29167085
38.0,53.95833765,52.29167085
47.0,55.20833775,52.29167085
76.0,55.62500445,52.29167085
80.0,56.45833785,52.29167085
81.0,57.70833795,52.29167085
41.0,58.12500465,52.29167085
47.0,58.54167135,52.29167085
60.0,58.95833805,52.29167085
49.0,59.37500475,52.29167085
75.0,64.37500515,52.29167085
69.0,64.79167185,52.29167085
72.0,67.29167205,52.29167085
51.0,73.12500585,52.29167085
83.0,75.62500605,52.29167085
90.0,78.12500625,52.29167085
82.0,78.54167295,52.29167085
86.0,78.95833965,52.29167085
73.0,79.37500635,52.29167085
97.0,79.79167305,52.29167085
41.0,80.20833975,52.29167085
65.0,80.62500645,52.29167085
147.0,81.04167315,52.29167085
127.0,81.45833985,52.29167085
61.0,81.87500655,52.29167085
74.0,82.29167325,52.29167085
46.0,82.70833995,52.29167085
76.0,83.12500665,52.29167085
58.0,83.54167335,52.29167085
69.0,83.95834005,52.29167085
54.0,84.37500675,52.29167085
62.0,84.79167345,52.29167085
66.0,85.20834015,52.29167085
110.0,85.62500685,52.29167085
69.0,86.04167355,52.29167085
94.0,86.45834025,52.29167085
98.0,86.87500695,52.29167085
88.0,87.29167365,52.29167085
104.0,88.12500705,52.29167085
82.0,88.54167375,52.29167085
105.0,88.95834045,52.29167085
94.0,89.37500715,52.29167085
85.0,90.62500725,52.29167085
98.0,91.45834065,52.29167085
73.0,93.54167415,52.29167085
72.0,-116.04167595,51.87500415
-9999.0,-55.20833775,51.87500415
51.0,10.62500085,51.87500415
82.0,26.87500215,51.87500415
44.0,28.54166895,51.87500415
46.0,29.79166905,51.87500415
51.0,30.20833575,51.87500415
43.0,32.70833595,51.87500415
58.0,33.95833605,51.87500415
50.0,34.37500275,51.87500415
56.0,35.20833615,51.87500415
55.0,35.62500285,51.87500415
60.0,36.45833625,51.87500415
54.0,36.87500295,51.87500415
93.0,47.70833715,51.87500415
83.0,48.12500385,51.87500415
37.0,56.45833785,51.87500415
53.0,58.95833805,51.87500415
97.0,59.37500475,51.87500415
75.0,59.79167145,51.87500415
88.0,61.45833825,51.87500415
135.0,64.37500515,51.87500415
60.0,64.79167185,51.87500415
49.0,66.87500535,51.87500415
91.0,68.54167215,51.87500415
100.0,78.12500625,51.87500415
58.0,79.37500635,51.87500415
145.0,80.62500645,51.87500415
102.0,81.04167315,51.87500415
46.0,81.87500655,51.87500415
52.0,82.29167325,51.87500415
66.0,83.54167335,51.87500415
68.0,83.95834005,51.87500415
106.0,84.79167345,51.87500415
99.0,85.20834015,51.87500415
85.0,85.62500685,51.87500415
102.0,86.04167355,51.87500415
93.0,86.45834025,51.87500415
103.0,86.87500695,51.87500415
103.0,87.29167365,51.87500415
112.0,87.70834035,51.87500415
79.0,88.12500705,51.87500415
102.0,88.54167375,51.87500415
77.0,89.79167385,51.87500415
68.0,91.04167395,51.87500415
97.0,91.87500735,51.87500415
51.0,101.04167475,51.87500415
36.0,-111.04167555,51.45833745
158.0,-56.04167115,51.45833745
110.0,-55.62500445,51.45833745
-9999.0,-55.20833775,51.45833745
82.0,26.87500215,51.45833745
83.0,31.87500255,51.45833745
38.0,33.95833605,51.45833745
50.0,34.37500275,51.45833745
90.0,34.79166945,51.45833745
54.0,36.04166955,51.45833745
210.0,36.45833625,51.45833745
41.0,37.29166965,51.45833745
67.0,50.20833735,51.45833745
60.0,55.62500445,51.45833745
51.0,56.87500455,51.45833745
74.0,60.20833815,51.45833745
41.0,60.62500485,51.45833745
133.0,61.04167155,51.45833745
66.0,65.20833855,51.45833745
81.0,66.87500535,51.45833745
106.0,67.70833875,51.45833745
78.0,68.12500545,51.45833745
90.0,68.54167215,51.45833745
99.0,68.95833885,51.45833745
48.0,73.12500585,51.45833745
51.0,74.79167265,51.45833745
52.0,75.20833935,51.45833745
54.0,78.12500625,51.45833745
25.0,79.37500635,51.45833745
37.0,80.20833975,51.45833745
173.0,80.62500645,51.45833745
52.0,81.04167315,51.45833745
70.0,81.87500655,51.45833745
105.0,83.95834005,51.45833745
86.0,84.37500675,51.45833745
92.0,84.79167345,51.45833745
70.0,91.04167395,51.45833745
65.0,91.87500735,51.45833745
72.0,-115.20834255,51.04167075
53.0,-114.37500915,51.04167075
43.0,-103.95834165,51.04167075
99.0,-56.04167115,51.04167075
-9999.0,-55.62500445,51.04167075
-9999.0,-55.20833775,51.04167075
56.0,31.45833585,51.04167075
62.0,31.87500255,51.04167075
140.0,32.70833595,51.04167075
55.0,34.37500275,51.04167075
54.0,36.04166955,51.04167075
149.0,37.29166965,51.04167075
71.0,43.95833685,51.04167075
72.0,46.87500375,51.04167075
63.0,56.87500455,51.04167075
83.0,59.37500475,51.04167075
74.0,59.79167145,51.04167075
87.0,61.04167155,51.04167075
109.0,64.37500515,51.04167075
79.0,64.79167185,51.04167075
42.0,65.62500525,51.04167075
74.0,66.87500535,51.04167075
63.0,67.29167205,51.04167075
63.0,68.12500545,51.04167075
67.0,68.54167215,51.04167075
54.0,73.12500585,51.04167075
43.0,76.45833945,51.04167075
69.0,78.12500625,51.04167075
32.0,78.95833965,51.04167075
48.0,79.37500635,51.04167075
140.0,79.79167305,51.04167075
41.0,80.20833975,51.04167075
44.0,80.62500645,51.04167075
64.0,81.87500655,51.04167075
78.0,82.29167325,51.04167075
119.0,83.12500665,51.04167075
74.0,83.95834005,51.04167075
79.0,84.37500675,51.04167075
79.0,84.79167345,51.04167075
20.0,91.04167395,51.04167075
75.0,91.87500735,51.04167075
80.0,-115.62500925,50.62500405
34.0,-107.29167525,50.62500405
140.0,-63.95833845,50.62500405
-9999.0,-57.70833795,50.62500405
212.0,-57.29167125,50.62500405
90.0,-56.87500455,50.62500405
117.0,-56.45833785,50.62500405
-9999.0,-55.62500445,50.62500405
52.0,7.70833395,50.62500405
69.0,33.12500265,50.62500405
110.0,33.95833605,50.62500405
39.0,34.37500275,50.62500405
51.0,34.79166945,50.62500405
44.0,37.29166965,50.62500405
56.0,38.54166975,50.62500405
61.0,38.95833645,50.62500405
47.0,39.79166985,50.62500405
67.0,40.62500325,50.62500405
182.0,41.04166995,50.62500405
69.0,42.29167005,50.62500405
100.0,43.12500345,50.62500405
109.0,49.79167065,50.62500405
55.0,50.62500405,50.62500405
69.0,51.04167075,50.62500405
60.0,51.45833745,50.62500405
29.0,56.04167115,50.62500405
38.0,56.45833785,50.62500405
27.0,56.87500455,50.62500405
47.0,57.29167125,50.62500405
91.0,58.95833805,50.62500405
107.0,59.37500475,50.62500405
66.0,59.79167145,50.62500405
107.0,60.20833815,50.62500405
44.0,60.62500485,50.62500405
119.0,61.45833825,50.62500405
67.0,62.29167165,50.62500405
77.0,64.37500515,50.62500405
101.0,64.79167185,50.62500405
56.0,65.20833855,50.62500405
95.0,65.62500525,50.62500405
71.0,66.04167195,50.62500405
58.0,66.87500535,50.62500405
60.0,76.87500615,50.62500405
37.0,77.70833955,50.62500405
30.0,78.54167295,50.62500405
118.0,78.95833965,50.62500405
59.0,79.37500635,50.62500405
49.0,79.79167305,50.62500405
54.0,80.20833975,50.62500405
54.0,81.45833985,50.62500405
63.0,81.87500655,50.62500405
82.0,82.29167325,50.62500405
94.0,82.70833995,50.62500405
90.0,83.54167335,50.62500405
65.0,84.37500675,50.62500405
78.0,84.79167345,50.62500405
74.0,85.20834015,50.62500405
83.0,86.04167355,50.62500405
75.0,86.45834025,50.62500405
123.0,89.37500715,50.62500405
7.0,89.79167385,50.62500405
56.0,91.45834065,50.62500405
64.0,92.29167405,50.62500405
64.0,94.37500755,50.62500405
98.0,128.12501025,50.62500405
41.0,-106.87500855,50.20833735
-9999.0,-63.95833845,50.20833735
-9999.0,-57.70833795,50.20833735
98.0,-57.29167125,50.20833735
106.0,-56.87500455,50.20833735
-9999.0,-56.45833785,50.20833735
-9999.0,-56.04167115,50.20833735
-9999.0,-55.62500445,50.20833735
-9999.0,-55.20833775,50.20833735
69.0,5.62500045000002,50.20833735
48.0,6.87500055000001,50.20833735
38.0,7.29166724999999,50.20833735
31.0,10.62500085,50.20833735
55.0,19.37500155,50.20833735
45.0,19.79166825,50.20833735
24.0,20.62500165,50.20833735
74.0,26.04166875,50.20833735
43.0,26.45833545,50.20833735
72.0,27.29166885,50.20833735
51.0,27.70833555,50.20833735
49.0,28.95833565,50.20833735
39.0,29.37500235,50.20833735
38.0,29.79166905,50.20833735
48.0,33.12500265,50.20833735
76.0,33.54166935,50.20833735
126.0,37.29166965,50.20833735
74.0,49.79167065,50.20833735
72.0,50.20833735,50.20833735
25.0,57.70833795,50.20833735
106.0,58.95833805,50.20833735
63.0,59.37500475,50.20833735
95.0,60.62500485,50.20833735
108.0,61.04167155,50.20833735
57.0,66.87500535,50.20833735
52.0,68.12500545,50.20833735
99.0,70.62500565,50.20833735
23.0,76.87500615,50.20833735
25.0,77.29167285,50.20833735
49.0,78.12500625,50.20833735
36.0,78.95833965,50.20833735
44.0,79.37500635,50.20833735
40.0,79.79167305,50.20833735
73.0,81.87500655,50.20833735
130.0,83.95834005,50.20833735
85.0,84.37500675,50.20833735
70.0,84.79167345,50.20833735
76.0,85.20834015,50.20833735
47.0,91.87500735,50.20833735
60.0,127.70834355,50.20833735
33.0,-106.87500855,49.79167065
110.0,-57.70833795,49.79167065
-9999.0,-54.79167105,49.79167065
45.0,8.95833404999999,49.79167065
43.0,11.45833425,49.79167065
36.0,21.87500175,49.79167065
36.0,22.29166845,49.79167065
34.0,22.70833515,49.79167065
35.0,23.12500185,49.79167065
53.0,23.54166855,49.79167065
35.0,23.95833525,49.79167065
36.0,24.37500195,49.79167065
60.0,24.79166865,49.79167065
41.0,25.20833535,49.79167065
39.0,25.62500205,49.79167065
50.0,26.87500215,49.79167065
47.0,28.54166895,49.79167065
54.0,40.62500325,49.79167065
50.0,47.29167045,49.79167065
62.0,49.79167065,49.79167065
37.0,56.87500455,49.79167065
51.0,58.12500465,49.79167065
63.0,59.37500475,49.79167065
69.0,59.79167145,49.79167065
89.0,60.20833815,49.79167065
31.0,60.62500485,49.79167065
79.0,61.45833825,49.79167065
95.0,66.04167195,49.79167065
82.0,66.87500535,49.79167065
47.0,74.37500595,49.79167065
47.0,74.79167265,49.79167065
107.0,75.20833935,49.79167065
55.0,75.62500605,49.79167065
61.0,76.04167275,49.79167065
42.0,76.87500615,49.79167065
48.0,77.70833955,49.79167065
41.0,80.20833975,49.79167065
38.0,81.04167315,49.79167065
35.0,81.87500655,49.79167065
87.0,84.37500675,49.79167065
94.0,84.79167345,49.79167065
92.0,85.62500685,49.79167065
0.0,86.04167355,49.79167065
70.0,91.45834065,49.79167065
75.0,94.37500755,49.79167065
353.0,136.04167755,49.79167065
158.0,136.45834425,49.79167065
274.0,136.87501095,49.79167065
100.0,-57.70833795,49.37500395
76.0,-56.45833785,49.37500395
65.0,-55.62500445,49.37500395
122.0,-55.20833775,49.37500395
62.0,11.87500095,49.37500395
56.0,19.37500155,49.37500395
64.0,19.79166825,49.37500395
60.0,20.20833495,49.37500395
53.0,23.12500185,49.37500395
36.0,24.79166865,49.37500395
57.0,25.20833535,49.37500395
34.0,28.54166895,49.37500395
79.0,32.70833595,49.37500395
57.0,38.12500305,49.37500395
55.0,58.54167135,49.37500395
46.0,59.37500475,49.37500395
52.0,59.79167145,49.37500395
45.0,60.20833815,49.37500395
31.0,60.62500485,49.37500395
39.0,61.04167155,49.37500395
94.0,66.04167195,49.37500395
88.0,66.45833865,49.37500395
47.0,66.87500535,49.37500395
86.0,74.79167265,49.37500395
46.0,75.20833935,49.37500395
51.0,75.62500605,49.37500395
55.0,76.04167275,49.37500395
48.0,76.87500615,49.37500395
46.0,77.29167285,49.37500395
34.0,77.70833955,49.37500395
50.0,79.79167305,49.37500395
40.0,80.20833975,49.37500395
42.0,81.87500655,49.37500395
49.0,84.37500675,49.37500395
62.0,84.79167345,49.37500395
74.0,85.20834015,49.37500395
72.0,86.45834025,49.37500395
56.0,88.12500705,49.37500395
76.0,94.37500755,49.37500395
126.0,134.79167745,49.37500395
100.0,135.20834415,49.37500395
151.0,135.62501085,49.37500395
330.0,136.04167755,49.37500395
163.0,136.45834425,49.37500395
40.0,-113.12500905,48.95833725
95.0,-56.45833785,48.95833725
74.0,-55.62500445,48.95833725
97.0,49.79167065,48.95833725
36.0,59.79167145,48.95833725
44.0,60.62500485,48.95833725
74.0,65.62500525,48.95833725
52.0,68.12500545,48.95833725
28.0,69.37500555,48.95833725
40.0,75.20833935,48.95833725
53.0,75.62500605,48.95833725
54.0,76.04167275,48.95833725
52.0,76.87500615,48.95833725
48.0,81.87500655,48.95833725
128.0,85.20834015,48.95833725
80.0,86.04167355,48.95833725
40.0,86.45834025,48.95833725
115.0,86.87500695,48.95833725
94.0,88.12500705,48.95833725
61.0,133.54167735,48.95833725
82.0,134.37501075,48.95833725
121.0,135.20834415,48.95833725
134.0,135.62501085,48.95833725
51.0,13.95833445,48.54167055
48.0,22.70833515,48.54167055
92.0,23.54166855,48.54167055
32.0,26.04166875,48.54167055
34.0,57.29167125,48.54167055
42.0,59.79167145,48.54167055
31.0,71.04167235,48.54167055
45.0,89.79167385,48.54167055
63.0,90.62500725,48.54167055
62.0,132.29167725,48.54167055
409.0,133.12501065,48.54167055
88.0,134.37501075,48.54167055
55.0,135.20834415,48.54167055
68.0,-113.12500905,48.12500385
38.0,-101.87500815,48.12500385
35.0,5.62500045000002,48.12500385
32.0,7.29166724999999,48.12500385
55.0,10.62500085,48.12500385
89.0,21.87500175,48.12500385
21.0,22.29166845,48.12500385
84.0,24.37500195,48.12500385
53.0,24.79166865,48.12500385
77.0,36.87500295,48.12500385
60.0,50.20833735,48.12500385
36.0,57.29167125,48.12500385
33.0,59.79167145,48.12500385
37.0,66.45833865,48.12500385
51.0,74.37500595,48.12500385
61.0,91.04167395,48.12500385
202.0,92.70834075,48.12500385
109.0,131.87501055,48.12500385
66.0,132.29167725,48.12500385
71.0,132.70834395,48.12500385
251.0,133.12501065,48.12500385
288.0,133.54167735,48.12500385
262.0,133.95834405,48.12500385
142.0,134.37501075,48.12500385
90.0,134.79167745,48.12500385
32.0,-120.20834295,47.70833715
115.0,10.62500085,47.70833715
84.0,11.04166755,47.70833715
34.0,22.29166845,47.70833715
55.0,23.95833525,47.70833715
55.0,24.37500195,47.70833715
98.0,24.79166865,47.70833715
57.0,25.20833535,47.70833715
46.0,34.79166945,47.70833715
35.0,35.62500285,47.70833715
66.0,36.04166955,47.70833715
43.0,50.20833735,47.70833715
55.0,50.62500405,47.70833715
65.0,51.04167075,47.70833715
56.0,51.45833745,47.70833715
64.0,52.70833755,47.70833715
74.0,56.87500455,47.70833715
68.0,57.29167125,47.70833715
79.0,57.70833795,47.70833715
71.0,58.12500465,47.70833715
81.0,58.54167135,47.70833715
77.0,58.95833805,47.70833715
84.0,60.20833815,47.70833715
72.0,60.62500485,47.70833715
34.0,85.62500685,47.70833715
46.0,92.70834075,47.70833715
49.0,131.04167715,47.70833715
67.0,131.45834385,47.70833715
197.0,131.87501055,47.70833715
222.0,132.29167725,47.70833715
127.0,132.70834395,47.70833715
153.0,133.12501065,47.70833715
196.0,133.54167735,47.70833715
169.0,133.95834405,47.70833715
37.0,-110.62500885,47.29167045
77.0,8.95833404999999,47.29167045
40.0,24.37500195,47.29167045
51.0,24.79166865,47.29167045
-9999.0,40.20833655,47.29167045
93.0,53.54167095,47.29167045
73.0,53.95833765,47.29167045
56.0,54.37500435,47.29167045
73.0,58.95833805,47.29167045
66.0,60.20833815,47.29167045
67.0,60.62500485,47.29167045
71.0,66.04167195,47.29167045
33.0,84.37500675,47.29167045
37.0,85.20834015,47.29167045
30.0,86.45834025,47.29167045
86.0,91.45834065,47.29167045
99.0,131.04167715,47.29167045
69.0,132.29167725,47.29167045
169.0,132.70834395,47.29167045
20.0,-118.95834285,46.87500375
33.0,-113.12500905,46.87500375
37.0,3.54166695000001,46.87500375
-9999.0,6.87500055000001,46.87500375
73.0,7.70833395,46.87500375
79.0,8.12500065,46.87500375
63.0,53.54167095,46.87500375
65.0,65.62500525,46.87500375
68.0,66.04167195,46.87500375
68.0,66.87500535,46.87500375
90.0,67.29167205,46.87500375
27.0,81.04167315,46.87500375
56.0,84.79167345,46.87500375
52.0,91.04167395,46.87500375
24.0,92.70834075,46.87500375
62.0,93.12500745,46.87500375
135.0,132.29167725,46.87500375
98.0,132.70834395,46.87500375
30.0,-117.70834275,46.45833705
62.0,5.62500045000002,46.45833705
40.0,15.62500125,46.45833705
18.0,16.87500135,46.45833705
24.0,17.29166805,46.45833705
21.0,17.70833475,46.45833705
41.0,24.37500195,46.45833705
47.0,25.20833535,46.45833705
60.0,39.37500315,46.45833705
49.0,40.62500325,46.45833705
33.0,41.87500335,46.45833705
91.0,53.54167095,46.45833705
36.0,53.95833765,46.45833705
76.0,54.37500435,46.45833705
69.0,66.87500535,46.45833705
18.0,67.29167205,46.45833705
106.0,132.70834395,46.45833705
75.0,133.95834405,46.45833705
40.0,-0.208333350000004,46.04167035
90.0,8.54166735000001,46.04167035
66.0,8.95833404999999,46.04167035
48.0,11.45833425,46.04167035
59.0,14.79166785,46.04167035
27.0,16.45833465,46.04167035
19.0,17.29166805,46.04167035
36.0,24.37500195,46.04167035
49.0,24.79166865,46.04167035
39.0,25.62500205,46.04167035
31.0,27.70833555,46.04167035
67.0,38.54166975,46.04167035
38.0,38.95833645,46.04167035
43.0,39.37500315,46.04167035
57.0,39.79166985,46.04167035
47.0,40.20833655,46.04167035
49.0,40.62500325,46.04167035
45.0,41.04166995,46.04167035
31.0,41.87500335,46.04167035
109.0,53.54167095,46.04167035
84.0,53.95833765,46.04167035
70.0,54.37500435,46.04167035
74.0,54.79167105,46.04167035
22.0,83.54167335,46.04167035
33.0,84.37500675,46.04167035
30.0,84.79167345,46.04167035
36.0,91.45834065,46.04167035
39.0,92.29167405,46.04167035
147.0,133.12501065,46.04167035
102.0,133.54167735,46.04167035
38.0,-116.87500935,45.62500365
36.0,-113.12500905,45.62500365
16.0,-112.70834235,45.62500365
24.0,-0.208333350000004,45.62500365
37.0,0.625000050000011,45.62500365
36.0,1.04166674999999,45.62500365
61.0,1.87500015000001,45.62500365
69.0,2.29166685000001,45.62500365
60.0,2.70833354999999,45.62500365
39.0,3.12500025,45.62500365
46.0,5.62500045000002,45.62500365
49.0,10.20833415,45.62500365
79.0,10.62500085,45.62500365
58.0,11.04166755,45.62500365
32.0,11.87500095,45.62500365
35.0,16.45833465,45.62500365
37.0,23.12500185,45.62500365
50.0,24.37500195,45.62500365
47.0,26.04166875,45.62500365
36.0,27.29166885,45.62500365
31.0,38.95833645,45.62500365
48.0,39.37500315,45.62500365
39.0,39.79166985,45.62500365
45.0,41.04166995,45.62500365
55.0,43.12500345,45.62500365
15.0,66.45833865,45.62500365
14.0,66.87500535,45.62500365
29.0,67.70833875,45.62500365
25.0,80.20833975,45.62500365
29.0,91.87500735,45.62500365
31.0,92.70834075,45.62500365
38.0,-116.04167595,45.20833695
32.0,-107.29167525,45.20833695
67.0,2.70833354999999,45.20833695
28.0,9.79166745000001,45.20833695
32.0,11.04166755,45.20833695
34.0,11.45833425,45.20833695
94.0,26.87500215,45.20833695
113.0,29.37500235,45.20833695
56.0,39.37500315,45.20833695
20.0,66.87500535,45.20833695
66.0,79.79167305,45.20833695
-9999.0,132.29167725,45.20833695
-9999.0,132.70834395,45.20833695
76.0,133.12501065,45.20833695
38.0,-112.29167565,44.79167025
58.0,3.12500025,44.79167025
72.0,4.37500034999999,44.79167025
42.0,7.70833395,44.79167025
68.0,15.20833455,44.79167025
71.0,16.04166795,44.79167025
41.0,17.29166805,44.79167025
31.0,24.79166865,44.79167025
33.0,25.62500205,44.79167025
37.0,26.45833545,44.79167025
36.0,26.87500215,44.79167025
33.0,39.37500315,44.79167025
103.0,41.04166995,44.79167025
35.0,44.37500355,44.79167025
26.0,44.79167025,44.79167025
-9999.0,132.29167725,44.79167025
56.0,132.70834395,44.79167025
49.0,133.12501065,44.79167025
36.0,-103.54167495,44.37500355
31.0,1.04166674999999,44.37500355
54.0,3.95833365000001,44.37500355
37.0,11.04166755,44.37500355
-9999.0,14.37500115,44.37500355
69.0,14.79166785,44.37500355
46.0,18.12500145,44.37500355
27.0,20.20833495,44.37500355
28.0,23.12500185,44.37500355
34.0,24.79166865,44.37500355
-9999.0,29.79166905,44.37500355
51.0,41.04166995,44.37500355
17.0,66.87500535,44.37500355
55.0,135.62501085,44.37500355
-9999.0,136.04167755,44.37500355
50.0,-114.79167585,43.95833685
66.0,-110.62500885,43.95833685
27.0,1.04166674999999,43.95833685
27.0,1.87500015000001,43.95833685
38.0,2.29166685000001,43.95833685
46.0,2.70833354999999,43.95833685
56.0,3.54166695000001,43.95833685
37.0,16.04166795,43.95833685
53.0,19.37500155,43.95833685
60.0,23.12500185,43.95833685
48.0,23.54166855,43.95833685
23.0,23.95833525,43.95833685
48.0,24.79166865,43.95833685
52.0,25.62500205,43.95833685
33.0,26.04166875,43.95833685
75.0,40.20833655,43.95833685
72.0,41.04166995,43.95833685
38.0,41.87500335,43.95833685
48.0,44.37500355,43.95833685
-9999.0,48.12500385,43.95833685
64.0,83.54167335,43.95833685
67.0,84.37500675,43.95833685
28.0,85.20834015,43.95833685
26.0,85.62500685,43.95833685
27.0,86.04167355,43.95833685
19.0,92.29167405,43.95833685
29.0,-115.62500925,43.54167015
17.0,-108.95834205,43.54167015
27.0,-108.12500865,43.54167015
-9999.0,-5.20833375000001,43.54167015
-9999.0,-3.54166695000001,43.54167015
46.0,3.12500025,43.54167015
53.0,4.79166705,43.54167015
34.0,6.45833385,43.54167015
-9999.0,8.12500065,43.54167015
-9999.0,10.20833415,43.54167015
35.0,16.45833465,43.54167015
50.0,19.79166825,43.54167015
38.0,24.37500195,43.54167015
83.0,40.20833655,43.54167015
97.0,40.62500325,43.54167015
70.0,41.87500335,43.54167015
80.0,42.29167005,43.54167015
-9999.0,47.70833715,43.54167015
-9999.0,48.12500385,43.54167015
20.0,80.20833975,43.54167015
19.0,80.62500645,43.54167015
74.0,83.54167335,43.54167015
68.0,84.37500675,43.54167015
67.0,84.79167345,43.54167015
59.0,86.45834025,43.54167015
66.0,86.87500695,43.54167015
14.0,-107.70834195,43.12500345
53.0,-6.87500055000001,43.12500345
58.0,-6.04166714999999,43.12500345
59.0,-5.62500044999999,43.12500345
80.0,-5.20833375000001,43.12500345
71.0,-3.54166695000001,43.12500345
55.0,-2.29166684999998,43.12500345
33.0,1.04166674999999,43.12500345
31.0,1.87500015000001,43.12500345
27.0,2.29166685000001,43.12500345
27.0,2.70833354999999,43.12500345
27.0,6.04166714999999,43.12500345
-9999.0,7.29166724999999,43.12500345
37.0,10.62500085,43.12500345
33.0,13.12500105,43.12500345
-9999.0,14.37500115,43.12500345
44.0,16.87500135,43.12500345
51.0,17.29166805,43.12500345
50.0,20.20833495,43.12500345
43.0,20.62500165,43.12500345
32.0,21.87500175,43.12500345
27.0,26.87500215,43.12500345
89.0,41.45833665,43.12500345
89.0,42.29167005,43.12500345
71.0,42.70833675,43.12500345
65.0,43.12500345,43.12500345
-9999.0,48.12500385,43.12500345
73.0,80.62500645,43.12500345
46.0,81.04167315,43.12500345
23.0,81.87500655,43.12500345
74.0,83.12500665,43.12500345
97.0,83.54167335,43.12500345
96.0,84.37500675,43.12500345
55.0,85.20834015,43.12500345
61.0,131.87501055,43.12500345
65.0,132.70834395,43.12500345
123.0,133.54167735,43.12500345
100.0,134.37501075,43.12500345
-9999.0,134.79167745,43.12500345
17.0,-107.70834195,42.70833675
29.0,-106.45834185,42.70833675
30.0,-106.04167515,42.70833675
20.0,-103.12500825,42.70833675
28.0,-98.54167455,42.70833675
-9999.0,10.62500085,42.70833675
-9999.0,16.04166795,42.70833675
32.0,20.62500165,42.70833675
29.0,21.87500175,42.70833675
45.0,24.37500195,42.70833675
51.0,25.20833535,42.70833675
28.0,26.87500215,42.70833675
85.0,41.87500335,42.70833675
76.0,42.70833675,42.70833675
65.0,43.95833685,42.70833675
61.0,44.79167025,42.70833675
54.0,45.20833695,42.70833675
57.0,46.04167035,42.70833675
67.0,81.04167315,42.70833675
62.0,81.87500655,42.70833675
52.0,82.29167325,42.70833675
75.0,131.04167715,42.70833675
71.0,133.12501065,42.70833675
-9999.0,133.54167735,42.70833675
-9999.0,133.95834405,42.70833675
16.0,-116.87500935,42.29167005
24.0,-115.62500925,42.29167005
20.0,-106.45834185,42.29167005
30.0,-105.62500845,42.29167005
34.0,-98.54167455,42.29167005
30.0,-6.04166714999999,42.29167005
25.0,-5.62500044999999,42.29167005
20.0,-5.20833375000001,42.29167005
24.0,-1.87500015000001,42.29167005
24.0,-1.45833345,42.29167005
27.0,-1.04166674999999,42.29167005
81.0,-0.208333350000004,42.29167005
48.0,0.208333350000004,42.29167005
24.0,3.12500025,42.29167005
-9999.0,14.79166785,42.29167005
-9999.0,15.20833455,42.29167005
-9999.0,17.70833475,42.29167005
-9999.0,18.12500145,42.29167005
51.0,21.04166835,42.29167005
26.0,21.87500175,42.29167005
23.0,24.37500195,42.29167005
19.0,24.79166865,42.29167005
42.0,26.45833545,42.29167005
33.0,26.87500215,42.29167005
66.0,45.20833695,42.29167005
53.0,130.62501045,42.29167005
18.0,-104.79167505,41.87500335
18.0,-100.62500805,41.87500335
22.0,-99.79167465,41.87500335
45.0,-96.04167435,41.87500335
39.0,-6.04166714999999,41.87500335
19.0,-5.62500044999999,41.87500335
21.0,-1.45833345,41.87500335
30.0,-1.04166674999999,41.87500335
22.0,-0.625000050000011,41.87500335
27.0,-0.208333350000004,41.87500335
24.0,0.208333350000004,41.87500335
35.0,0.625000050000011,41.87500335
26.0,1.04166674999999,41.87500335
32.0,1.45833345,41.87500335
61.0,13.54166775,41.87500335
28.0,14.79166785,41.87500335
28.0,15.20833455,41.87500335
39.0,24.37500195,41.87500335
36.0,24.79166865,41.87500335
31.0,25.62500205,41.87500335
22.0,26.04166875,41.87500335
52.0,47.70833715,41.87500335
28.0,122.70834315,41.87500335
26.0,123.12500985,41.87500335
39.0,-121.87500975,41.45833665
44.0,-106.45834185,41.45833665
22.0,-104.79167505,41.45833665
30.0,-97.29167445,41.45833665
18.0,-1.45833345,41.45833665
22.0,-1.04166674999999,41.45833665
22.0,-0.625000050000011,41.45833665
20.0,-0.208333350000004,41.45833665
26.0,0.208333350000004,41.45833665
22.0,0.625000050000011,41.45833665
21.0,1.87500015000001,41.45833665
-9999.0,8.54166735000001,41.45833665
-9999.0,8.95833404999999,41.45833665
40.0,12.70833435,41.45833665
42.0,13.95833445,41.45833665
30.0,14.79166785,41.45833665
30.0,15.20833455,41.45833665
19.0,15.62500125,41.45833665
-9999.0,19.37500155,41.45833665
25.0,21.45833505,41.45833665
29.0,22.29166845,41.45833665
21.0,22.70833515,41.45833665
26.0,23.12500185,41.45833665
33.0,25.20833535,41.45833665
25.0,25.62500205,41.45833665
23.0,26.04166875,41.45833665
20.0,26.45833545,41.45833665
19.0,26.87500215,41.45833665
28.0,27.70833555,41.45833665
29.0,28.12500225,41.45833665
-9999.0,28.95833565,41.45833665
-9999.0,29.79166905,41.45833665
-9999.0,30.20833575,41.45833665
27.0,79.37500635,41.45833665
14.0,80.20833975,41.45833665
19.0,122.29167645,41.45833665
25.0,122.70834315,41.45833665
26.0,-108.95834205,41.04166995
47.0,-106.87500855,41.04166995
25.0,-105.62500845,41.04166995
32.0,-98.12500785,41.04166995
25.0,-5.62500044999999,41.04166995
16.0,-5.20833375000001,41.04166995
25.0,-2.29166684999998,41.04166995
21.0,-1.87500015000001,41.04166995
23.0,-1.45833345,41.04166995
30.0,-1.04166674999999,41.04166995
27.0,-0.625000050000011,41.04166995
21.0,-0.208333350000004,41.04166995
25.0,0.208333350000004,41.04166995
-9999.0,2.29166685000001,41.04166995
-9999.0,8.12500065,41.04166995
-9999.0,8.54166735000001,41.04166995
45.0,8.95833404999999,41.04166995
-9999.0,13.12500105,41.04166995
-9999.0,18.12500145,41.04166995
-9999.0,19.37500155,41.04166995
59.0,21.87500175,41.04166995
18.0,22.70833515,41.04166995
23.0,23.54166855,41.04166995
18.0,23.95833525,41.04166995
20.0,24.79166865,41.04166995
28.0,26.04166875,41.04166995
24.0,26.87500215,41.04166995
27.0,27.70833555,41.04166995
41.0,44.79167025,41.04166995
27.0,45.20833695,41.04166995
21.0,46.04167035,41.04166995
33.0,48.54167055,41.04166995
69.0,77.29167285,41.04166995
67.0,77.70833955,41.04166995
23.0,79.37500635,41.04166995
57.0,121.87500975,41.04166995
-9999.0,141.45834465,41.04166995
36.0,-110.20834215,40.62500325
44.0,-106.87500855,40.62500325
27.0,-6.45833385,40.62500325
35.0,-6.04166714999999,40.62500325
21.0,-5.62500044999999,40.62500325
27.0,-5.20833375000001,40.62500325
20.0,-4.79166705,40.62500325
23.0,-3.95833364999999,40.62500325
22.0,-3.54166695000001,40.62500325
38.0,-0.625000050000011,40.62500325
30.0,-0.208333350000004,40.62500325
-9999.0,8.12500065,40.62500325
34.0,8.95833404999999,40.62500325
35.0,9.37500075,40.62500325
-9999.0,9.79166745000001,40.62500325
-9999.0,10.20833415,40.62500325
-9999.0,13.95833445,40.62500325
-9999.0,14.79166785,40.62500325
40.0,17.29166805,40.62500325
-9999.0,18.54166815,40.62500325
-9999.0,18.95833485,40.62500325
39.0,19.37500155,40.62500325
39.0,21.87500175,40.62500325
47.0,22.29166845,40.62500325
33.0,22.70833515,40.62500325
28.0,23.12500185,40.62500325
-9999.0,23.54166855,40.62500325
30.0,26.87500215,40.62500325
-9999.0,27.29166885,40.62500325
35.0,27.70833555,40.62500325
-9999.0,28.54166895,40.62500325
92.0,28.95833565,40.62500325
41.0,29.79166905,40.62500325
62.0,30.20833575,40.62500325
35.0,46.04167035,40.62500325
-9999.0,50.62500405,40.62500325
11.0,66.87500535,40.62500325
38.0,76.87500615,40.62500325
33.0,77.29167285,40.62500325
20.0,78.54167295,40.62500325
-9999.0,129.79167705,40.62500325
-9999.0,141.45834465,40.62500325
-9999.0,141.87501135,40.62500325
17.0,-112.70834235,40.20833655
21.0,-105.20834175,40.20833655
27.0,-6.45833385,40.20833655
37.0,-6.04166714999999,40.20833655
62.0,-5.62500044999999,40.20833655
40.0,-5.20833375000001,40.20833655
31.0,-4.79166705,40.20833655
25.0,-1.04166674999999,40.20833655
25.0,-0.625000050000011,40.20833655
28.0,-0.208333350000004,40.20833655
-9999.0,3.12500025,40.20833655
-9999.0,3.54166695000001,40.20833655
-9999.0,3.95833365000001,40.20833655
-9999.0,4.37500034999999,40.20833655
-9999.0,8.12500065,40.20833655
35.0,8.54166735000001,40.20833655
30.0,8.95833404999999,40.20833655
32.0,9.37500075,40.20833655
-9999.0,18.95833485,40.20833655
-9999.0,19.37500155,40.20833655
-9999.0,22.70833515,40.20833655
-9999.0,23.12500185,40.20833655
-9999.0,26.45833545,40.20833655
31.0,26.87500215,40.20833655
24.0,27.70833555,40.20833655
38.0,28.54166895,40.20833655
20.0,28.95833565,40.20833655
34.0,48.54167055,40.20833655
-9999.0,49.79167065,40.20833655
-9999.0,50.62500405,40.20833655
9.0,54.37500435,40.20833655
17.0,65.20833855,40.20833655
22.0,75.20833935,40.20833655
28.0,75.62500605,40.20833655
23.0,76.04167275,40.20833655
14.0,76.87500615,40.20833655
15.0,77.70833955,40.20833655
21.0,78.12500625,40.20833655
63.0,140.62501125,40.20833655
-9999.0,142.29167805,40.20833655
18.0,-109.79167545,39.79166985
38.0,-8.12500065,39.79166985
34.0,-7.70833395,39.79166985
21.0,-7.29166724999999,39.79166985
24.0,-6.87500055000001,39.79166985
24.0,-6.45833385,39.79166985
31.0,-6.04166714999999,39.79166985
21.0,-5.20833375000001,39.79166985
22.0,-2.29166684999998,39.79166985
33.0,-1.45833345,39.79166985
29.0,-1.04166674999999,39.79166985
20.0,-0.208333350000004,39.79166985
-9999.0,0.208333350000004,39.79166985
-9999.0,2.29166685000001,39.79166985
39.0,2.70833354999999,39.79166985
60.0,3.12500025,39.79166985
-9999.0,3.54166695000001,39.79166985
-9999.0,3.95833365000001,39.79166985
-9999.0,4.37500034999999,39.79166985
-9999.0,4.79166705,39.79166985
52.0,8.54166735000001,39.79166985
35.0,8.95833404999999,39.79166985
40.0,9.37500075,39.79166985
-9999.0,16.87500135,39.79166985
-9999.0,18.95833485,39.79166985
-9999.0,19.37500155,39.79166985
47.0,20.20833495,39.79166985
19.0,26.45833545,39.79166985
36.0,26.87500215,39.79166985
25.0,27.70833555,39.79166985
29.0,28.95833565,39.79166985
40.0,38.12500305,39.79166985
17.0,44.79167025,39.79166985
35.0,46.87500375,39.79166985
-9999.0,52.70833755,39.79166985
12.0,54.37500435,39.79166985
8.0,54.79167105,39.79166985
-9999.0,64.79167185,39.79166985
12.0,65.20833855,39.79166985
42.0,66.87500535,39.79166985
19.0,74.37500595,39.79166985
13.0,74.79167265,39.79166985
24.0,75.20833935,39.79166985
-9999.0,121.04167635,39.79166985
53.0,123.54167655,39.79166985
-9999.0,128.54167695,39.79166985
85.0,140.20834455,39.79166985
103.0,141.87501135,39.79166985
11.0,-113.12500905,39.37500315
29.0,-94.37500755,39.37500315
26.0,-7.70833395,39.37500315
27.0,-7.29166724999999,39.37500315
29.0,-6.87500055000001,39.37500315
27.0,-6.45833385,39.37500315
19.0,-6.04166714999999,39.37500315
23.0,-5.20833375000001,39.37500315
27.0,-4.79166705,39.37500315
18.0,-3.54166695000001,39.37500315
13.0,-3.12500025,39.37500315
24.0,-0.625000050000011,39.37500315
-9999.0,-0.208333350000004,39.37500315
-9999.0,2.70833354999999,39.37500315
23.0,3.12500025,39.37500315
-9999.0,3.54166695000001,39.37500315
-9999.0,8.12500065,39.37500315
30.0,8.95833404999999,39.37500315
38.0,9.37500075,39.37500315
-9999.0,17.29166805,39.37500315
-9999.0,19.79166825,39.37500315
-9999.0,20.20833495,39.37500315
-9999.0,25.62500205,39.37500315
-9999.0,26.45833545,39.37500315
35.0,27.29166885,39.37500315
26.0,27.70833555,39.37500315
17.0,28.12500225,39.37500315
36.0,37.70833635,39.37500315
15.0,38.12500305,39.37500315
54.0,48.95833725,39.37500315
9.0,64.79167185,39.37500315
11.0,65.20833855,39.37500315
12.0,65.62500525,39.37500315
37.0,66.87500535,39.37500315
40.0,74.37500595,39.37500315
15.0,75.20833935,39.37500315
12.0,75.62500605,39.37500315
15.0,91.04167395,39.37500315
-9999.0,121.04167635,39.37500315
22.0,122.29167645,39.37500315
-9999.0,122.70834315,39.37500315
-9999.0,123.12500985,39.37500315
96.0,140.62501125,39.37500315
-9999.0,142.29167805,39.37500315
57.0,-121.87500975,38.95833645
19.0,-113.54167575,38.95833645
26.0,-8.12500065,38.95833645
24.0,-7.70833395,38.95833645
32.0,-7.29166724999999,38.95833645
19.0,-6.87500055000001,38.95833645
18.0,-6.45833385,38.95833645
27.0,-6.04166714999999,38.95833645
32.0,-5.20833375000001,38.95833645
19.0,-2.29166684999998,38.95833645
-9999.0,1.87500015000001,38.95833645
-9999.0,3.12500025,38.95833645
-9999.0,8.54166735000001,38.95833645
49.0,8.95833404999999,38.95833645
-9999.0,9.79166745000001,38.95833645
-9999.0,15.20833455,38.95833645
-9999.0,16.04166795,38.95833645
-9999.0,17.29166805,38.95833645
-9999.0,20.62500165,38.95833645
38.0,21.45833505,38.95833645
33.0,22.70833515,38.95833645
27.0,23.12500185,38.95833645
-9999.0,23.54166855,38.95833645
-9999.0,25.20833535,38.95833645
-9999.0,25.62500205,38.95833645
34.0,26.87500215,38.95833645
18.0,27.70833555,38.95833645
16.0,33.12500265,38.95833645
18.0,33.54166935,38.95833645
19.0,37.70833635,38.95833645
25.0,47.29167045,38.95833645
14.0,56.45833785,38.95833645
9.0,63.95833845,38.95833645
8.0,64.37500515,38.95833645
6.0,64.79167185,38.95833645
12.0,65.20833855,38.95833645
15.0,65.62500525,38.95833645
17.0,77.70833955,38.95833645
19.0,78.12500625,38.95833645
41.0,121.87500975,38.95833645
-9999.0,122.29167645,38.95833645
-9999.0,122.70834315,38.95833645
-9999.0,123.12500985,38.95833645
-9999.0,123.54167655,38.95833645
-9999.0,139.37501115,38.95833645
115.0,140.20834455,38.95833645
114.0,140.62501125,38.95833645
85.0,141.04167795,38.95833645
-9999.0,141.87501135,38.95833645
10.0,-117.70834275,38.54166975
10.0,-117.29167605,38.54166975
15.0,-116.87500935,38.54166975
15.0,-116.45834265,38.54166975
12.0,-116.04167595,38.54166975
14.0,-109.79167545,38.54166975
23.0,-7.70833395,38.54166975
53.0,-7.29166724999999,38.54166975
29.0,-6.87500055000001,38.54166975
16.0,-6.45833385,38.54166975
35.0,-6.04166714999999,38.54166975
22.0,-5.20833375000001,38.54166975
21.0,-3.95833364999999,38.54166975
24.0,-2.70833354999999,38.54166975
26.0,-2.29166684999998,38.54166975
16.0,-1.45833345,38.54166975
27.0,-0.208333350000004,38.54166975
-9999.0,1.45833345,38.54166975
-9999.0,1.87500015000001,38.54166975
41.0,16.04166795,38.54166975
-9999.0,16.87500135,38.54166975
-9999.0,20.62500165,38.54166975
43.0,21.04166835,38.54166975
-9999.0,21.45833505,38.54166975
-9999.0,25.62500205,38.54166975
33.0,26.04166875,38.54166975
34.0,26.45833545,38.54166975
-9999.0,26.87500215,38.54166975
18.0,27.70833555,38.54166975
16.0,28.95833565,38.54166975
18.0,29.37500235,38.54166975
56.0,33.12500265,38.54166975
26.0,53.95833765,38.54166975
13.0,54.37500435,38.54166975
7.0,63.95833845,38.54166975
8.0,64.37500515,38.54166975
9.0,64.79167185,38.54166975
9.0,65.20833855,38.54166975
14.0,65.62500525,38.54166975
20.0,77.29167285,38.54166975
19.0,77.70833955,38.54166975
17.0,78.12500625,38.54166975
36.0,95.62500765,38.54166975
-9999.0,120.62500965,38.54166975
-9999.0,121.04167635,38.54166975
-9999.0,121.45834305,38.54166975
-9999.0,124.37500995,38.54166975
-9999.0,139.37501115,38.54166975
117.0,139.79167785,38.54166975
40.0,141.04167795,38.54166975
28.0,-121.87500975,38.12500305
11.0,-117.70834275,38.12500305
7.0,-117.29167605,38.12500305
9.0,-116.87500935,38.12500305
46.0,-106.87500855,38.12500305
-9999.0,-8.95833404999999,38.12500305
32.0,-8.54166735000001,38.12500305
23.0,-8.12500065,38.12500305
52.0,-7.70833395,38.12500305
27.0,-7.29166724999999,38.12500305
33.0,-6.45833385,38.12500305
23.0,-6.04166714999999,38.12500305
22.0,-5.62500044999999,38.12500305
33.0,-5.20833375000001,38.12500305
31.0,-4.79166705,38.12500305
28.0,-4.37500034999999,38.12500305
28.0,-3.95833364999999,38.12500305
21.0,-3.54166695000001,38.12500305
21.0,-3.12500025,38.12500305
38.0,-2.70833354999999,38.12500305
26.0,-2.29166684999998,38.12500305
28.0,-1.45833345,38.12500305
-9999.0,16.45833465,38.12500305
-9999.0,16.87500135,38.12500305
-9999.0,20.20833495,38.12500305
42.0,20.62500165,38.12500305
-9999.0,21.04166835,38.12500305
28.0,21.45833505,38.12500305
38.0,21.87500175,38.12500305
-9999.0,22.70833515,38.12500305
-9999.0,26.04166875,38.12500305
17.0,27.70833555,38.12500305
17.0,28.12500225,38.12500305
29.0,28.54166895,38.12500305
24.0,28.95833565,38.12500305
22.0,29.79166905,38.12500305
28.0,53.95833765,38.12500305
8.0,63.54167175,38.12500305
7.0,64.37500515,38.12500305
14.0,64.79167185,38.12500305
7.0,65.20833855,38.12500305
10.0,65.62500525,38.12500305
47.0,71.45833905,38.12500305
19.0,72.29167245,38.12500305
32.0,73.12500585,38.12500305
25.0,76.04167275,38.12500305
36.0,95.62500765,38.12500305
37.0,96.87500775,38.12500305
66.0,98.12500785,38.12500305
101.0,98.54167455,38.12500305
56.0,98.95834125,38.12500305
58.0,100.20834135,38.12500305
-9999.0,138.54167775,38.12500305
-9999.0,138.95834445,38.12500305
130.0,139.79167785,38.12500305
88.0,140.20834455,38.12500305
94.0,140.62501125,38.12500305
-9999.0,141.04167795,38.12500305
-9999.0,141.45834465,38.12500305
29.0,-109.79167545,37.70833635
21.0,-7.70833395,37.70833635
21.0,-7.29166724999999,37.70833635
24.0,-6.87500055000001,37.70833635
35.0,-6.45833385,37.70833635
25.0,-6.04166714999999,37.70833635
28.0,-5.62500044999999,37.70833635
18.0,-5.20833375000001,37.70833635
22.0,-4.79166705,37.70833635
22.0,-4.37500034999999,37.70833635
24.0,-3.95833364999999,37.70833635
24.0,-3.54166695000001,37.70833635
17.0,-2.29166684999998,37.70833635
17.0,-1.87500015000001,37.70833635
18.0,-1.45833345,37.70833635
-9999.0,8.95833404999999,37.70833635
-9999.0,9.37500075,37.70833635
-9999.0,9.79166745000001,37.70833635
31.0,12.70833435,37.70833635
40.0,13.12500105,37.70833635
38.0,13.54166775,37.70833635
39.0,13.95833445,37.70833635
39.0,14.37500115,37.70833635
-9999.0,15.62500125,37.70833635
-9999.0,16.04166795,37.70833635
-9999.0,16.45833465,37.70833635
-9999.0,20.62500165,37.70833635
-9999.0,21.04166835,37.70833635
32.0,21.87500175,37.70833635
27.0,28.12500225,37.70833635
45.0,28.54166895,37.70833635
15.0,33.54166935,37.70833635
20.0,41.87500335,37.70833635
20.0,45.20833695,37.70833635
22.0,54.37500435,37.70833635
11.0,62.29167165,37.70833635
7.0,62.70833835,37.70833635
10.0,63.54167175,37.70833635
63.0,71.04167235,37.70833635
60.0,72.29167245,37.70833635
11.0,72.70833915,37.70833635
38.0,73.12500585,37.70833635
45.0,97.29167445,37.70833635
37.0,98.54167455,37.70833635
-9999.0,121.45834305,37.70833635
-9999.0,122.29167645,37.70833635
-9999.0,124.79167665,37.70833635
-9999.0,125.20834335,37.70833635
-9999.0,125.62501005,37.70833635
-9999.0,137.70834435,37.70833635
-9999.0,138.12501105,37.70833635
-9999.0,138.54167775,37.70833635
85.0,139.37501115,37.70833635
69.0,139.79167785,37.70833635
89.0,140.62501125,37.70833635
-9999.0,141.04167795,37.70833635
21.0,-118.54167615,37.29166965
12.0,-118.12500945,37.29166965
10.0,-110.20834215,37.29166965
8.0,-109.79167545,37.29166965
7.0,-109.37500875,37.29166965
19.0,-6.45833385,37.29166965
26.0,-6.04166714999999,37.29166965
47.0,-5.62500044999999,37.29166965
18.0,-5.20833375000001,37.29166965
22.0,-4.79166705,37.29166965
25.0,-4.37500034999999,37.29166965
25.0,-3.95833364999999,37.29166965
9.0,-1.87500015000001,37.29166965
-9999.0,-1.45833345,37.29166965
-9999.0,3.12500025,37.29166965
-9999.0,3.54166695000001,37.29166965
-9999.0,3.95833365000001,37.29166965
-9999.0,4.37500034999999,37.29166965
-9999.0,4.79166705,37.29166965
-9999.0,5.20833375000001,37.29166965
-9999.0,5.62500045000002,37.29166965
-9999.0,6.04166714999999,37.29166965
-9999.0,6.45833385,37.29166965
-9999.0,7.70833395,37.29166965
33.0,9.79166745000001,37.29166965
-9999.0,13.12500105,37.29166965
80.0,13.54166775,37.29166965
33.0,13.95833445,37.29166965
-9999.0,15.20833455,37.29166965
-9999.0,21.45833505,37.29166965
108.0,49.37500395,37.29166965
87.0,49.79167065,37.29166965
174.0,50.20833735,37.29166965
-9999.0,53.95833765,37.29166965
31.0,54.37500435,37.29166965
10.0,61.45833825,37.29166965
7.0,61.87500495,37.29166965
11.0,62.29167165,37.29166965
7.0,62.70833835,37.29166965
9.0,63.95833845,37.29166965
71.0,71.04167235,37.29166965
48.0,71.45833905,37.29166965
82.0,71.87500575,37.29166965
10.0,72.70833915,37.29166965
119.0,73.12500585,37.29166965
75.0,73.54167255,37.29166965
50.0,74.37500595,37.29166965
36.0,98.95834125,37.29166965
11.0,121.45834305,37.29166965
16.0,122.29167645,37.29166965
-9999.0,138.12501105,37.29166965
138.0,138.54167775,37.29166965
107.0,138.95834445,37.29166965
100.0,139.79167785,37.29166965
62.0,140.20834455,37.29166965
88.0,140.62501125,37.29166965
-9999.0,141.04167795,37.29166965
18.0,-110.62500885,36.87500295
10.0,-110.20834215,36.87500295
30.0,-106.04167515,36.87500295
-9999.0,-8.12500065,36.87500295
-9999.0,-6.45833385,36.87500295
24.0,-6.04166714999999,36.87500295
33.0,-5.62500044999999,36.87500295
30.0,-4.37500034999999,36.87500295
35.0,-3.95833364999999,36.87500295
35.0,-3.54166695000001,36.87500295
34.0,-3.12500025,36.87500295
-9999.0,-1.87500015000001,36.87500295
-9999.0,0.625000050000011,36.87500295
-9999.0,1.04166674999999,36.87500295
-9999.0,1.45833345,36.87500295
-9999.0,1.87500015000001,36.87500295
-9999.0,2.29166685000001,36.87500295
-9999.0,3.12500025,36.87500295
-9999.0,3.54166695000001,36.87500295
35.0,4.37500034999999,36.87500295
51.0,4.79166705,36.87500295
-9999.0,6.04166714999999,36.87500295
41.0,6.45833385,36.87500295
24.0,7.29166724999999,36.87500295
26.0,7.70833395,36.87500295
45.0,8.12500065,36.87500295
-9999.0,13.95833445,36.87500295
-9999.0,14.37500115,36.87500295
38.0,14.79166785,36.87500295
-9999.0,15.62500125,36.87500295
-9999.0,21.45833505,36.87500295
46.0,29.37500235,36.87500295
34.0,31.04166915,36.87500295
15.0,48.95833725,36.87500295
31.0,49.79167065,36.87500295
39.0,50.20833735,36.87500295
-9999.0,51.04167075,36.87500295
-9999.0,53.54167095,36.87500295
-9999.0,53.95833765,36.87500295
24.0,54.37500435,36.87500295
14.0,58.12500465,36.87500295
11.0,58.54167135,36.87500295
8.0,58.95833805,36.87500295
10.0,60.20833815,36.87500295
8.0,62.70833835,36.87500295
19.0,72.29167245,36.87500295
98.0,72.70833915,36.87500295
38.0,73.54167255,36.87500295
0.0,74.37500595,36.87500295
22.0,78.95833965,36.87500295
18.0,121.45834305,36.87500295
-9999.0,121.87500975,36.87500295
12.0,122.29167645,36.87500295
-9999.0,122.70834315,36.87500295
-9999.0,136.45834425,36.87500295
115.0,137.70834435,36.87500295
112.0,138.12501105,36.87500295
91.0,140.20834455,36.87500295
99.0,140.62501125,36.87500295
-9999.0,141.04167795,36.87500295
12.0,-117.70834275,36.45833625
32.0,-5.20833375000001,36.45833625
-9999.0,-4.37500034999999,36.45833625
-9999.0,-3.95833364999999,36.45833625
-9999.0,-2.70833354999999,36.45833625
-9999.0,-0.208333350000004,36.45833625
28.0,2.29166685000001,36.45833625
34.0,3.12500025,36.45833625
97.0,3.54166695000001,36.45833625
44.0,3.95833365000001,36.45833625
41.0,4.37500034999999,36.45833625
33.0,4.79166705,36.45833625
31.0,5.20833375000001,36.45833625
28.0,6.45833385,36.45833625
22.0,7.70833395,36.45833625
20.0,8.54166735000001,36.45833625
29.0,8.95833404999999,36.45833625
20.0,9.37500075,36.45833625
19.0,10.20833415,36.45833625
25.0,10.62500085,36.45833625
-9999.0,14.37500115,36.45833625
-9999.0,24.37500195,36.45833625
-9999.0,24.79166865,36.45833625
27.0,29.37500235,36.45833625
-9999.0,30.62500245,36.45833625
-9999.0,31.04166915,36.45833625
10.0,41.87500335,36.45833625
20.0,49.37500395,36.45833625
21.0,49.79167065,36.45833625
22.0,50.20833735,36.45833625
46.0,50.62500405,36.45833625
39.0,51.04167075,36.45833625
29.0,51.45833745,36.45833625
33.0,51.87500415,36.45833625
27.0,52.29167085,36.45833625
32.0,52.70833755,36.45833625
26.0,58.95833805,36.45833625
50.0,71.04167235,36.45833625
127.0,71.87500575,36.45833625
14.0,72.29167245,36.45833625
73.0,74.37500595,36.45833625
81.0,88.54167375,36.45833625
45.0,88.95834045,36.45833625
65.0,90.62500725,36.45833625
36.0,91.04167395,36.45833625
17.0,95.62500765,36.45833625
14.0,96.04167435,36.45833625
12.0,120.62500965,36.45833625
-9999.0,121.04167635,36.45833625
-9999.0,121.45834305,36.45833625
-9999.0,133.54167735,36.45833625
54.0,136.45834425,36.45833625
72.0,138.12501105,36.45833625
107.0,138.54167775,36.45833625
58.0,140.20834455,36.45833625
23.0,-118.12500945,36.04166955
8.0,-117.70834275,36.04166955
35.0,-106.87500855,36.04166955
-9999.0,-6.45833385,36.04166955
76.0,-5.62500044999999,36.04166955
-9999.0,-5.20833375000001,36.04166955
-9999.0,-0.208333350000004,36.04166955
23.0,0.208333350000004,36.04166955
23.0,0.625000050000011,36.04166955
19.0,1.04166674999999,36.04166955
18.0,8.54166735000001,36.04166955
-9999.0,14.37500115,36.04166955
-9999.0,14.79166785,36.04166955
-9999.0,28.12500225,36.04166955
-9999.0,29.37500235,36.04166955
-9999.0,29.79166905,36.04166955
-9999.0,30.20833575,36.04166955
-9999.0,30.62500245,36.04166955
-9999.0,33.12500265,36.04166955
9.0,39.79166985,36.04166955
17.0,49.79167065,36.04166955
16.0,50.20833735,36.04166955
14.0,50.62500405,36.04166955
30.0,51.04167075,36.04166955
46.0,51.45833745,36.04166955
58.0,51.87500415,36.04166955
31.0,52.29167085,36.04166955
28.0,52.70833755,36.04166955
7.0,59.79167145,36.04166955
8.0,61.87500495,36.04166955
12.0,63.12500505,36.04166955
12.0,71.04167235,36.04166955
64.0,71.87500575,36.04166955
0.0,72.70833915,36.04166955
2.0,73.12500585,36.04166955
42.0,76.87500615,36.04166955
20.0,77.29167285,36.04166955
33.0,88.12500705,36.04166955
21.0,88.54167375,36.04166955
38.0,91.87500735,36.04166955
13.0,92.29167405,36.04166955
31.0,93.54167415,36.04166955
32.0,93.95834085,36.04166955
-9999.0,121.04167635,36.04166955
89.0,136.04167755,36.04166955
74.0,136.45834425,36.04166955
44.0,139.37501115,36.04166955
-9999.0,141.04167795,36.04166955
22.0,-118.95834285,35.62500285
13.0,-115.20834255,35.62500285
-9999.0,-6.45833385,35.62500285
-9999.0,-1.87500015000001,35.62500285
-9999.0,-1.45833345,35.62500285
20.0,-0.208333350000004,35.62500285
14.0,7.70833395,35.62500285
16.0,9.37500075,35.62500285
-9999.0,14.79166785,35.62500285
-9999.0,23.12500185,35.62500285
-9999.0,23.95833525,35.62500285
-9999.0,24.37500195,35.62500285
-9999.0,24.79166865,35.62500285
-9999.0,25.62500205,35.62500285
-9999.0,33.12500265,35.62500285
14.0,51.04167075,35.62500285
18.0,51.45833745,35.62500285
12.0,51.87500415,35.62500285
20.0,52.29167085,35.62500285
18.0,52.70833755,35.62500285
3.0,58.12500465,35.62500285
16.0,58.54167135,35.62500285
9.0,58.95833805,35.62500285
10.0,59.37500475,35.62500285
8.0,60.20833815,35.62500285
14.0,65.20833855,35.62500285
32.0,71.04167235,35.62500285
55.0,71.87500575,35.62500285
49.0,73.12500585,35.62500285
67.0,73.54167255,35.62500285
-9999.0,133.12501065,35.62500285
-9999.0,133.95834405,35.62500285
71.0,134.79167745,35.62500285
67.0,135.20834415,35.62500285
46.0,136.04167755,35.62500285
73.0,136.87501095,35.62500285
52.0,138.95834445,35.62500285
50.0,139.37501115,35.62500285
65.0,139.79167785,35.62500285
43.0,140.20834455,35.62500285
-9999.0,140.62501125,35.62500285
-9999.0,141.04167795,35.62500285
-9999.0,-121.04167635,35.20833615
16.0,-118.95834285,35.20833615
17.0,-102.29167485,35.20833615
31.0,-5.62500044999999,35.20833615
41.0,-5.20833375000001,35.20833615
30.0,-4.79166705,35.20833615
-9999.0,-2.29166684999998,35.20833615
-9999.0,-1.87500015000001,35.20833615
14.0,0.625000050000011,35.20833615
21.0,11.04166755,35.20833615
73.0,24.79166865,35.20833615
35.0,25.20833535,35.20833615
35.0,25.62500205,35.20833615
-9999.0,32.29166925,35.20833615
-9999.0,32.70833595,35.20833615
16.0,33.12500265,35.20833615
-9999.0,34.79166945,35.20833615
16.0,49.79167065,35.20833615
4.0,51.04167075,35.20833615
9.0,52.29167085,35.20833615
5.0,57.29167125,35.20833615
10.0,58.54167135,35.20833615
5.0,61.04167155,35.20833615
54.0,71.45833905,35.20833615
75.0,72.70833915,35.20833615
84.0,77.29167285,35.20833615
3.0,77.70833955,35.20833615
76.0,78.12500625,35.20833615
64.0,101.87500815,35.20833615
50.0,102.29167485,35.20833615
48.0,102.70834155,35.20833615
19.0,107.29167525,35.20833615
21.0,107.70834195,35.20833615
19.0,108.12500865,35.20833615
16.0,109.37500875,35.20833615
-9999.0,119.79167625,35.20833615
-9999.0,132.29167725,35.20833615
53.0,132.70834395,35.20833615
104.0,133.54167735,35.20833615
101.0,133.95834405,35.20833615
75.0,135.62501085,35.20833615
-9999.0,136.04167755,35.20833615
60.0,136.45834425,35.20833615
65.0,137.29167765,35.20833615
102.0,137.70834435,35.20833615
-9999.0,139.79167785,35.20833615
-9999.0,-121.04167635,34.79166945
-9999.0,-6.87500055000001,34.79166945
-9999.0,-6.45833385,34.79166945
24.0,-5.62500044999999,34.79166945
28.0,-5.20833375000001,34.79166945
26.0,-4.37500034999999,34.79166945
33.0,-3.95833364999999,34.79166945
14.0,-3.54166695000001,34.79166945
19.0,-3.12500025,34.79166945
19.0,-1.87500015000001,34.79166945
21.0,-1.04166674999999,34.79166945
12.0,1.87500015000001,34.79166945
10.0,2.29166685000001,34.79166945
9.0,2.70833354999999,34.79166945
3.0,6.04166714999999,34.79166945
-9999.0,11.04166755,34.79166945
-9999.0,23.95833525,34.79166945
-9999.0,24.79166865,34.79166945
-9999.0,25.20833535,34.79166945
-9999.0,33.54166935,34.79166945
-9999.0,34.37500275,34.79166945
0.0,49.79167065,34.79166945
4.0,51.87500415,34.79166945
4.0,52.29167085,34.79166945
4.0,56.87500455,34.79166945
8.0,57.29167125,34.79166945
-9999.0,57.70833795,34.79166945
14.0,63.54167175,34.79166945
43.0,72.70833915,34.79166945
35.0,78.12500625,34.79166945
49.0,99.79167465,34.79166945
63.0,103.12500825,34.79166945
22.0,107.29167525,34.79166945
23.0,107.70834195,34.79166945
22.0,108.12500865,34.79166945
18.0,108.54167535,34.79166945
13.0,108.95834205,34.79166945
-9999.0,119.37500955,34.79166945
-9999.0,119.79167625,34.79166945
-9999.0,120.20834295,34.79166945
-9999.0,131.45834385,34.79166945
-9999.0,131.87501055,34.79166945
74.0,132.29167725,34.79166945
53.0,133.54167735,34.79166945
50.0,133.95834405,34.79166945
35.0,135.62501085,34.79166945
48.0,136.87501095,34.79166945
46.0,138.12501105,34.79166945
-9999.0,138.54167775,34.79166945
60.0,138.95834445,34.79166945
-9999.0,-6.87500055000001,34.37500275
32.0,-6.45833385,34.37500275
33.0,-6.04166714999999,34.37500275
26.0,-5.62500044999999,34.37500275
21.0,-5.20833375000001,34.37500275
24.0,-4.79166705,34.37500275
20.0,-4.37500034999999,34.37500275
22.0,-3.95833364999999,34.37500275
8.0,-3.12500025,34.37500275
12.0,-0.625000050000011,34.37500275
12.0,1.87500015000001,34.37500275
11.0,2.70833354999999,34.37500275
8.0,3.54166695000001,34.37500275
9.0,3.95833365000001,34.37500275
6.0,4.79166705,34.37500275
12.0,6.87500055000001,34.37500275
6.0,7.29166724999999,34.37500275
-9999.0,33.12500265,34.37500275
-9999.0,35.20833615,34.37500275
39.0,36.04166955,34.37500275
9.0,50.20833735,34.37500275
5.0,51.87500415,34.37500275
3.0,52.29167085,34.37500275
3.0,52.70833755,34.37500275
8.0,53.12500425,34.37500275
7.0,53.54167095,34.37500275
5.0,53.95833765,34.37500275
4.0,56.45833785,34.37500275
5.0,56.87500455,34.37500275
5.0,57.29167125,34.37500275
6.0,57.70833795,34.37500275
10.0,63.54167175,34.37500275
86.0,74.79167265,34.37500275
69.0,76.04167275,34.37500275
127.0,102.29167485,34.37500275
59.0,102.70834155,34.37500275
53.0,103.12500825,34.37500275
17.0,108.54167535,34.37500275
15.0,108.95834205,34.37500275
44.0,118.95834285,34.37500275
61.0,119.37500955,34.37500275
-9999.0,125.62501005,34.37500275
-9999.0,126.45834345,34.37500275
54.0,131.87501055,34.37500275
63.0,132.29167725,34.37500275
30.0,132.70834395,34.37500275
81.0,133.12501065,34.37500275
40.0,134.79167745,34.37500275
55.0,136.45834425,34.37500275
82.0,136.87501095,34.37500275
-9999.0,137.70834435,34.37500275
-9999.0,138.54167775,34.37500275
-9999.0,-7.70833395,33.95833605
-9999.0,-7.29166724999999,33.95833605
66.0,-6.87500055000001,33.95833605
22.0,-6.45833385,33.95833605
24.0,-6.04166714999999,33.95833605
26.0,-5.62500044999999,33.95833605
18.0,-5.20833375000001,33.95833605
10.0,-0.625000050000011,33.95833605
11.0,0.208333350000004,33.95833605
11.0,0.625000050000011,33.95833605
15.0,2.29166685000001,33.95833605
10.0,2.70833354999999,33.95833605
9.0,3.12500025,33.95833605
8.0,3.54166695000001,33.95833605
8.0,3.95833365000001,33.95833605
7.0,4.37500034999999,33.95833605
4.0,5.20833375000001,33.95833605
124.0,6.04166714999999,33.95833605
20.0,6.45833385,33.95833605
21.0,6.87500055000001,33.95833605
8.0,7.29166724999999,33.95833605
10.0,7.70833395,33.95833605
22.0,8.54166735000001,33.95833605
-9999.0,10.20833415,33.95833605
14.0,49.79167065,33.95833605
3.0,52.29167085,33.95833605
6.0,53.54167095,33.95833605
5.0,54.79167105,33.95833605
7.0,56.04167115,33.95833605
8.0,57.29167125,33.95833605
2.0,58.54167135,33.95833605
67.0,78.95833965,33.95833605
58.0,94.37500755,33.95833605
153.0,102.70834155,33.95833605
54.0,103.12500825,33.95833605
-9999.0,126.45834345,33.95833605
-9999.0,129.37501035,33.95833605
-9999.0,130.20834375,33.95833605
-9999.0,131.04167715,33.95833605
-9999.0,131.45834385,33.95833605
-9999.0,132.29167725,33.95833605
-9999.0,133.12501065,33.95833605
54.0,133.54167735,33.95833605
104.0,133.95834405,33.95833605
55.0,135.20834415,33.95833605
94.0,135.62501085,33.95833605
95.0,136.04167755,33.95833605
-9999.0,136.87501095,33.95833605
-9999.0,139.37501115,33.95833605
16.0,-7.70833395,33.54166935
20.0,-5.62500044999999,33.54166935
11.0,0.625000050000011,33.54166935
7.0,3.54166695000001,33.54166935
6.0,4.79166705,33.54166935
7.0,6.87500055000001,33.54166935
8.0,46.45833705,33.54166935
16.0,52.70833755,33.54166935
5.0,53.12500425,33.54166935
3.0,53.54167095,33.54166935
8.0,53.95833765,33.54166935
6.0,54.37500435,33.54166935
5.0,54.79167105,33.54166935
6.0,55.20833775,33.54166935
9.0,55.62500445,33.54166935
7.0,56.04167115,33.54166935
5.0,56.45833785,33.54166935
5.0,56.87500455,33.54166935
18.0,57.29167125,33.54166935
3.0,57.70833795,33.54166935
4.0,58.95833805,33.54166935
1.0,59.37500475,33.54166935
44.0,74.37500595,33.54166935
17.0,78.12500625,33.54166935
16.0,78.95833965,33.54166935
40.0,88.54167375,33.54166935
71.0,91.04167395,33.54166935
61.0,92.29167405,33.54166935
78.0,94.37500755,33.54166935
78.0,94.79167425,33.54166935
21.0,96.45834105,33.54166935
68.0,98.54167455,33.54166935
123.0,102.70834155,33.54166935
132.0,103.12500825,33.54166935
-9999.0,121.04167635,33.54166935
-9999.0,126.87501015,33.54166935
-9999.0,129.37501035,33.54166935
-9999.0,131.87501055,33.54166935
-9999.0,132.29167725,33.54166935
52.0,133.54167735,33.54166935
-9999.0,134.79167745,33.54166935
-9999.0,135.20834415,33.54166935
-9999.0,-8.95833404999999,33.12500265
18.0,-6.04166714999999,33.12500265
14.0,-4.37500034999999,33.12500265
12.0,-3.12500025,33.12500265
9.0,-1.87500015000001,33.12500265
9.0,-1.45833345,33.12500265
9.0,-0.208333350000004,33.12500265
9.0,0.625000050000011,33.12500265
8.0,3.54166695000001,33.12500265
6.0,4.79166705,33.12500265
7.0,6.87500055000001,33.12500265
-9999.0,21.04166835,33.12500265
-9999.0,21.45833505,33.12500265
-9999.0,34.79166945,33.12500265
1.0,46.87500375,33.12500265
16.0,52.70833755,33.12500265
5.0,53.12500425,33.12500265
10.0,53.54167095,33.12500265
3.0,53.95833765,33.12500265
5.0,54.37500435,33.12500265
3.0,54.79167105,33.12500265
4.0,55.20833775,33.12500265
4.0,55.62500445,33.12500265
5.0,56.04167115,33.12500265
3.0,56.45833785,33.12500265
3.0,56.87500455,33.12500265
6.0,57.29167125,33.12500265
5.0,57.70833795,33.12500265
6.0,60.20833815,33.12500265
18.0,79.37500635,33.12500265
67.0,97.70834115,33.12500265
68.0,98.12500785,33.12500265
51.0,98.95834125,33.12500265
52.0,99.37500795,33.12500265
53.0,101.87500815,33.12500265
-9999.0,121.04167635,33.12500265
-9999.0,126.04167675,33.12500265
-9999.0,128.95834365,33.12500265
-9999.0,130.20834375,33.12500265
67.0,131.04167715,33.12500265
95.0,131.87501055,33.12500265
54.0,133.12501065,33.12500265
-9999.0,133.54167735,33.12500265
-9999.0,135.62501085,33.12500265
3.0,-113.12500905,32.70833595
21.0,-8.95833404999999,32.70833595
15.0,-6.45833385,32.70833595
11.0,-4.79166705,32.70833595
12.0,-1.87500015000001,32.70833595
11.0,-1.45833345,32.70833595
9.0,-1.04166674999999,32.70833595
9.0,-0.625000050000011,32.70833595
13.0,-0.208333350000004,32.70833595
7.0,0.208333350000004,32.70833595
7.0,0.625000050000011,32.70833595
6.0,1.04166674999999,32.70833595
7.0,1.45833345,32.70833595
7.0,1.87500015000001,32.70833595
6.0,2.29166685000001,32.70833595
7.0,2.70833354999999,32.70833595
7.0,3.12500025,32.70833595
7.0,3.54166695000001,32.70833595
6.0,3.95833365000001,32.70833595
5.0,4.37500034999999,32.70833595
3.0,5.20833375000001,32.70833595
-9999.0,20.62500165,32.70833595
18.0,35.20833615,32.70833595
3.0,36.45833625,32.70833595
5.0,39.37500315,32.70833595
10.0,47.70833715,32.70833595
4.0,53.12500425,32.70833595
8.0,53.54167095,32.70833595
5.0,53.95833765,32.70833595
4.0,54.37500435,32.70833595
8.0,54.79167105,32.70833595
3.0,55.20833775,32.70833595
4.0,55.62500445,32.70833595
5.0,56.04167115,32.70833595
4.0,56.45833785,32.70833595
3.0,56.87500455,32.70833595
4.0,57.29167125,32.70833595
29.0,75.20833935,32.70833595
88.0,76.45833945,32.70833595
30.0,86.04167355,32.70833595
32.0,93.12500745,32.70833595
60.0,102.70834155,32.70833595
50.0,103.54167495,32.70833595
19.0,111.87500895,32.70833595
-9999.0,121.04167635,32.70833595
-9999.0,121.45834305,32.70833595
-9999.0,128.54167695,32.70833595
-9999.0,129.37501035,32.70833595
-9999.0,129.79167705,32.70833595
-9999.0,131.87501055,32.70833595
-9999.0,132.70834395,32.70833595
-9999.0,133.12501065,32.70833595
-9999.0,-9.37500075,32.29166925
12.0,-8.54166735000001,32.29166925
19.0,-5.62500044999999,32.29166925
12.0,-1.87500015000001,32.29166925
13.0,-1.45833345,32.29166925
8.0,-0.625000050000011,32.29166925
5.0,-0.208333350000004,32.29166925
7.0,0.625000050000011,32.29166925
8.0,3.54166695000001,32.29166925
-9999.0,34.37500275,32.29166925
9.0,35.62500285,32.29166925
10.0,36.04166955,32.29166925
10.0,48.95833725,32.29166925
8.0,49.37500395,32.29166925
6.0,54.37500435,32.29166925
5.0,54.79167105,32.29166925
3.0,55.20833775,32.29166925
3.0,59.37500475,32.29166925
5.0,60.20833815,32.29166925
19.0,74.37500595,32.29166925
15.0,75.20833935,32.29166925
89.0,78.95833965,32.29166925
78.0,92.70834075,32.29166925
54.0,101.87500815,32.29166925
27.0,102.70834155,32.29166925
48.0,103.12500825,32.29166925
35.0,120.62500965,32.29166925
28.0,121.04167635,32.29166925
-9999.0,121.45834305,32.29166925
-9999.0,121.87500975,32.29166925
-9999.0,128.54167695,32.29166925
-9999.0,129.79167705,32.29166925
-9999.0,130.20834375,32.29166925
92.0,131.04167715,32.29166925
20.0,-101.04167475,31.87500255
-9999.0,-9.79166745000001,31.87500255
8.0,-8.54166735000001,31.87500255
6.0,-4.37500034999999,31.87500255
6.0,-1.87500015000001,31.87500255
6.0,-1.45833345,31.87500255
5.0,-0.625000050000011,31.87500255
7.0,-0.208333350000004,31.87500255
7.0,0.625000050000011,31.87500255
-9999.0,34.37500275,31.87500255
15.0,34.79166945,31.87500255
17.0,35.62500285,31.87500255
7.0,36.04166955,31.87500255
7.0,48.12500385,31.87500255
5.0,54.79167105,31.87500255
1.0,59.79167145,31.87500255
9.0,69.37500555,31.87500255
13.0,69.79167225,31.87500255
36.0,74.79167265,31.87500255
24.0,75.62500605,31.87500255
114.0,78.95833965,31.87500255
24.0,79.37500635,31.87500255
10.0,85.20834015,31.87500255
48.0,96.87500775,31.87500255
43.0,97.29167445,31.87500255
51.0,98.54167455,31.87500255
52.0,100.62500805,31.87500255
64.0,101.87500815,31.87500255
20.0,111.87500895,31.87500255
21.0,113.95834245,31.87500255
17.0,116.04167595,31.87500255
25.0,119.79167625,31.87500255
30.0,120.20834295,31.87500255
31.0,121.04167635,31.87500255
29.0,121.45834305,31.87500255
46.0,131.04167715,31.87500255
5.0,-1.45833345,31.45833585
7.0,-1.04166674999999,31.45833585
4.0,-0.625000050000011,31.45833585
6.0,-0.208333350000004,31.45833585
7.0,0.208333350000004,31.45833585
8.0,8.95833404999999,31.45833585
33.0,34.37500275,31.45833585
11.0,34.79166945,31.45833585
13.0,35.20833615,31.45833585
17.0,35.62500285,31.45833585
8.0,36.04166955,31.45833585
5.0,49.79167065,31.45833585
6.0,68.95833885,31.45833585
45.0,79.37500635,31.45833585
40.0,96.87500775,31.45833585
45.0,97.29167445,31.45833585
54.0,98.54167455,31.45833585
40.0,100.62500805,31.45833585
64.0,101.04167475,31.45833585
48.0,101.45834145,31.45833585
49.0,101.87500815,31.45833585
25.0,112.29167565,31.45833585
16.0,113.95834245,31.45833585
20.0,114.37500915,31.45833585
22.0,115.62500925,31.45833585
26.0,116.45834265,31.45833585
27.0,116.87500935,31.45833585
32.0,117.29167605,31.45833585
24.0,117.70834275,31.45833585
42.0,118.12500945,31.45833585
32.0,118.54167615,31.45833585
-9999.0,118.95834285,31.45833585
35.0,119.79167625,31.45833585
53.0,120.20834295,31.45833585
27.0,120.62500965,31.45833585
-9999.0,121.45834305,31.45833585
55.0,121.87500975,31.45833585
-9999.0,129.79167705,31.45833585
-9999.0,130.20834375,31.45833585
-9999.0,130.62501045,31.45833585
-9999.0,131.45834385,31.45833585
-9999.0,-116.45834265,31.04166915
13.0,-110.20834215,31.04166915
33.0,-101.87500815,31.04166915
15.0,-9.37500075,31.04166915
17.0,-8.95833404999999,31.04166915
18.0,-8.12500065,31.04166915
9.0,-6.87500055000001,31.04166915
7.0,-1.45833345,31.04166915
125.0,77.70833955,31.04166915
18.0,93.95834085,31.04166915
41.0,94.79167425,31.04166915
27.0,95.62500765,31.04166915
53.0,99.37500795,31.04166915
49.0,99.79167465,31.04166915
57.0,100.62500805,31.04166915
78.0,101.87500815,31.04166915
30.0,109.37500875,31.04166915
44.0,109.79167545,31.04166915
25.0,113.54167575,31.04166915
22.0,114.79167585,31.04166915
24.0,115.20834255,31.04166915
48.0,116.04167595,31.04166915
37.0,116.45834265,31.04166915
24.0,118.54167615,31.04166915
-9999.0,120.20834295,31.04166915
32.0,121.45834305,31.04166915
34.0,121.87500975,31.04166915
-9999.0,122.70834315,31.04166915
-9999.0,-116.04167595,30.62500245
11.0,-115.62500925,30.62500245
14.0,-110.20834215,30.62500245
13.0,-8.95833404999999,30.62500245
9.0,-8.54166735000001,30.62500245
8.0,55.62500445,30.62500245
8.0,66.87500535,30.62500245
14.0,67.29167205,30.62500245
18.0,67.70833875,30.62500245
9.0,68.12500545,30.62500245
8.0,69.37500555,30.62500245
6.0,85.62500685,30.62500245
49.0,96.87500775,30.62500245
28.0,99.37500795,30.62500245
36.0,100.20834135,30.62500245
42.0,100.62500805,30.62500245
15.0,101.87500815,30.62500245
28.0,107.70834195,30.62500245
49.0,109.37500875,30.62500245
30.0,109.79167545,30.62500245
28.0,112.70834235,30.62500245
28.0,113.12500905,30.62500245
39.0,113.54167575,30.62500245
34.0,114.79167585,30.62500245
21.0,115.20834255,30.62500245
23.0,115.62500925,30.62500245
24.0,116.04167595,30.62500245
24.0,116.45834265,30.62500245
25.0,117.29167605,30.62500245
27.0,117.70834275,30.62500245
30.0,119.79167625,30.62500245
32.0,120.62500965,30.62500245
-9999.0,121.45834305,30.62500245
-9999.0,121.87500975,30.62500245
-9999.0,122.29167645,30.62500245
-9999.0,123.12500985,30.62500245
-9999.0,129.79167705,30.62500245
-9999.0,130.20834375,30.62500245
-9999.0,131.45834385,30.62500245
1.0,-110.62500885,30.20833575
0.0,-110.20834215,30.20833575
0.0,-109.79167545,30.20833575
7.0,-8.95833404999999,30.20833575
16.0,-8.54166735000001,30.20833575
7.0,55.62500445,30.20833575
5.0,56.45833785,30.20833575
6.0,56.87500455,30.20833575
26.0,67.29167205,30.20833575
15.0,67.70833875,30.20833575
16.0,68.12500545,30.20833575
7.0,68.54167215,30.20833575
8.0,68.95833885,30.20833575
9.0,69.37500555,30.20833575
29.0,78.54167295,30.20833575
30.0,78.95833965,30.20833575
23.0,86.45834025,30.20833575
49.0,96.87500775,30.20833575
55.0,100.20834135,30.20833575
41.0,101.04167475,30.20833575
48.0,101.45834145,30.20833575
70.0,101.87500815,30.20833575
53.0,108.95834205,30.20833575
53.0,110.20834215,30.20833575
34.0,110.62500885,30.20833575
26.0,112.29167565,30.20833575
38.0,112.70834235,30.20833575
31.0,113.54167575,30.20833575
25.0,114.79167585,30.20833575
36.0,115.20834255,30.20833575
26.0,115.62500925,30.20833575
23.0,116.45834265,30.20833575
58.0,116.87500935,30.20833575
25.0,117.29167605,30.20833575
33.0,118.12500945,30.20833575
31.0,118.54167615,30.20833575
31.0,119.37500955,30.20833575
33.0,119.79167625,30.20833575
31.0,120.20834295,30.20833575
35.0,121.45834305,30.20833575
-9999.0,122.29167645,30.20833575
97.0,122.70834315,30.20833575
-9999.0,130.62501045,30.20833575
-9999.0,131.04167715,30.20833575
-9999.0,-116.04167595,29.79166905
9.0,-9.79166745000001,29.79166905
11.0,53.95833765,29.79166905
5.0,54.79167105,29.79166905
14.0,55.20833775,29.79166905
1.0,60.20833815,29.79166905
8.0,60.62500485,29.79166905
6.0,66.45833865,29.79166905
8.0,66.87500535,29.79166905
12.0,67.29167205,29.79166905
7.0,68.95833885,29.79166905
13.0,69.37500555,29.79166905
69.0,80.20833975,29.79166905
81.0,93.95834085,29.79166905
21.0,96.87500775,29.79166905
27.0,97.70834115,29.79166905
49.0,101.45834145,29.79166905
36.0,101.87500815,29.79166905
28.0,107.70834195,29.79166905
38.0,109.37500875,29.79166905
54.0,109.79167545,29.79166905
47.0,110.20834215,29.79166905
35.0,110.62500885,29.79166905
30.0,111.04167555,29.79166905
32.0,112.70834235,29.79166905
35.0,116.04167595,29.79166905
63.0,116.45834265,29.79166905
31.0,117.70834275,29.79166905
29.0,118.12500945,29.79166905
34.0,118.54167615,29.79166905
29.0,119.79167625,29.79166905
27.0,120.20834295,29.79166905
-9999.0,130.62501045,29.79166905
8.0,-8.95833404999999,29.37500235
19.0,14.79166785,29.37500235
6.0,54.79167105,29.37500235
8.0,55.20833775,29.37500235
8.0,60.62500485,29.37500235
5.0,61.04167155,29.37500235
3.0,63.95833845,29.37500235
6.0,66.45833865,29.37500235
15.0,66.87500535,29.37500235
23.0,84.37500675,29.37500235
24.0,85.62500685,29.37500235
65.0,93.95834085,29.37500235
98.0,94.37500755,29.37500235
43.0,100.62500805,29.37500235
47.0,101.45834145,29.37500235
41.0,107.70834195,29.37500235
30.0,109.37500875,29.37500235
40.0,110.20834215,29.37500235
33.0,113.54167575,29.37500235
39.0,115.20834255,29.37500235
42.0,116.45834265,29.37500235
27.0,118.12500945,29.37500235
26.0,118.54167615,29.37500235
46.0,119.37500955,29.37500235
30.0,119.79167625,29.37500235
27.0,120.20834295,29.37500235
3.0,60.62500485,28.95833565
9.0,61.04167155,28.95833565
2.0,61.45833825,28.95833565
5.0,61.87500495,28.95833565
8.0,66.04167195,28.95833565
9.0,66.45833865,28.95833565
16.0,66.87500535,28.95833565
51.0,85.20834015,28.95833565
29.0,108.54167535,28.95833565
29.0,109.37500875,28.95833565
33.0,110.20834215,28.95833565
42.0,114.37500915,28.95833565
25.0,114.79167585,28.95833565
29.0,115.20834255,28.95833565
40.0,116.04167595,28.95833565
265.0,116.45834265,28.95833565
26.0,117.29167605,28.95833565
33.0,118.12500945,28.95833565
32.0,118.54167615,28.95833565
44.0,120.62500965,28.95833565
27.0,121.04167635,28.95833565
32.0,121.45834305,28.95833565
-9999.0,121.87500975,28.95833565
7.0,-8.95833404999999,28.54166895
5.0,23.54166855,28.54166895
1.0,60.62500485,28.54166895
8.0,61.04167155,28.54166895
6.0,61.45833825,28.54166895
6.0,61.87500495,28.54166895
6.0,66.04167195,28.54166895
22.0,66.45833865,28.54166895
11.0,66.87500535,28.54166895
25.0,86.45834025,28.54166895
83.0,93.54167415,28.54166895
67.0,101.45834145,28.54166895
31.0,107.70834195,28.54166895
27.0,108.54167535,28.54166895
30.0,108.95834205,28.54166895
26.0,109.37500875,28.54166895
30.0,114.79167585,28.54166895
27.0,115.20834255,28.54166895
22.0,115.62500925,28.54166895
81.0,116.04167595,28.54166895
25.0,116.45834265,28.54166895
28.0,117.29167605,28.54166895
20.0,118.54167615,28.54166895
36.0,118.95834285,28.54166895
21.0,119.37500955,28.54166895
37.0,120.20834295,28.54166895
42.0,121.04167635,28.54166895
4.0,64.37500515,28.12500225
6.0,66.04167195,28.12500225
5.0,66.45833865,28.12500225
40.0,91.45834065,28.12500225
24.0,92.29167405,28.12500225
61.0,102.70834155,28.12500225
41.0,103.12500825,28.12500225
38.0,107.29167525,28.12500225
31.0,108.12500865,28.12500225
27.0,108.54167535,28.12500225
30.0,109.79167545,28.12500225
25.0,110.20834215,28.12500225
29.0,112.70834235,28.12500225
28.0,114.37500915,28.12500225
22.0,115.20834255,28.12500225
28.0,116.04167595,28.12500225
26.0,116.87500935,28.12500225
29.0,117.70834275,28.12500225
26.0,118.54167615,28.12500225
42.0,118.95834285,28.12500225
33.0,120.20834295,28.12500225
27.0,120.62500965,28.12500225
5.0,66.04167195,27.70833555
10.0,66.45833865,27.70833555
63.0,90.62500725,27.70833555
51.0,91.87500735,27.70833555
53.0,92.29167405,27.70833555
87.0,92.70834075,27.70833555
79.0,98.12500785,27.70833555
60.0,103.12500825,27.70833555
33.0,107.29167525,27.70833555
33.0,107.70834195,27.70833555
36.0,108.54167535,27.70833555
31.0,109.79167545,27.70833555
28.0,110.62500885,27.70833555
31.0,111.04167555,27.70833555
31.0,115.62500925,27.70833555
28.0,116.04167595,27.70833555
35.0,116.45834265,27.70833555
29.0,116.87500935,27.70833555
29.0,117.29167605,27.70833555
50.0,117.70834275,27.70833555
27.0,118.12500945,27.70833555
43.0,118.95834285,27.70833555
29.0,119.79167625,27.70833555
-9999.0,121.04167635,27.70833555
-9999.0,121.45834305,27.70833555
31.0,106.87500855,27.29166885
28.0,108.54167535,27.29166885
28.0,109.37500875,27.29166885
30.0,109.79167545,27.29166885
28.0,111.04167555,27.29166885
34.0,116.04167595,27.29166885
33.0,117.29167605,27.29166885
32.0,117.70834275,27.29166885
27.0,118.12500945,27.29166885
32.0,118.54167615,27.29166885
-9999.0,120.62500965,27.29166885
-9999.0,-114.37500915,26.87500215
73.0,98.12500785,26.87500215
29.0,107.70834195,26.87500215
29.0,109.37500875,26.87500215
30.0,109.79167545,26.87500215
32.0,115.62500925,26.87500215
35.0,117.70834275,26.87500215
36.0,118.12500945,26.87500215
30.0,118.54167615,26.87500215
38.0,119.79167625,26.87500215
129.0,120.20834295,26.87500215
108.0,98.54167455,26.45833545
22.0,106.45834185,26.45833545
53.0,107.29167525,26.45833545
35.0,108.12500865,26.45833545
31.0,108.54167535,26.45833545
28.0,109.79167545,26.45833545
33.0,110.20834215,26.45833545
28.0,115.20834255,26.45833545
35.0,115.62500925,26.45833545
21.0,116.04167595,26.45833545
33.0,116.87500935,26.45833545
28.0,117.70834275,26.45833545
39.0,118.54167615,26.45833545
33.0,118.95834285,26.45833545
-9999.0,120.20834295,26.45833545
59.0,97.70834115,26.04166875
82.0,98.12500785,26.04166875
60.0,98.54167455,26.04166875
34.0,106.45834185,26.04166875
33.0,106.87500855,26.04166875
30.0,107.29167525,26.04166875
28.0,110.62500885,26.04166875
27.0,114.37500915,26.04166875
27.0,114.79167585,26.04166875
30.0,116.87500935,26.04166875
25.0,117.29167605,26.04166875
34.0,117.70834275,26.04166875
34.0,118.54167615,26.04166875
-9999.0,119.79167625,26.04166875
68.0,98.54167455,25.62500205
46.0,103.95834165,25.62500205
33.0,107.70834195,25.62500205
32.0,108.12500865,25.62500205
32.0,108.54167535,25.62500205
34.0,110.20834215,25.62500205
34.0,114.79167585,25.62500205
37.0,115.20834255,25.62500205
42.0,116.04167595,25.62500205
28.0,116.45834265,25.62500205
32.0,118.12500945,25.62500205
45.0,119.37500955,25.62500205
-9999.0,119.79167625,25.62500205
-9999.0,120.20834295,25.62500205
18.0,-100.62500805,25.20833535
56.0,100.20834135,25.20833535
30.0,107.70834195,25.20833535
30.0,108.12500865,25.20833535
29.0,109.37500875,25.20833535
29.0,113.12500905,25.20833535
34.0,113.54167575,25.20833535
39.0,113.95834245,25.20833535
21.0,114.37500915,25.20833535
36.0,114.79167585,25.20833535
43.0,116.04167595,25.20833535
32.0,116.45834265,25.20833535
27.0,118.12500945,25.20833535
29.0,118.54167615,25.20833535
-9999.0,119.79167625,25.20833535
-9999.0,121.04167635,25.20833535
53.0,121.45834305,25.20833535
-9999.0,121.87500975,25.20833535
-9999.0,122.29167645,25.20833535
53.0,99.79167465,24.79166865
56.0,100.62500805,24.79166865
36.0,108.54167535,24.79166865
27.0,109.37500875,24.79166865
41.0,111.04167555,24.79166865
33.0,111.87500895,24.79166865
30.0,112.29167565,24.79166865
25.0,113.54167575,24.79166865
58.0,113.95834245,24.79166865
48.0,114.37500915,24.79166865
27.0,114.79167585,24.79166865
20.0,115.62500925,24.79166865
29.0,116.04167595,24.79166865
31.0,116.45834265,24.79166865
26.0,117.29167605,24.79166865
37.0,118.12500945,24.79166865
21.0,118.54167615,24.79166865
-9999.0,119.37500955,24.79166865
-9999.0,120.62500965,24.79166865
-9999.0,122.29167645,24.79166865
19.0,-101.04167475,24.37500195
16.0,-100.62500805,24.37500195
19.0,-100.20834135,24.37500195
10.0,-99.79167465,24.37500195
73.0,97.70834115,24.37500195
33.0,98.12500785,24.37500195
34.0,98.95834125,24.37500195
31.0,100.20834135,24.37500195
28.0,110.20834215,24.37500195
35.0,110.62500885,24.37500195
21.0,111.04167555,24.37500195
21.0,111.45834225,24.37500195
34.0,111.87500895,24.37500195
51.0,112.29167565,24.37500195
23.0,112.70834235,24.37500195
25.0,113.12500905,24.37500195
33.0,114.37500915,24.37500195
41.0,114.79167585,24.37500195
31.0,116.04167595,24.37500195
23.0,117.29167605,24.37500195
-9999.0,118.54167615,24.37500195
27.0,120.62500965,24.37500195
-9999.0,121.87500975,24.37500195
5.0,-100.62500805,23.95833525
29.0,97.70834115,23.95833525
33.0,108.95834205,23.95833525
24.0,109.79167545,23.95833525
42.0,110.20834215,23.95833525
31.0,112.29167565,23.95833525
63.0,112.70834235,23.95833525
51.0,114.37500915,23.95833525
30.0,115.20834255,23.95833525
28.0,116.04167595,23.95833525
28.0,116.45834265,23.95833525
-9999.0,117.70834275,23.95833525
18.0,-101.04167475,23.54166855
18.0,-100.62500805,23.54166855
9.0,-100.20834135,23.54166855
37.0,97.70834115,23.54166855
49.0,98.12500785,23.54166855
33.0,98.95834125,23.54166855
31.0,99.37500795,23.54166855
28.0,100.20834135,23.54166855
26.0,108.95834205,23.54166855
64.0,112.29167565,23.54166855
31.0,112.70834235,23.54166855
30.0,113.95834245,23.54166855
24.0,114.79167585,23.54166855
32.0,115.62500925,23.54166855
33.0,116.45834265,23.54166855
90.0,121.04167635,23.54166855
-9999.0,121.87500975,23.54166855
20.0,-100.62500805,23.12500185
3.0,51.45833745,23.12500185
8.0,98.12500785,23.12500185
27.0,100.20834135,23.12500185
39.0,100.62500805,23.12500185
27.0,108.12500865,23.12500185
45.0,108.54167535,23.12500185
27.0,108.95834205,23.12500185
25.0,109.37500875,23.12500185
35.0,111.04167555,23.12500185
32.0,111.45834225,23.12500185
56.0,111.87500895,23.12500185
36.0,113.12500905,23.12500185
26.0,113.54167575,23.12500185
37.0,115.20834255,23.12500185
39.0,115.62500925,23.12500185
24.0,116.04167595,23.12500185
43.0,116.45834265,23.12500185
-9999.0,117.29167605,23.12500185
50.0,121.04167635,23.12500185
-9999.0,121.45834305,23.12500185
25.0,-100.62500805,22.70833515
12.0,97.70834115,22.70833515
32.0,98.12500785,22.70833515
38.0,98.54167455,22.70833515
45.0,98.95834125,22.70833515
30.0,108.12500865,22.70833515
24.0,109.79167545,22.70833515
25.0,110.20834215,22.70833515
33.0,110.62500885,22.70833515
37.0,111.87500895,22.70833515
33.0,113.12500905,22.70833515
22.0,113.95834245,22.70833515
24.0,114.37500915,22.70833515
40.0,114.79167585,22.70833515
-9999.0,115.62500925,22.70833515
-9999.0,116.04167595,22.70833515
28.0,121.04167635,22.70833515
-9999.0,121.87500975,22.70833515
19.0,-101.04167475,22.29166845
24.0,-100.62500805,22.29166845
34.0,98.12500785,22.29166845
35.0,98.54167455,22.29166845
42.0,99.79167465,22.29166845
46.0,100.20834135,22.29166845
31.0,100.62500805,22.29166845
47.0,101.04167475,22.29166845
45.0,101.45834145,22.29166845
37.0,101.87500815,22.29166845
25.0,108.54167535,22.29166845
32.0,109.37500875,22.29166845
34.0,109.79167545,22.29166845
38.0,110.20834215,22.29166845
23.0,111.87500895,22.29166845
32.0,113.12500905,22.29166845
69.0,113.95834245,22.29166845
-9999.0,114.79167585,22.29166845
-9999.0,121.04167635,22.29166845
36.0,98.95834125,21.87500175
0.0,99.79167465,21.87500175
26.0,101.04167475,21.87500175
28.0,108.95834205,21.87500175
23.0,109.37500875,21.87500175
46.0,109.79167545,21.87500175
23.0,110.20834215,21.87500175
36.0,111.04167555,21.87500175
70.0,111.45834225,21.87500175
38.0,111.87500895,21.87500175
35.0,112.29167565,21.87500175
-9999.0,113.12500905,21.87500175
-9999.0,113.95834245,21.87500175
29.0,99.37500795,21.45833505
30.0,99.79167465,21.45833505
35.0,101.45834145,21.45833505
-9999.0,108.54167535,21.45833505
-9999.0,108.95834205,21.45833505
27.0,109.37500875,21.45833505
23.0,110.20834215,21.45833505
34.0,98.95834125,21.04166835
24.0,99.79167465,21.04166835
32.0,101.45834145,21.04166835
6.0,99.37500795,20.62500165
41.0,101.04167475,20.62500165
-9999.0,107.70834195,20.62500165
0.0,-98.54167455,20.20833495
-9999.0,106.87500855,20.20833495
42.0,-99.37500795,19.37500155
1.0,-97.29167445,19.37500155
-9999.0,106.04167515,18.95833485
53.0,-79.37500635,-6.04166715000001
33.0,-78.95833965,-6.04166715000001
37.0,-78.54167295,-6.04166715000001
65.0,-77.29167285,-6.04166715000001
73.0,-77.70833955,-6.45833385
129.0,-77.70833955,-6.87500055000001
32.0,-77.70833955,-7.70833395000001
126.0,-77.29167285,-7.70833395000001
120.0,-75.62500605,-10.62500085
68.0,-75.62500605,-11.04166755
66.0,-71.87500575,-13.12500105
27.0,-75.20833935,-13.54166775
41.0,-74.37500595,-13.54166775
46.0,-73.54167255,-13.54166775
21.0,-71.87500575,-13.54166775
30.0,-71.45833905,-13.54166775
46.0,-73.54167255,-13.95833445
35.0,-73.12500585,-13.95833445
42.0,-72.70833915,-13.95833445
32.0,-71.87500575,-13.95833445
38.0,-71.45833905,-13.95833445
51.0,-71.04167235,-13.95833445
74.0,-70.20833895,-13.95833445
24.0,-73.95833925,-14.37500115
36.0,-73.54167255,-14.37500115
54.0,-73.12500585,-14.37500115
31.0,-71.87500575,-14.37500115
33.0,-71.45833905,-14.37500115
48.0,-71.04167235,-14.37500115
35.0,-70.20833895,-14.37500115
29.0,-73.12500585,-14.79166785
29.0,-71.45833905,-14.79166785
42.0,-71.04167235,-14.79166785
104.0,-68.95833885,-14.79166785
22.0,-69.79167225,-15.20833455
31.0,-69.37500555,-15.20833455
24.0,-70.20833895,-15.62500125
30.0,-68.95833885,-15.62500125
20.0,-70.62500565,-16.04166795
31.0,-70.20833895,-16.04166795
26.0,-68.54167215,-16.04166795
21.0,-68.54167215,-16.45833465
27.0,-68.12500545,-16.45833465
20.0,-68.95833885,-16.87500135
16.0,-68.12500545,-16.87500135
50.0,-66.45833865,-16.87500135
15.0,-68.95833885,-17.29166805
21.0,-68.12500545,-17.29166805
20.0,-67.70833875,-17.29166805
18.0,-67.29167205,-17.29166805
32.0,-66.87500535,-17.29166805
39.0,-66.45833865,-17.29166805
15.0,-68.95833885,-17.70833475
18.0,-68.12500545,-17.70833475
17.0,-67.70833875,-17.70833475
24.0,-66.45833865,-17.70833475
18.0,-66.04167195,-17.70833475
30.0,-65.62500525,-17.70833475
26.0,-65.20833855,-17.70833475
22.0,-69.37500555,-18.12500145
12.0,-68.54167215,-18.12500145
17.0,-68.12500545,-18.12500145
22.0,-67.70833875,-18.12500145
16.0,-67.29167205,-18.12500145
18.0,-66.45833865,-18.12500145
16.0,-66.04167195,-18.12500145
22.0,-65.62500525,-18.12500145
19.0,-69.37500555,-18.54166815
16.0,-68.95833885,-18.54166815
16.0,-68.54167215,-18.54166815
17.0,-68.12500545,-18.54166815
15.0,-67.70833875,-18.54166815
17.0,-66.87500535,-18.54166815
13.0,-66.45833865,-18.54166815
19.0,-66.04167195,-18.54166815
24.0,-65.62500525,-18.54166815
25.0,-65.20833855,-18.54166815
17.0,-68.54167215,-18.95833485
27.0,-68.12500545,-18.95833485
15.0,-67.70833875,-18.95833485
15.0,-67.29167205,-18.95833485
17.0,-66.45833865,-18.95833485
19.0,-66.04167195,-18.95833485
15.0,-65.62500525,-18.95833485
13.0,-68.54167215,-19.37500155
-9999.0,-68.12500545,-19.37500155
22.0,-67.70833875,-19.37500155
14.0,-66.04167195,-19.37500155
14.0,-65.20833855,-19.37500155
16.0,-64.79167185,-19.37500155
12.0,-64.37500515,-19.37500155
13.0,-68.54167215,-19.79166825
16.0,-68.12500545,-19.79166825
13.0,-66.87500535,-19.79166825
21.0,-64.79167185,-19.79166825
17.0,-68.54167215,-20.20833495
107.0,-68.12500545,-20.20833495
18.0,-66.87500535,-20.20833495
32.0,-64.79167185,-20.20833495
17.0,-68.54167215,-20.62500165
24.0,-68.12500545,-20.62500165
24.0,-66.87500535,-20.62500165
19.0,-68.12500545,-21.04166835
16.0,-66.87500535,-21.04166835
28.0,-64.79167185,-21.04166835
17.0,-68.12500545,-21.45833505
16.0,-67.70833875,-21.45833505
20.0,-67.29167205,-21.45833505
23.0,-66.87500535,-21.45833505
15.0,-65.62500525,-21.45833505
16.0,-66.87500535,-21.87500175
13.0,-66.04167195,-21.87500175
11.0,-65.62500525,-21.87500175
13.0,-65.62500525,-22.70833515
17.0,-65.62500525,-23.12500185
15.0,-66.04167195,-23.54166855
23.0,-70.20833895,-23.95833525
18.0,-66.45833865,-23.95833525
-9999.0,-70.62500565,-24.37500195
45.0,-64.37500515,-24.37500195
-9999.0,-70.62500565,-24.79166865
20.0,-69.37500555,-25.20833535
12.0,-66.04167195,-25.20833535
22.0,-70.62500565,-25.62500205
15.0,-66.04167195,-25.62500205
23.0,-70.62500565,-26.04166875
23.0,-66.04167195,-26.45833545
20.0,-66.87500535,-26.87500215
12.0,-66.45833865,-26.87500215
14.0,-70.62500565,-28.12500225
-9999.0,-71.87500575,-30.20833575
-9999.0,-71.87500575,-30.62500245
-9999.0,-71.87500575,-31.04166915
-9999.0,-71.87500575,-31.45833585
-9999.0,-71.87500575,-31.87500255
-9999.0,-71.87500575,-32.29166925
-9999.0,-71.87500575,-32.70833595
13.0,-68.54167215,-32.70833595
-9999.0,-71.87500575,-33.12500265
-9999.0,-72.29167245,-33.95833605
-9999.0,-72.29167245,-34.37500275
-9999.0,-72.29167245,-34.79166945
36.0,-71.87500575,-34.79166945
37.0,-71.87500575,-35.20833615
-9999.0,-73.12500585,-36.04166955
19.0,-68.95833885,-36.04166955
69.0,-71.87500575,-36.87500295
56.0,-73.12500585,-37.29166965
66.0,-71.87500575,-38.12500305
-9999.0,-73.54167255,-38.95833645
-9999.0,-73.54167255,-39.37500315
128.0,-71.45833905,-39.37500315
-9999.0,-73.54167255,-39.79166985
83.0,-73.12500585,-39.79166985
101.0,-71.87500575,-39.79166985
98.0,-73.54167255,-40.20833655
86.0,-72.70833915,-40.20833655
89.0,-73.54167255,-40.62500325
156.0,-71.87500575,-40.62500325
27.0,-70.62500565,-40.62500325
54.0,-71.45833905,-46.04167035
