ISRICSOILGRIDS_new_average_nitrogen_reduced,x,y
269.0,-148.54167855,64.79167185
254.0,-148.12501185,64.79167185
281.0,-146.87501175,64.79167185
371.0,-153.12501225,64.37500515
339.0,-153.12501225,63.95833845
246.0,121.45834305,63.95833845
287.0,125.20834335,63.95833845
-9999.0,127.29167685,63.95833845
489.0,-153.54167895,63.54167175
363.0,-137.29167765,63.54167175
223.0,-134.79167745,63.54167175
258.0,-134.37501075,63.54167175
212.0,-133.95834405,63.54167175
271.0,-133.54167735,63.54167175
320.0,119.37500955,63.54167175
260.0,119.79167625,63.54167175
279.0,-137.29167765,63.12500505
289.0,-133.95834405,63.12500505
315.0,-132.70834395,63.12500505
338.0,93.95834085,63.12500505
349.0,94.37500755,63.12500505
344.0,95.62500765,63.12500505
369.0,96.04167435,63.12500505
372.0,117.70834275,63.12500505
351.0,118.12500945,63.12500505
326.0,119.37500955,63.12500505
206.0,119.79167625,63.12500505
210.0,120.62500965,63.12500505
230.0,130.62501045,63.12500505
321.0,-150.20834535,62.70833835
437.0,-148.12501185,62.70833835
365.0,-138.54167775,62.70833835
325.0,86.04167355,62.70833835
329.0,86.45834025,62.70833835
345.0,95.62500765,62.70833835
307.0,96.04167435,62.70833835
298.0,118.12500945,62.70833835
222.0,118.54167615,62.70833835
177.0,119.37500955,62.70833835
190.0,121.87500975,62.70833835
417.0,129.37501035,62.70833835
287.0,130.62501045,62.70833835
308.0,-150.20834535,62.29167165
251.0,-134.79167745,62.29167165
287.0,-133.54167735,62.29167165
-9999.0,-115.20834255,62.29167165
-9999.0,17.70833475,62.29167165
326.0,85.62500685,62.29167165
290.0,93.12500745,62.29167165
256.0,93.54167415,62.29167165
303.0,93.95834085,62.29167165
324.0,94.37500755,62.29167165
282.0,96.04167435,62.29167165
366.0,96.87500775,62.29167165
268.0,113.95834245,62.29167165
238.0,114.37500915,62.29167165
406.0,114.79167585,62.29167165
-9999.0,117.70834275,62.29167165
173.0,118.12500945,62.29167165
332.0,118.54167615,62.29167165
218.0,119.79167625,62.29167165
255.0,126.04167675,62.29167165
244.0,126.45834345,62.29167165
239.0,126.87501015,62.29167165
340.0,128.54167695,62.29167165
351.0,129.37501035,62.29167165
332.0,129.79167705,62.29167165
335.0,130.62501045,62.29167165
249.0,131.04167715,62.29167165
377.0,-151.04167875,61.87500495
291.0,-135.62501085,61.87500495
227.0,-135.20834415,61.87500495
249.0,-134.37501075,61.87500495
353.0,-133.95834405,61.87500495
-9999.0,-112.70834235,61.87500495
277.0,84.79167345,61.87500495
258.0,93.12500745,61.87500495
316.0,93.54167415,61.87500495
270.0,93.95834085,61.87500495
293.0,94.37500755,61.87500495
361.0,96.04167435,61.87500495
322.0,96.87500775,61.87500495
245.0,113.12500905,61.87500495
453.0,113.54167575,61.87500495
352.0,113.95834245,61.87500495
-9999.0,117.70834275,61.87500495
362.0,119.79167625,61.87500495
217.0,120.62500965,61.87500495
272.0,121.87500975,61.87500495
207.0,125.62501005,61.87500495
294.0,126.87501015,61.87500495
475.0,129.37501035,61.87500495
354.0,-151.45834545,61.45833825
347.0,-151.04167875,61.45833825
319.0,-150.62501205,61.45833825
538.0,-150.20834535,61.45833825
178.0,-134.37501075,61.45833825
277.0,-133.12501065,61.45833825
296.0,87.29167365,61.45833825
324.0,95.62500765,61.45833825
299.0,96.04167435,61.45833825
356.0,113.54167575,61.45833825
354.0,113.95834245,61.45833825
184.0,121.04167635,61.45833825
275.0,126.04167675,61.45833825
274.0,126.45834345,61.45833825
296.0,130.20834375,61.45833825
-9999.0,-151.87501215,61.04167155
403.0,-151.45834545,61.04167155
-9999.0,-151.04167875,61.04167155
179.0,-136.45834425,61.04167155
270.0,-135.62501085,61.04167155
219.0,-134.79167745,61.04167155
152.0,-134.37501075,61.04167155
427.0,83.95834005,61.04167155
356.0,84.37500675,61.04167155
366.0,84.79167345,61.04167155
235.0,86.87500695,61.04167155
274.0,91.45834065,61.04167155
210.0,91.87500735,61.04167155
277.0,93.54167415,61.04167155
278.0,93.95834085,61.04167155
250.0,94.37500755,61.04167155
304.0,113.54167575,61.04167155
219.0,113.95834245,61.04167155
297.0,116.45834265,61.04167155
213.0,116.87500935,61.04167155
289.0,117.29167605,61.04167155
191.0,118.12500945,61.04167155
333.0,118.54167615,61.04167155
273.0,118.95834285,61.04167155
221.0,119.37500955,61.04167155
286.0,119.79167625,61.04167155
227.0,120.20834295,61.04167155
335.0,120.62500965,61.04167155
-9999.0,-166.87501335,60.62500485
-9999.0,-151.87501215,60.62500485
-9999.0,-151.45834545,60.62500485
161.0,-133.95834405,60.62500485
199.0,-133.12501065,60.62500485
214.0,-130.62501045,60.62500485
382.0,83.12500665,60.62500485
369.0,83.95834005,60.62500485
351.0,84.37500675,60.62500485
304.0,91.04167395,60.62500485
289.0,91.87500735,60.62500485
272.0,93.12500745,60.62500485
252.0,93.95834085,60.62500485
297.0,113.54167575,60.62500485
258.0,113.95834245,60.62500485
227.0,116.04167595,60.62500485
218.0,118.54167615,60.62500485
-9999.0,119.37500955,60.62500485
212.0,120.20834295,60.62500485
350.0,170.62501365,60.62500485
144.0,-132.70834395,60.20833815
183.0,-118.54167615,60.20833815
189.0,-118.12500945,60.20833815
146.0,-117.70834275,60.20833815
320.0,-116.87500935,60.20833815
284.0,-116.04167595,60.20833815
209.0,-114.37500915,60.20833815
297.0,81.87500655,60.20833815
292.0,91.04167395,60.20833815
363.0,91.45834065,60.20833815
337.0,91.87500735,60.20833815
233.0,95.62500765,60.20833815
243.0,96.04167435,60.20833815
290.0,111.87500895,60.20833815
252.0,112.29167565,60.20833815
365.0,121.04167635,60.20833815
320.0,130.20834375,60.20833815
302.0,130.62501045,60.20833815
200.0,-127.70834355,59.79167145
188.0,-125.20834335,59.79167145
171.0,-118.12500945,59.79167145
193.0,-117.70834275,59.79167145
188.0,-115.20834255,59.79167145
143.0,-111.87500895,59.79167145
290.0,91.04167395,59.79167145
378.0,91.45834065,59.79167145
292.0,91.87500735,59.79167145
324.0,92.29167405,59.79167145
290.0,92.70834075,59.79167145
296.0,93.12500745,59.79167145
336.0,93.54167415,59.79167145
320.0,93.95834085,59.79167145
260.0,94.37500755,59.79167145
348.0,94.79167425,59.79167145
404.0,95.20834095,59.79167145
258.0,95.62500765,59.79167145
320.0,101.04167475,59.79167145
253.0,111.45834225,59.79167145
250.0,112.29167565,59.79167145
192.0,112.70834235,59.79167145
199.0,113.12500905,59.79167145
297.0,115.20834255,59.79167145
222.0,118.95834285,59.79167145
284.0,130.20834375,59.79167145
642.0,-161.04167955,59.37500475
280.0,-131.45834385,59.37500475
172.0,-119.79167625,59.37500475
672.0,-117.70834275,59.37500475
229.0,-116.45834265,59.37500475
239.0,-115.62500925,59.37500475
186.0,-115.20834255,59.37500475
204.0,-114.79167585,59.37500475
190.0,-114.37500915,59.37500475
232.0,-113.95834245,59.37500475
189.0,70.20833895,59.37500475
266.0,70.62500565,59.37500475
159.0,71.87500575,59.37500475
368.0,78.12500625,59.37500475
331.0,79.37500635,59.37500475
325.0,81.87500655,59.37500475
361.0,83.12500665,59.37500475
379.0,85.62500685,59.37500475
280.0,90.62500725,59.37500475
268.0,91.04167395,59.37500475
243.0,91.87500735,59.37500475
303.0,92.29167405,59.37500475
296.0,92.70834075,59.37500475
294.0,93.12500745,59.37500475
253.0,93.54167415,59.37500475
205.0,93.95834085,59.37500475
243.0,94.37500755,59.37500475
224.0,94.79167425,59.37500475
300.0,95.20834095,59.37500475
226.0,95.62500765,59.37500475
222.0,96.04167435,59.37500475
296.0,99.79167465,59.37500475
284.0,100.20834135,59.37500475
268.0,101.87500815,59.37500475
232.0,111.04167555,59.37500475
255.0,113.12500905,59.37500475
333.0,113.54167575,59.37500475
244.0,117.29167605,59.37500475
187.0,117.70834275,59.37500475
264.0,118.12500945,59.37500475
216.0,119.37500955,59.37500475
323.0,132.29167725,59.37500475
714.0,-136.45834425,58.95833805
299.0,-116.87500935,58.95833805
192.0,-116.45834265,58.95833805
-9999.0,-115.20834255,58.95833805
255.0,-113.95834245,58.95833805
394.0,78.12500625,58.95833805
342.0,79.37500635,58.95833805
299.0,81.87500655,58.95833805
320.0,85.62500685,58.95833805
302.0,89.79167385,58.95833805
355.0,90.62500725,58.95833805
300.0,91.04167395,58.95833805
222.0,91.87500735,58.95833805
259.0,93.12500745,58.95833805
251.0,93.95834085,58.95833805
221.0,95.20834095,58.95833805
221.0,111.87500895,58.95833805
271.0,112.70834235,58.95833805
265.0,115.20834255,58.95833805
240.0,-131.04167715,58.54167135
229.0,-123.12500985,58.54167135
128.0,-119.37500955,58.54167135
302.0,-116.04167595,58.54167135
351.0,-114.79167585,58.54167135
271.0,79.37500635,58.54167135
424.0,80.20833975,58.54167135
438.0,81.04167315,58.54167135
346.0,82.29167325,58.54167135
309.0,82.70833995,58.54167135
343.0,85.62500685,58.54167135
324.0,87.29167365,58.54167135
345.0,88.95834045,58.54167135
421.0,89.37500715,58.54167135
354.0,89.79167385,58.54167135
375.0,90.62500725,58.54167135
365.0,91.04167395,58.54167135
442.0,91.45834065,58.54167135
229.0,92.29167405,58.54167135
279.0,92.70834075,58.54167135
192.0,93.12500745,58.54167135
229.0,94.37500755,58.54167135
517.0,98.12500785,58.54167135
249.0,101.87500815,58.54167135
284.0,102.29167485,58.54167135
205.0,111.87500895,58.54167135
213.0,112.29167565,58.54167135
249.0,116.04167595,58.54167135
219.0,116.45834265,58.54167135
283.0,-124.37500995,58.12500465
161.0,-122.29167645,58.12500465
138.0,-120.20834295,58.12500465
180.0,53.54167095,58.12500465
270.0,72.29167245,58.12500465
331.0,73.95833925,58.12500465
298.0,85.62500685,58.12500465
361.0,87.29167365,58.12500465
503.0,88.54167375,58.12500465
314.0,88.95834045,58.12500465
315.0,89.37500715,58.12500465
447.0,89.79167385,58.12500465
307.0,90.20834055,58.12500465
335.0,90.62500725,58.12500465
279.0,91.04167395,58.12500465
349.0,91.45834065,58.12500465
375.0,91.87500735,58.12500465
234.0,92.29167405,58.12500465
-9999.0,92.70834075,58.12500465
211.0,102.70834155,58.12500465
223.0,104.37500835,58.12500465
289.0,104.79167505,58.12500465
221.0,108.95834205,58.12500465
271.0,112.29167565,58.12500465
314.0,117.29167605,58.12500465
223.0,-116.87500935,57.70833795
280.0,84.37500675,57.70833795
353.0,84.79167345,57.70833795
391.0,85.62500685,57.70833795
470.0,88.12500705,57.70833795
311.0,88.95834045,57.70833795
307.0,89.79167385,57.70833795
310.0,90.62500725,57.70833795
322.0,91.04167395,57.70833795
349.0,91.45834065,57.70833795
266.0,91.87500735,57.70833795
367.0,92.29167405,57.70833795
331.0,92.70834075,57.70833795
300.0,93.54167415,57.70833795
280.0,96.87500775,57.70833795
272.0,97.29167445,57.70833795
198.0,102.70834155,57.70833795
244.0,105.20834175,57.70833795
212.0,115.20834255,57.70833795
-9999.0,-158.54167935,57.29167125
250.0,-123.12500985,57.29167125
244.0,-122.70834315,57.29167125
237.0,-119.79167625,57.29167125
185.0,-119.37500955,57.29167125
159.0,-118.95834285,57.29167125
240.0,-116.87500935,57.29167125
223.0,52.70833755,57.29167125
264.0,53.95833765,57.29167125
319.0,91.87500735,57.29167125
283.0,92.29167405,57.29167125
285.0,92.70834075,57.29167125
232.0,96.45834105,57.29167125
204.0,97.29167445,57.29167125
266.0,102.70834155,57.29167125
243.0,103.95834165,57.29167125
230.0,104.79167505,57.29167125
207.0,106.04167515,57.29167125
270.0,109.37500875,57.29167125
264.0,116.04167595,57.29167125
265.0,-126.87501015,56.87500455
154.0,-120.20834295,56.87500455
150.0,-116.87500935,56.87500455
236.0,48.12500385,56.87500455
202.0,49.37500395,56.87500455
201.0,51.45833745,56.87500455
209.0,51.87500415,56.87500455
-9999.0,53.12500425,56.87500455
217.0,54.37500435,56.87500455
230.0,55.62500445,56.87500455
218.0,56.87500455,56.87500455
231.0,58.12500465,56.87500455
260.0,59.37500475,56.87500455
320.0,93.12500745,56.87500455
194.0,93.54167415,56.87500455
279.0,94.79167425,56.87500455
271.0,95.20834095,56.87500455
298.0,97.29167445,56.87500455
194.0,103.95834165,56.87500455
189.0,104.37500835,56.87500455
321.0,-126.04167675,56.45833785
317.0,-125.62501005,56.45833785
257.0,-123.54167655,56.45833785
172.0,-121.45834305,56.45833785
254.0,-120.62500965,56.45833785
173.0,-120.20834295,56.45833785
96.0,-119.79167625,56.45833785
168.0,-117.29167605,56.45833785
188.0,-116.87500935,56.45833785
340.0,96.04167435,56.45833785
362.0,96.45834105,56.45833785
284.0,104.37500835,56.45833785
276.0,111.04167555,56.45833785
317.0,113.12500905,56.45833785
351.0,113.54167575,56.45833785
188.0,-119.79167625,56.04167115
158.0,-118.95834285,56.04167115
187.0,-118.12500945,56.04167115
147.0,-117.70834275,56.04167115
185.0,-116.87500935,56.04167115
222.0,-116.45834265,56.04167115
234.0,93.95834085,56.04167115
387.0,115.20834255,56.04167115
351.0,-126.04167675,55.62500445
275.0,-125.62501005,55.62500445
249.0,-125.20834335,55.62500445
278.0,-124.79167665,55.62500445
230.0,-124.37500995,55.62500445
261.0,-123.54167655,55.62500445
263.0,-123.12500985,55.62500445
280.0,-122.29167645,55.62500445
235.0,-119.79167625,55.62500445
157.0,-118.54167615,55.62500445
138.0,-117.70834275,55.62500445
305.0,-116.87500935,55.62500445
225.0,50.62500405,55.62500445
-9999.0,51.45833745,55.62500445
257.0,55.62500445,55.62500445
259.0,56.04167115,55.62500445
-9999.0,56.45833785,55.62500445
231.0,56.87500455,55.62500445
261.0,57.29167125,55.62500445
214.0,87.29167365,55.62500445
264.0,93.12500745,55.62500445
291.0,93.54167415,55.62500445
294.0,-125.20834335,55.20833775
334.0,-124.79167665,55.20833775
168.0,-118.54167615,55.20833775
241.0,51.87500415,55.20833775
224.0,52.29167085,55.20833775
246.0,53.54167095,55.20833775
275.0,53.95833765,55.20833775
272.0,54.37500435,55.20833775
270.0,54.79167105,55.20833775
263.0,56.04167115,55.20833775
303.0,56.45833785,55.20833775
351.0,57.29167125,55.20833775
193.0,57.70833795,55.20833775
376.0,90.20834055,55.20833775
247.0,91.45834065,55.20833775
226.0,92.29167405,55.20833775
219.0,-119.37500955,54.79167105
197.0,-117.70834275,54.79167105
193.0,-117.29167605,54.79167105
149.0,-116.87500935,54.79167105
107.0,-116.45834265,54.79167105
150.0,-115.62500925,54.79167105
332.0,42.29167005,54.79167105
229.0,42.70833675,54.79167105
261.0,53.12500425,54.79167105
246.0,53.54167095,54.79167105
274.0,53.95833765,54.79167105
295.0,54.37500435,54.79167105
337.0,54.79167105,54.79167105
278.0,55.20833775,54.79167105
354.0,55.62500445,54.79167105
-9999.0,56.04167115,54.79167105
246.0,56.45833785,54.79167105
331.0,56.87500455,54.79167105
258.0,57.29167125,54.79167105
273.0,61.45833825,54.79167105
351.0,65.20833855,54.79167105
322.0,81.04167315,54.79167105
236.0,91.87500735,54.79167105
241.0,92.29167405,54.79167105
269.0,93.12500745,54.79167105
315.0,93.54167415,54.79167105
310.0,93.95834085,54.79167105
267.0,-125.62501005,54.37500435
313.0,-125.20834335,54.37500435
153.0,-118.54167615,54.37500435
280.0,-117.70834275,54.37500435
167.0,-117.29167605,54.37500435
208.0,46.04167035,54.37500435
209.0,51.04167075,54.37500435
284.0,51.45833745,54.37500435
251.0,51.87500415,54.37500435
258.0,52.29167085,54.37500435
179.0,53.54167095,54.37500435
268.0,55.20833775,54.37500435
-9999.0,56.45833785,54.37500435
227.0,57.70833795,54.37500435
358.0,65.20833855,54.37500435
375.0,81.04167315,54.37500435
163.0,91.45834065,54.37500435
259.0,92.29167405,54.37500435
409.0,94.37500755,54.37500435
284.0,108.12500865,54.37500435
275.0,-125.20834335,53.95833765
395.0,-120.20834295,53.95833765
112.0,-116.45834265,53.95833765
310.0,-112.29167565,53.95833765
215.0,43.95833685,53.95833765
217.0,51.45833745,53.95833765
239.0,51.87500415,53.95833765
239.0,52.29167085,53.95833765
271.0,52.70833755,53.95833765
288.0,53.12500425,53.95833765
247.0,53.54167095,53.95833765
231.0,53.95833765,53.95833765
258.0,54.37500435,53.95833765
263.0,55.20833775,53.95833765
269.0,55.62500445,53.95833765
221.0,56.45833785,53.95833765
313.0,56.87500455,53.95833765
264.0,57.70833795,53.95833765
221.0,61.45833825,53.95833765
292.0,63.12500505,53.95833765
283.0,63.54167175,53.95833765
233.0,64.79167185,53.95833765
290.0,65.20833855,53.95833765
304.0,66.45833865,53.95833765
351.0,80.20833975,53.95833765
228.0,87.70834035,53.95833765
238.0,89.79167385,53.95833765
312.0,92.29167405,53.95833765
244.0,92.70834075,53.95833765
254.0,93.12500745,53.95833765
241.0,115.20834255,53.95833765
212.0,-124.37500995,53.54167095
237.0,-123.54167655,53.54167095
332.0,-120.20834295,53.54167095
120.0,-117.70834275,53.54167095
149.0,-116.45834265,53.54167095
146.0,-114.79167585,53.54167095
375.0,-106.87500855,53.54167095
334.0,-106.45834185,53.54167095
282.0,58.95833805,53.54167095
287.0,60.20833815,53.54167095
221.0,60.62500485,53.54167095
232.0,61.45833825,53.54167095
260.0,63.54167175,53.54167095
253.0,64.79167185,53.54167095
334.0,76.87500615,53.54167095
301.0,77.70833955,53.54167095
261.0,80.20833975,53.54167095
288.0,87.70834035,53.54167095
289.0,88.54167375,53.54167095
282.0,88.95834045,53.54167095
287.0,89.37500715,53.54167095
250.0,89.79167385,53.54167095
281.0,90.20834055,53.54167095
196.0,91.87500735,53.54167095
221.0,92.70834075,53.54167095
320.0,93.12500745,53.54167095
293.0,93.54167415,53.54167095
280.0,93.95834085,53.54167095
211.0,94.37500755,53.54167095
303.0,94.79167425,53.54167095
237.0,95.20834095,53.54167095
294.0,95.62500765,53.54167095
280.0,96.87500775,53.54167095
296.0,98.54167455,53.54167095
304.0,98.95834125,53.54167095
215.0,119.79167625,53.54167095
219.0,-124.37500995,53.12500425
204.0,-123.54167655,53.12500425
226.0,-122.70834315,53.12500425
363.0,-121.45834305,53.12500425
336.0,-121.04167635,53.12500425
384.0,-120.62500965,53.12500425
220.0,-118.54167615,53.12500425
107.0,-117.29167605,53.12500425
107.0,-116.87500935,53.12500425
295.0,-115.62500925,53.12500425
160.0,-114.79167585,53.12500425
126.0,-113.95834245,53.12500425
183.0,-113.12500905,53.12500425
306.0,-112.70834235,53.12500425
371.0,-111.87500895,53.12500425
299.0,-111.45834225,53.12500425
182.0,-106.87500855,53.12500425
196.0,47.70833715,53.12500425
200.0,48.12500385,53.12500425
251.0,51.45833745,53.12500425
236.0,61.04167155,53.12500425
225.0,61.45833825,53.12500425
312.0,72.70833915,53.12500425
292.0,73.12500585,53.12500425
267.0,75.20833935,53.12500425
308.0,75.62500605,53.12500425
361.0,77.29167285,53.12500425
279.0,87.70834035,53.12500425
378.0,88.54167375,53.12500425
313.0,88.95834045,53.12500425
263.0,92.70834075,53.12500425
337.0,94.79167425,53.12500425
363.0,95.20834095,53.12500425
255.0,95.62500765,53.12500425
370.0,98.54167455,53.12500425
212.0,102.29167485,53.12500425
226.0,106.04167515,53.12500425
242.0,122.29167645,53.12500425
309.0,-124.79167665,52.70833755
214.0,-122.70834315,52.70833755
380.0,-121.04167635,52.70833755
428.0,-120.20834295,52.70833755
383.0,-119.37500955,52.70833755
228.0,-117.70834275,52.70833755
143.0,-116.87500935,52.70833755
198.0,-111.04167555,52.70833755
644.0,-99.37500795,52.70833755
257.0,47.29167045,52.70833755
223.0,48.12500385,52.70833755
233.0,61.45833825,52.70833755
224.0,67.29167205,52.70833755
233.0,72.29167245,52.70833755
301.0,72.70833915,52.70833755
239.0,76.45833945,52.70833755
198.0,77.29167285,52.70833755
216.0,77.70833955,52.70833755
-9999.0,79.79167305,52.70833755
228.0,81.04167315,52.70833755
296.0,87.29167365,52.70833755
305.0,88.54167375,52.70833755
280.0,88.95834045,52.70833755
295.0,89.79167385,52.70833755
286.0,90.62500725,52.70833755
287.0,91.04167395,52.70833755
275.0,95.20834095,52.70833755
265.0,95.62500765,52.70833755
369.0,100.20834135,52.70833755
228.0,111.04167555,52.70833755
217.0,122.29167645,52.70833755
275.0,-124.37500995,52.29167085
192.0,-122.29167645,52.29167085
199.0,-121.87500975,52.29167085
221.0,-121.04167635,52.29167085
237.0,-105.62500845,52.29167085
312.0,40.20833655,52.29167085
258.0,52.70833755,52.29167085
236.0,53.95833765,52.29167085
347.0,59.37500475,52.29167085
398.0,60.20833815,52.29167085
258.0,67.29167205,52.29167085
257.0,72.70833915,52.29167085
303.0,73.12500585,52.29167085
424.0,76.04167275,52.29167085
240.0,76.45833945,52.29167085
519.0,76.87500615,52.29167085
246.0,77.70833955,52.29167085
370.0,84.37500675,52.29167085
332.0,84.79167345,52.29167085
331.0,86.04167355,52.29167085
263.0,87.29167365,52.29167085
306.0,87.70834035,52.29167085
303.0,88.12500705,52.29167085
300.0,88.95834045,52.29167085
286.0,89.79167385,52.29167085
301.0,90.20834055,52.29167085
300.0,90.62500725,52.29167085
365.0,91.45834065,52.29167085
324.0,91.87500735,52.29167085
265.0,93.12500745,52.29167085
392.0,93.54167415,52.29167085
298.0,94.37500755,52.29167085
308.0,94.79167425,52.29167085
298.0,95.20834095,52.29167085
308.0,95.62500765,52.29167085
184.0,96.04167435,52.29167085
243.0,96.87500775,52.29167085
231.0,97.70834115,52.29167085
295.0,98.54167455,52.29167085
266.0,98.95834125,52.29167085
280.0,108.95834205,52.29167085
156.0,110.62500885,52.29167085
189.0,111.04167555,52.29167085
227.0,-123.12500985,51.87500415
230.0,-121.45834305,51.87500415
188.0,-121.04167635,51.87500415
165.0,-111.45834225,51.87500415
846.0,-99.37500795,51.87500415
376.0,42.29167005,51.87500415
248.0,46.45833705,51.87500415
363.0,59.79167145,51.87500415
509.0,61.45833825,51.87500415
524.0,64.37500515,51.87500415
233.0,64.79167185,51.87500415
260.0,66.87500535,51.87500415
284.0,68.54167215,51.87500415
317.0,72.70833915,51.87500415
202.0,73.12500585,51.87500415
342.0,77.29167285,51.87500415
250.0,79.79167305,51.87500415
233.0,80.20833975,51.87500415
237.0,82.29167325,51.87500415
234.0,82.70833995,51.87500415
290.0,83.54167335,51.87500415
267.0,83.95834005,51.87500415
274.0,84.79167345,51.87500415
270.0,86.04167355,51.87500415
301.0,88.54167375,51.87500415
320.0,88.95834045,51.87500415
307.0,89.37500715,51.87500415
279.0,90.20834055,51.87500415
291.0,90.62500725,51.87500415
292.0,91.04167395,51.87500415
272.0,91.45834065,51.87500415
355.0,92.29167405,51.87500415
345.0,93.12500745,51.87500415
323.0,93.54167415,51.87500415
304.0,93.95834085,51.87500415
218.0,94.37500755,51.87500415
245.0,94.79167425,51.87500415
281.0,95.20834095,51.87500415
297.0,95.62500765,51.87500415
314.0,99.79167465,51.87500415
272.0,107.29167525,51.87500415
263.0,-121.04167635,51.45833745
193.0,-120.62500965,51.45833745
477.0,-118.54167615,51.45833745
446.0,-117.70834275,51.45833745
132.0,-109.79167545,51.45833745
233.0,49.79167065,51.45833745
187.0,50.20833735,51.45833745
197.0,51.04167075,51.45833745
194.0,60.20833815,51.45833745
278.0,60.62500485,51.45833745
499.0,61.04167155,51.45833745
368.0,65.20833855,51.45833745
237.0,66.87500535,51.45833745
279.0,67.70833875,51.45833745
257.0,68.12500545,51.45833745
270.0,68.54167215,51.45833745
321.0,68.95833885,51.45833745
216.0,73.12500585,51.45833745
273.0,74.79167265,51.45833745
224.0,75.20833935,51.45833745
217.0,75.62500605,51.45833745
207.0,78.54167295,51.45833745
254.0,79.79167305,51.45833745
339.0,82.29167325,51.45833745
364.0,83.12500665,51.45833745
295.0,83.54167335,51.45833745
301.0,84.79167345,51.45833745
273.0,86.04167355,51.45833745
299.0,88.54167375,51.45833745
274.0,88.95834045,51.45833745
328.0,89.79167385,51.45833745
257.0,90.20834055,51.45833745
266.0,90.62500725,51.45833745
245.0,91.04167395,51.45833745
244.0,91.45834065,51.45833745
267.0,91.87500735,51.45833745
250.0,92.70834075,51.45833745
221.0,93.12500745,51.45833745
318.0,93.54167415,51.45833745
212.0,93.95834085,51.45833745
228.0,94.79167425,51.45833745
223.0,95.20834095,51.45833745
265.0,95.62500765,51.45833745
461.0,96.04167435,51.45833745
257.0,96.45834105,51.45833745
313.0,96.87500775,51.45833745
284.0,106.04167515,51.45833745
173.0,114.37500915,51.45833745
229.0,-121.45834305,51.04167075
279.0,-121.04167635,51.04167075
231.0,-120.62500965,51.04167075
126.0,-109.79167545,51.04167075
127.0,-109.37500875,51.04167075
125.0,-108.95834205,51.04167075
224.0,48.95833725,51.04167075
246.0,50.20833735,51.04167075
244.0,51.04167075,51.04167075
248.0,53.54167095,51.04167075
270.0,56.87500455,51.04167075
399.0,59.79167145,51.04167075
263.0,61.04167155,51.04167075
191.0,61.45833825,51.04167075
363.0,62.29167165,51.04167075
310.0,62.70833835,51.04167075
343.0,63.95833845,51.04167075
264.0,64.37500515,51.04167075
548.0,64.79167185,51.04167075
239.0,65.62500525,51.04167075
231.0,66.87500535,51.04167075
393.0,67.29167205,51.04167075
269.0,68.12500545,51.04167075
227.0,68.54167215,51.04167075
262.0,71.45833905,51.04167075
202.0,73.12500585,51.04167075
288.0,74.37500595,51.04167075
269.0,75.62500605,51.04167075
190.0,76.45833945,51.04167075
206.0,76.87500615,51.04167075
254.0,82.29167325,51.04167075
212.0,83.54167335,51.04167075
279.0,83.95834005,51.04167075
297.0,85.20834015,51.04167075
310.0,86.87500695,51.04167075
270.0,87.29167365,51.04167075
361.0,87.70834035,51.04167075
296.0,88.12500705,51.04167075
253.0,88.54167375,51.04167075
239.0,88.95834045,51.04167075
302.0,89.37500715,51.04167075
255.0,89.79167385,51.04167075
229.0,90.62500725,51.04167075
240.0,91.04167395,51.04167075
286.0,91.45834065,51.04167075
282.0,92.29167405,51.04167075
287.0,92.70834075,51.04167075
272.0,93.12500745,51.04167075
302.0,93.54167415,51.04167075
292.0,93.95834085,51.04167075
242.0,94.37500755,51.04167075
189.0,94.79167425,51.04167075
189.0,95.20834095,51.04167075
266.0,95.62500765,51.04167075
296.0,96.04167435,51.04167075
282.0,96.87500775,51.04167075
282.0,98.54167455,51.04167075
313.0,-120.62500965,50.62500405
266.0,-120.20834295,50.62500405
293.0,-118.54167615,50.62500405
108.0,-111.04167555,50.62500405
116.0,-110.62500885,50.62500405
112.0,-109.79167545,50.62500405
127.0,-109.37500875,50.62500405
134.0,-108.54167535,50.62500405
141.0,-108.12500865,50.62500405
163.0,-105.20834175,50.62500405
344.0,31.04166915,50.62500405
231.0,55.20833775,50.62500405
264.0,59.37500475,50.62500405
205.0,59.79167145,50.62500405
-9999.0,60.20833815,50.62500405
254.0,60.62500485,50.62500405
275.0,61.45833825,50.62500405
206.0,62.29167165,50.62500405
238.0,62.70833835,50.62500405
247.0,64.37500515,50.62500405
237.0,64.79167185,50.62500405
261.0,66.87500535,50.62500405
233.0,73.12500585,50.62500405
231.0,74.37500595,50.62500405
264.0,74.79167265,50.62500405
174.0,75.20833935,50.62500405
253.0,76.45833945,50.62500405
179.0,76.87500615,50.62500405
187.0,78.12500625,50.62500405
266.0,87.70834035,50.62500405
278.0,88.12500705,50.62500405
253.0,88.54167375,50.62500405
271.0,88.95834045,50.62500405
347.0,89.37500715,50.62500405
277.0,89.79167385,50.62500405
306.0,90.20834055,50.62500405
358.0,91.45834065,50.62500405
216.0,91.87500735,50.62500405
198.0,92.70834075,50.62500405
205.0,93.54167415,50.62500405
353.0,95.20834095,50.62500405
329.0,95.62500765,50.62500405
254.0,96.04167435,50.62500405
293.0,96.45834105,50.62500405
312.0,96.87500775,50.62500405
274.0,98.12500785,50.62500405
311.0,98.95834125,50.62500405
169.0,107.29167525,50.62500405
165.0,116.87500935,50.62500405
209.0,119.37500955,50.62500405
246.0,-120.20834295,50.20833735
-9999.0,-117.70834275,50.20833735
228.0,-116.87500935,50.20833735
138.0,-108.12500865,50.20833735
145.0,-107.70834195,50.20833735
166.0,-99.37500795,50.20833735
258.0,52.70833755,50.20833735
278.0,57.70833795,50.20833735
195.0,58.54167135,50.20833735
325.0,58.95833805,50.20833735
260.0,59.37500475,50.20833735
220.0,60.62500485,50.20833735
214.0,61.04167155,50.20833735
303.0,66.87500535,50.20833735
235.0,68.12500545,50.20833735
263.0,70.62500565,50.20833735
239.0,71.45833905,50.20833735
212.0,72.29167245,50.20833735
208.0,73.54167255,50.20833735
264.0,73.95833925,50.20833735
256.0,74.79167265,50.20833735
212.0,75.62500605,50.20833735
184.0,76.45833945,50.20833735
188.0,78.95833965,50.20833735
175.0,79.37500635,50.20833735
162.0,79.79167305,50.20833735
165.0,80.62500645,50.20833735
182.0,83.12500665,50.20833735
300.0,86.87500695,50.20833735
242.0,87.70834035,50.20833735
290.0,88.54167375,50.20833735
286.0,88.95834045,50.20833735
264.0,89.37500715,50.20833735
283.0,89.79167385,50.20833735
298.0,90.20834055,50.20833735
309.0,90.62500725,50.20833735
-9999.0,91.04167395,50.20833735
268.0,93.54167415,50.20833735
251.0,95.20834095,50.20833735
277.0,95.62500765,50.20833735
305.0,96.04167435,50.20833735
335.0,96.45834105,50.20833735
297.0,96.87500775,50.20833735
271.0,112.29167565,50.20833735
158.0,114.79167585,50.20833735
162.0,-103.54167495,49.79167065
219.0,56.04167115,49.79167065
261.0,56.87500455,49.79167065
266.0,57.29167125,49.79167065
377.0,58.12500465,49.79167065
281.0,58.95833805,49.79167065
255.0,59.37500475,49.79167065
212.0,59.79167145,49.79167065
195.0,60.20833815,49.79167065
183.0,60.62500485,49.79167065
217.0,61.45833825,49.79167065
151.0,66.87500535,49.79167065
178.0,80.20833975,49.79167065
186.0,81.04167315,49.79167065
214.0,83.12500665,49.79167065
202.0,83.54167335,49.79167065
209.0,84.79167345,49.79167065
381.0,85.20834015,49.79167065
-9999.0,87.70834035,49.79167065
361.0,88.12500705,49.79167065
241.0,88.54167375,49.79167065
259.0,88.95834045,49.79167065
274.0,89.37500715,49.79167065
353.0,89.79167385,49.79167065
190.0,90.62500725,49.79167065
276.0,91.87500735,49.79167065
178.0,92.70834075,49.79167065
249.0,104.79167505,49.79167065
270.0,106.04167515,49.79167065
241.0,106.45834185,49.79167065
187.0,107.70834195,49.79167065
180.0,112.70834235,49.79167065
173.0,114.37500915,49.79167065
172.0,118.54167615,49.79167065
186.0,119.37500955,49.79167065
185.0,-119.79167625,49.37500395
126.0,-108.12500865,49.37500395
184.0,-101.87500815,49.37500395
801.0,-95.62500765,49.37500395
635.0,-1.45833345,49.37500395
214.0,0.208333350000004,49.37500395
260.0,0.625000050000011,49.37500395
391.0,58.54167135,49.37500395
183.0,59.37500475,49.37500395
172.0,59.79167145,49.37500395
226.0,60.20833815,49.37500395
170.0,60.62500485,49.37500395
174.0,61.04167155,49.37500395
143.0,66.87500535,49.37500395
166.0,79.79167305,49.37500395
161.0,80.20833975,49.37500395
217.0,87.70834035,49.37500395
343.0,88.12500705,49.37500395
258.0,88.54167375,49.37500395
246.0,88.95834045,49.37500395
362.0,89.37500715,49.37500395
347.0,91.45834065,49.37500395
151.0,92.70834075,49.37500395
249.0,94.37500755,49.37500395
251.0,96.04167435,49.37500395
302.0,99.79167465,49.37500395
261.0,101.45834145,49.37500395
240.0,104.37500835,49.37500395
174.0,114.79167585,49.37500395
193.0,-120.62500965,48.95833725
152.0,-118.12500945,48.95833725
193.0,-116.45834265,48.95833725
128.0,-115.20834255,48.95833725
155.0,-114.37500915,48.95833725
191.0,-113.12500905,48.95833725
143.0,-103.12500825,48.95833725
179.0,-99.37500795,48.95833725
237.0,-96.87500775,48.95833725
237.0,42.29167005,48.95833725
229.0,58.54167135,48.95833725
177.0,58.95833805,48.95833725
231.0,60.62500485,48.95833725
159.0,69.37500555,48.95833725
167.0,81.87500655,48.95833725
185.0,89.79167385,48.95833725
220.0,91.04167395,48.95833725
271.0,91.87500735,48.95833725
145.0,93.12500745,48.95833725
156.0,94.79167425,48.95833725
296.0,101.45834145,48.95833725
331.0,107.29167525,48.95833725
179.0,113.12500905,48.95833725
375.0,-121.04167635,48.54167055
220.0,-96.87500775,48.54167055
317.0,42.29167005,48.54167055
163.0,71.04167235,48.54167055
166.0,82.29167325,48.54167055
160.0,84.79167345,48.54167055
205.0,85.20834015,48.54167055
242.0,88.95834045,48.54167055
290.0,89.37500715,48.54167055
203.0,90.20834055,48.54167055
164.0,91.45834065,48.54167055
173.0,93.95834085,48.54167055
338.0,101.04167475,48.54167055
270.0,101.45834145,48.54167055
244.0,102.70834155,48.54167055
151.0,112.70834235,48.54167055
170.0,113.12500905,48.54167055
147.0,-113.95834245,48.12500385
129.0,74.37500595,48.12500385
175.0,85.20834015,48.12500385
255.0,88.95834045,48.12500385
195.0,91.45834065,48.12500385
196.0,94.79167425,48.12500385
244.0,99.37500795,48.12500385
150.0,104.79167505,48.12500385
83.0,-118.95834285,47.70833715
129.0,-118.12500945,47.70833715
159.0,-114.37500915,47.70833715
172.0,-113.12500905,47.70833715
233.0,-95.62500765,47.70833715
195.0,5.62500045000002,47.70833715
192.0,21.04166835,47.70833715
215.0,48.12500385,47.70833715
218.0,90.62500725,47.70833715
152.0,91.87500735,47.70833715
135.0,93.12500745,47.70833715
153.0,93.54167415,47.70833715
169.0,95.62500765,47.70833715
164.0,103.12500825,47.70833715
137.0,104.79167505,47.70833715
202.0,108.95834205,47.70833715
155.0,110.62500885,47.70833715
133.0,111.45834225,47.70833715
144.0,113.12500905,47.70833715
97.0,-119.79167625,47.29167045
66.0,-118.95834285,47.29167045
78.0,-118.54167615,47.29167045
85.0,-118.12500945,47.29167045
123.0,-117.29167605,47.29167045
149.0,-114.37500915,47.29167045
234.0,-96.87500775,47.29167045
177.0,20.62500165,47.29167045
176.0,21.04166835,47.29167045
167.0,26.45833545,47.29167045
191.0,36.87500295,47.29167045
307.0,38.54166975,47.29167045
166.0,60.20833815,47.29167045
160.0,60.62500485,47.29167045
180.0,85.20834015,47.29167045
132.0,86.04167355,47.29167045
97.0,88.54167375,47.29167045
233.0,91.87500735,47.29167045
152.0,92.29167405,47.29167045
-9999.0,92.70834075,47.29167045
232.0,93.12500745,47.29167045
155.0,103.12500825,47.29167045
132.0,103.95834165,47.29167045
131.0,105.20834175,47.29167045
139.0,111.04167555,47.29167045
97.0,-120.20834295,46.87500375
62.0,-119.79167625,46.87500375
65.0,-118.95834285,46.87500375
88.0,-117.70834275,46.87500375
118.0,-117.29167605,46.87500375
148.0,-114.37500915,46.87500375
160.0,-113.54167575,46.87500375
167.0,-112.29167565,46.87500375
175.0,-111.87500895,46.87500375
186.0,-111.45834225,46.87500375
-9999.0,-96.87500775,46.87500375
165.0,21.45833505,46.87500375
183.0,34.37500275,46.87500375
207.0,36.45833625,46.87500375
149.0,92.70834075,46.87500375
138.0,105.20834175,46.87500375
87.0,-120.20834295,46.45833705
122.0,-117.70834275,46.45833705
114.0,-117.29167605,46.45833705
194.0,-114.79167585,46.45833705
182.0,-114.37500915,46.45833705
167.0,-113.54167575,46.45833705
149.0,-113.12500905,46.45833705
145.0,-112.70834235,46.45833705
154.0,-112.29167565,46.45833705
148.0,-110.62500885,46.45833705
-9999.0,37.29166965,46.45833705
269.0,42.29167005,46.45833705
235.0,56.04167115,46.45833705
169.0,93.54167415,46.45833705
140.0,94.37500755,46.45833705
133.0,104.37500835,46.45833705
92.0,-120.20834295,46.04167035
64.0,-119.37500955,46.04167035
123.0,-118.12500945,46.04167035
206.0,-114.37500915,46.04167035
145.0,-113.95834245,46.04167035
164.0,-111.87500895,46.04167035
144.0,-110.20834215,46.04167035
472.0,-93.95834085,46.04167035
168.0,-0.208333350000004,46.04167035
128.0,21.45833505,46.04167035
-9999.0,50.20833735,46.04167035
193.0,58.54167135,46.04167035
-9999.0,59.79167145,46.04167035
148.0,83.95834005,46.04167035
255.0,93.54167415,46.04167035
68.0,-120.20834295,45.62500365
96.0,-119.37500955,45.62500365
130.0,-116.45834265,45.62500365
128.0,-113.54167575,45.62500365
248.0,-112.70834235,45.62500365
159.0,-111.87500895,45.62500365
182.0,28.95833565,45.62500365
-9999.0,30.62500245,45.62500365
168.0,43.95833685,45.62500365
194.0,44.79167025,45.62500365
238.0,57.70833795,45.62500365
222.0,58.54167135,45.62500365
-9999.0,58.95833805,45.62500365
120.0,67.70833875,45.62500365
144.0,-118.54167615,45.20833695
108.0,-118.12500945,45.20833695
171.0,-117.29167605,45.20833695
119.0,-115.62500925,45.20833695
156.0,-114.79167585,45.20833695
163.0,-114.37500915,45.20833695
160.0,-113.54167575,45.20833695
116.0,-112.70834235,45.20833695
156.0,-112.29167565,45.20833695
155.0,-111.45834225,45.20833695
186.0,-111.04167555,45.20833695
180.0,-110.62500885,45.20833695
163.0,-110.20834215,45.20833695
202.0,-109.79167545,45.20833695
132.0,-103.54167495,45.20833695
159.0,27.29166885,45.20833695
158.0,27.70833555,45.20833695
247.0,33.54166935,45.20833695
184.0,44.37500355,45.20833695
-9999.0,48.95833725,45.20833695
248.0,53.54167095,45.20833695
212.0,54.79167105,45.20833695
180.0,57.29167125,45.20833695
182.0,58.12500465,45.20833695
-9999.0,58.54167135,45.20833695
111.0,67.29167205,45.20833695
148.0,67.70833875,45.20833695
121.0,68.54167215,45.20833695
123.0,68.95833885,45.20833695
126.0,69.79167225,45.20833695
89.0,70.20833895,45.20833695
127.0,78.12500625,45.20833695
123.0,78.54167295,45.20833695
99.0,-120.20834295,44.79167025
157.0,-115.20834255,44.79167025
197.0,-114.79167585,44.79167025
185.0,-114.37500915,44.79167025
280.0,-113.54167575,44.79167025
150.0,-112.29167565,44.79167025
185.0,-111.87500895,44.79167025
158.0,-111.04167555,44.79167025
143.0,-110.20834215,44.79167025
126.0,-107.29167525,44.79167025
101.0,-102.70834155,44.79167025
154.0,28.54166895,44.79167025
-9999.0,33.12500265,44.79167025
176.0,38.12500305,44.79167025
-9999.0,50.20833735,44.79167025
-9999.0,53.54167095,44.79167025
187.0,56.04167115,44.79167025
101.0,67.29167205,44.79167025
109.0,67.70833875,44.79167025
108.0,68.12500545,44.79167025
114.0,68.54167215,44.79167025
166.0,68.95833885,44.79167025
108.0,69.79167225,44.79167025
94.0,70.20833895,44.79167025
139.0,77.70833955,44.79167025
121.0,78.12500625,44.79167025
110.0,-121.04167635,44.37500355
126.0,-120.62500965,44.37500355
162.0,-120.20834295,44.37500355
154.0,-118.54167615,44.37500355
114.0,-118.12500945,44.37500355
157.0,-113.95834245,44.37500355
224.0,-111.87500895,44.37500355
155.0,-110.20834215,44.37500355
123.0,-107.70834195,44.37500355
204.0,4.37500034999999,44.37500355
167.0,4.79166705,44.37500355
156.0,5.20833375000001,44.37500355
278.0,14.79166785,44.37500355
-9999.0,29.79166905,44.37500355
-9999.0,59.37500475,44.37500355
78.0,66.87500535,44.37500355
108.0,68.12500545,44.37500355
101.0,68.54167215,44.37500355
114.0,68.95833885,44.37500355
87.0,69.79167225,44.37500355
94.0,70.20833895,44.37500355
102.0,71.04167235,44.37500355
147.0,77.70833955,44.37500355
77.0,-121.04167635,43.95833685
93.0,-120.20834295,43.95833685
101.0,-119.79167625,43.95833685
219.0,-119.37500955,43.95833685
118.0,-118.12500945,43.95833685
198.0,-115.20834255,43.95833685
160.0,-114.37500915,43.95833685
180.0,-113.95834245,43.95833685
155.0,-111.45834225,43.95833685
124.0,-110.62500885,43.95833685
296.0,-110.20834215,43.95833685
165.0,-109.79167545,43.95833685
193.0,-109.37500875,43.95833685
114.0,-107.29167525,43.95833685
142.0,1.87500015000001,43.95833685
223.0,3.54166695000001,43.95833685
172.0,4.37500034999999,43.95833685
-9999.0,4.79166705,43.95833685
198.0,8.12500065,43.95833685
-9999.0,9.79166745000001,43.95833685
144.0,15.62500125,43.95833685
176.0,25.20833535,43.95833685
124.0,26.45833545,43.95833685
123.0,27.29166885,43.95833685
-9999.0,33.95833605,43.95833685
231.0,58.95833805,43.95833685
95.0,67.29167205,43.95833685
97.0,67.70833875,43.95833685
125.0,68.12500545,43.95833685
101.0,68.54167215,43.95833685
99.0,69.37500555,43.95833685
123.0,69.79167225,43.95833685
109.0,74.37500595,43.95833685
103.0,74.79167265,43.95833685
143.0,75.20833935,43.95833685
111.0,75.62500605,43.95833685
143.0,76.04167275,43.95833685
125.0,76.45833945,43.95833685
131.0,76.87500615,43.95833685
112.0,77.29167285,43.95833685
109.0,77.70833955,43.95833685
114.0,81.45833985,43.95833685
87.0,-120.62500965,43.54167015
102.0,-120.20834295,43.54167015
92.0,-119.79167625,43.54167015
95.0,-118.12500945,43.54167015
93.0,-117.29167605,43.54167015
143.0,-115.62500925,43.54167015
123.0,-113.12500905,43.54167015
162.0,-111.04167555,43.54167015
217.0,-110.20834215,43.54167015
110.0,-108.95834205,43.54167015
143.0,-108.12500865,43.54167015
175.0,-96.87500775,43.54167015
-9999.0,9.79166745000001,43.54167015
-9999.0,10.20833415,43.54167015
-9999.0,11.04166755,43.54167015
136.0,23.95833525,43.54167015
128.0,67.29167205,43.54167015
125.0,67.70833875,43.54167015
116.0,68.12500545,43.54167015
102.0,68.95833885,43.54167015
87.0,70.20833895,43.54167015
93.0,71.87500575,43.54167015
90.0,72.29167245,43.54167015
123.0,75.62500605,43.54167015
133.0,76.45833945,43.54167015
145.0,77.29167285,43.54167015
154.0,78.95833965,43.54167015
97.0,79.79167305,43.54167015
159.0,-121.45834305,43.12500345
89.0,-121.04167635,43.12500345
118.0,-120.62500965,43.12500345
112.0,-120.20834295,43.12500345
133.0,-119.79167625,43.12500345
119.0,-119.37500955,43.12500345
108.0,-118.12500945,43.12500345
96.0,-117.70834275,43.12500345
123.0,-117.29167605,43.12500345
67.0,-116.45834265,43.12500345
82.0,-115.62500925,43.12500345
89.0,-114.79167585,43.12500345
83.0,-114.37500915,43.12500345
169.0,-110.62500885,43.12500345
145.0,-110.20834215,43.12500345
62.0,-107.70834195,43.12500345
131.0,-101.04167475,43.12500345
129.0,2.70833354999999,43.12500345
-9999.0,5.62500045000002,43.12500345
160.0,6.04166714999999,43.12500345
-9999.0,6.45833385,43.12500345
-9999.0,7.29166724999999,43.12500345
-9999.0,17.29166805,43.12500345
-9999.0,28.95833565,43.12500345
476.0,41.45833665,43.12500345
343.0,41.87500335,43.12500345
464.0,42.29167005,43.12500345
364.0,42.70833675,43.12500345
342.0,43.12500345,43.12500345
90.0,64.79167185,43.12500345
109.0,67.70833875,43.12500345
114.0,68.12500545,43.12500345
109.0,68.95833885,43.12500345
96.0,69.37500555,43.12500345
122.0,70.20833895,43.12500345
105.0,71.04167235,43.12500345
137.0,71.45833905,43.12500345
89.0,72.29167245,43.12500345
106.0,73.54167255,43.12500345
123.0,73.95833925,43.12500345
104.0,-113.95834245,42.70833675
100.0,-113.12500905,42.70833675
147.0,-112.70834235,42.70833675
199.0,-111.87500895,42.70833675
191.0,-110.62500885,42.70833675
145.0,-110.20834215,42.70833675
124.0,-109.37500875,42.70833675
72.0,-107.70834195,42.70833675
117.0,-106.45834185,42.70833675
199.0,-106.04167515,42.70833675
104.0,-98.54167455,42.70833675
143.0,-97.29167445,42.70833675
161.0,-91.87500735,42.70833675
161.0,-3.95833364999999,42.70833675
-9999.0,8.95833404999999,42.70833675
373.0,43.95833685,42.70833675
81.0,64.37500515,42.70833675
104.0,64.79167185,42.70833675
121.0,68.12500545,42.70833675
114.0,70.62500565,42.70833675
77.0,-116.87500935,42.29167005
107.0,-116.45834265,42.29167005
79.0,-115.62500925,42.29167005
97.0,-114.79167585,42.29167005
169.0,-110.62500885,42.29167005
67.0,-110.20834215,42.29167005
165.0,-105.62500845,42.29167005
98.0,-98.54167455,42.29167005
109.0,-97.70834115,42.29167005
150.0,-96.04167435,42.29167005
147.0,-92.29167405,42.29167005
105.0,-4.79166705,42.29167005
119.0,-3.95833364999999,42.29167005
159.0,-3.12500025,42.29167005
129.0,-1.45833345,42.29167005
145.0,0.208333350000004,42.29167005
152.0,3.12500025,42.29167005
161.0,12.70833435,42.29167005
-9999.0,14.79166785,42.29167005
-9999.0,16.04166795,42.29167005
130.0,53.95833765,42.29167005
142.0,54.79167105,42.29167005
124.0,55.20833775,42.29167005
126.0,68.95833885,42.29167005
123.0,69.37500555,42.29167005
213.0,73.95833925,42.29167005
207.0,74.37500595,42.29167005
242.0,81.45833985,42.29167005
122.0,-122.29167645,41.87500335
156.0,-121.87500975,41.87500335
210.0,-121.45834305,41.87500335
210.0,-120.20834295,41.87500335
141.0,-117.29167605,41.87500335
77.0,-116.87500935,41.87500335
82.0,-116.45834265,41.87500335
201.0,-116.04167595,41.87500335
159.0,-112.29167565,41.87500335
183.0,-111.87500895,41.87500335
70.0,-109.37500875,41.87500335
80.0,-99.79167465,41.87500335
128.0,-97.70834115,41.87500335
133.0,-97.29167445,41.87500335
148.0,-96.87500775,41.87500335
223.0,-6.45833385,41.87500335
116.0,-1.45833345,41.87500335
134.0,-1.04166674999999,41.87500335
135.0,-0.625000050000011,41.87500335
157.0,-0.208333350000004,41.87500335
128.0,14.79166785,41.87500335
-9999.0,16.45833465,41.87500335
305.0,43.12500345,41.87500335
-9999.0,53.54167095,41.87500335
118.0,54.37500435,41.87500335
130.0,55.62500445,41.87500335
129.0,68.12500545,41.87500335
136.0,68.95833885,41.87500335
123.0,69.37500555,41.87500335
228.0,73.54167255,41.87500335
190.0,73.95833925,41.87500335
254.0,74.37500595,41.87500335
115.0,-122.29167645,41.45833665
175.0,-121.87500975,41.45833665
147.0,-121.45834305,41.45833665
147.0,-120.20834295,41.45833665
177.0,-118.95834285,41.45833665
196.0,-117.70834275,41.45833665
82.0,-116.87500935,41.45833665
137.0,-116.45834265,41.45833665
84.0,-114.79167585,41.45833665
74.0,-113.95834245,41.45833665
-9999.0,-112.29167565,41.45833665
96.0,-109.37500875,41.45833665
103.0,-104.79167505,41.45833665
107.0,-104.37500835,41.45833665
100.0,-98.54167455,41.45833665
145.0,-97.70834115,41.45833665
107.0,-4.79166705,41.45833665
114.0,-1.45833345,41.45833665
120.0,-1.04166674999999,41.45833665
109.0,-0.208333350000004,41.45833665
111.0,0.208333350000004,41.45833665
111.0,0.625000050000011,41.45833665
145.0,1.45833345,41.45833665
-9999.0,3.12500025,41.45833665
163.0,12.70833435,41.45833665
161.0,13.12500105,41.45833665
120.0,15.20833455,41.45833665
140.0,15.62500125,41.45833665
-9999.0,16.04166795,41.45833665
-9999.0,19.37500155,41.45833665
-9999.0,28.54166895,41.45833665
170.0,48.54167055,41.45833665
184.0,48.95833725,41.45833665
115.0,67.29167205,41.45833665
113.0,67.70833875,41.45833665
145.0,68.12500545,41.45833665
159.0,68.95833885,41.45833665
127.0,69.37500555,41.45833665
189.0,70.20833895,41.45833665
212.0,73.95833925,41.45833665
195.0,74.37500595,41.45833665
59.0,-117.29167605,41.04166995
100.0,-116.45834265,41.04166995
128.0,-114.79167585,41.04166995
164.0,-111.04167555,41.04166995
120.0,-109.37500875,41.04166995
165.0,-108.95834205,41.04166995
172.0,-106.87500855,41.04166995
203.0,-106.45834185,41.04166995
201.0,-105.62500845,41.04166995
113.0,-98.54167455,41.04166995
138.0,-98.12500785,41.04166995
164.0,-93.54167415,41.04166995
131.0,-5.62500044999999,41.04166995
137.0,-3.12500025,41.04166995
131.0,-2.70833354999999,41.04166995
105.0,-0.208333350000004,41.04166995
-9999.0,2.29166685000001,41.04166995
-9999.0,13.54166775,41.04166995
-9999.0,14.37500115,41.04166995
-9999.0,16.87500135,41.04166995
-9999.0,19.37500155,41.04166995
-9999.0,38.12500305,41.04166995
-9999.0,38.54166975,41.04166995
213.0,41.87500335,41.04166995
-9999.0,53.54167095,41.04166995
-9999.0,54.37500435,41.04166995
-9999.0,54.79167105,41.04166995
118.0,68.12500545,41.04166995
168.0,70.62500565,41.04166995
137.0,72.70833915,41.04166995
193.0,73.54167255,41.04166995
-9999.0,-121.04167635,40.62500325
118.0,-120.62500965,40.62500325
65.0,-120.20834295,40.62500325
72.0,-117.29167605,40.62500325
77.0,-116.87500935,40.62500325
124.0,-114.79167585,40.62500325
171.0,-110.62500885,40.62500325
265.0,-106.45834185,40.62500325
133.0,-91.45834065,40.62500325
138.0,-89.79167385,40.62500325
162.0,-5.20833375000001,40.62500325
135.0,-3.95833364999999,40.62500325
126.0,-2.29166684999998,40.62500325
132.0,0.208333350000004,40.62500325
-9999.0,8.12500065,40.62500325
-9999.0,13.95833445,40.62500325
-9999.0,14.79166785,40.62500325
174.0,15.20833455,40.62500325
135.0,17.29166805,40.62500325
-9999.0,18.54166815,40.62500325
-9999.0,18.95833485,40.62500325
179.0,19.37500155,40.62500325
-9999.0,25.20833535,40.62500325
-9999.0,27.29166885,40.62500325
-9999.0,28.95833565,40.62500325
144.0,29.37500235,40.62500325
115.0,33.95833605,40.62500325
206.0,37.70833635,40.62500325
173.0,38.54166975,40.62500325
223.0,42.29167005,40.62500325
179.0,47.29167045,40.62500325
144.0,47.70833715,40.62500325
169.0,48.95833725,40.62500325
165.0,53.12500425,40.62500325
175.0,53.54167095,40.62500325
148.0,53.95833765,40.62500325
118.0,54.37500435,40.62500325
85.0,57.29167125,40.62500325
121.0,68.12500545,40.62500325
74.0,70.62500565,40.62500325
86.0,71.04167235,40.62500325
90.0,71.45833905,40.62500325
-9999.0,71.87500575,40.62500325
83.0,113.12500905,40.62500325
205.0,-121.04167635,40.20833655
72.0,-120.20834295,40.20833655
80.0,-117.29167605,40.20833655
84.0,-112.70834235,40.20833655
204.0,-106.45834185,40.20833655
143.0,-97.29167445,40.20833655
154.0,-95.62500765,40.20833655
154.0,-94.37500755,40.20833655
221.0,-5.20833375000001,40.20833655
137.0,-4.79166705,40.20833655
97.0,-3.95833364999999,40.20833655
104.0,-3.54166695000001,40.20833655
101.0,-3.12500025,40.20833655
105.0,-2.70833354999999,40.20833655
-9999.0,2.70833354999999,40.20833655
-9999.0,3.12500025,40.20833655
196.0,16.04166795,40.20833655
113.0,31.87500255,40.20833655
184.0,36.87500295,40.20833655
241.0,37.29166965,40.20833655
209.0,37.70833635,40.20833655
210.0,48.54167055,40.20833655
-9999.0,52.70833755,40.20833655
89.0,57.29167125,40.20833655
78.0,71.04167235,40.20833655
105.0,71.87500575,40.20833655
217.0,73.95833925,40.20833655
139.0,-120.20834295,39.79166985
71.0,-119.79167625,39.79166985
89.0,-117.29167605,39.79166985
180.0,-110.62500885,39.79166985
119.0,-110.20834215,39.79166985
146.0,-94.37500755,39.79166985
138.0,-8.12500065,39.79166985
166.0,-7.70833395,39.79166985
93.0,-3.12500025,39.79166985
131.0,-1.04166674999999,39.79166985
141.0,-0.208333350000004,39.79166985
-9999.0,0.208333350000004,39.79166985
-9999.0,0.625000050000011,39.79166985
-9999.0,2.29166685000001,39.79166985
-9999.0,3.12500025,39.79166985
-9999.0,8.54166735000001,39.79166985
-9999.0,16.87500135,39.79166985
-9999.0,18.95833485,39.79166985
141.0,28.54166895,39.79166985
93.0,56.04167115,39.79166985
79.0,57.29167125,39.79166985
178.0,68.12500545,39.79166985
144.0,69.37500555,39.79166985
183.0,-120.20834295,39.37500315
95.0,-119.79167625,39.37500315
133.0,-111.87500895,39.37500315
105.0,-111.04167555,39.37500315
160.0,-110.20834215,39.37500315
180.0,-109.79167545,39.37500315
230.0,-108.54167535,39.37500315
126.0,-105.20834175,39.37500315
132.0,-97.29167445,39.37500315
171.0,-7.70833395,39.37500315
132.0,-5.20833375000001,39.37500315
109.0,-1.45833345,39.37500315
-9999.0,-0.208333350000004,39.37500315
-9999.0,2.29166685000001,39.37500315
-9999.0,2.70833354999999,39.37500315
137.0,3.12500025,39.37500315
-9999.0,3.54166695000001,39.37500315
-9999.0,8.12500065,39.37500315
156.0,9.37500075,39.37500315
175.0,20.62500165,39.37500315
154.0,21.04166835,39.37500315
109.0,22.70833515,39.37500315
-9999.0,26.45833545,39.37500315
180.0,27.29166885,39.37500315
135.0,37.29166965,39.37500315
162.0,38.54166975,39.37500315
245.0,38.95833645,39.37500315
250.0,39.37500315,39.37500315
-9999.0,53.12500425,39.37500315
222.0,53.54167095,39.37500315
127.0,55.20833775,39.37500315
119.0,56.04167115,39.37500315
85.0,56.87500455,39.37500315
80.0,57.70833795,39.37500315
84.0,58.54167135,39.37500315
214.0,74.37500595,39.37500315
139.0,76.87500615,39.37500315
165.0,-119.79167625,38.95833645
152.0,-116.45834265,38.95833645
156.0,-95.20834095,38.95833645
138.0,-7.70833395,38.95833645
109.0,-6.87500055000001,38.95833645
94.0,-5.62500044999999,38.95833645
120.0,-5.20833375000001,38.95833645
126.0,-0.208333350000004,38.95833645
-9999.0,1.87500015000001,38.95833645
-9999.0,3.12500025,38.95833645
-9999.0,9.79166745000001,38.95833645
-9999.0,17.29166805,38.95833645
-9999.0,25.62500205,38.95833645
219.0,48.54167055,38.95833645
93.0,55.20833775,38.95833645
81.0,58.54167135,38.95833645
158.0,77.29167285,38.95833645
120.0,77.70833955,38.95833645
156.0,78.12500625,38.95833645
165.0,-119.79167625,38.54166975
42.0,-117.70834275,38.54166975
58.0,-117.29167605,38.54166975
64.0,-116.87500935,38.54166975
70.0,-116.45834265,38.54166975
90.0,-114.37500915,38.54166975
123.0,-97.29167445,38.54166975
111.0,-7.70833395,38.54166975
106.0,-5.20833375000001,38.54166975
113.0,-3.95833364999999,38.54166975
107.0,-2.70833354999999,38.54166975
106.0,-1.04166674999999,38.54166975
122.0,-0.208333350000004,38.54166975
-9999.0,1.87500015000001,38.54166975
-9999.0,16.87500135,38.54166975
-9999.0,20.62500165,38.54166975
-9999.0,25.62500205,38.54166975
149.0,26.04166875,38.54166975
146.0,26.45833545,38.54166975
141.0,28.95833565,38.54166975
125.0,29.37500235,38.54166975
128.0,36.04166955,38.54166975
128.0,39.37500315,38.54166975
177.0,40.20833655,38.54166975
229.0,40.62500325,38.54166975
281.0,41.45833665,38.54166975
248.0,41.87500335,38.54166975
-9999.0,43.12500345,38.54166975
185.0,48.54167055,38.54166975
111.0,54.79167105,38.54166975
99.0,55.62500445,38.54166975
72.0,58.54167135,38.54166975
80.0,59.79167145,38.54166975
137.0,-119.37500955,38.12500305
63.0,-118.95834285,38.12500305
46.0,-118.54167615,38.12500305
82.0,-117.70834275,38.12500305
48.0,-117.29167605,38.12500305
46.0,-116.87500935,38.12500305
98.0,-112.29167565,38.12500305
149.0,-111.87500895,38.12500305
128.0,-108.95834205,38.12500305
146.0,-108.12500865,38.12500305
120.0,-106.87500855,38.12500305
-9999.0,-8.95833404999999,38.12500305
107.0,-7.70833395,38.12500305
128.0,-6.45833385,38.12500305
112.0,-6.04166714999999,38.12500305
151.0,-5.20833375000001,38.12500305
150.0,-4.79166705,38.12500305
112.0,-4.37500034999999,38.12500305
118.0,-3.95833364999999,38.12500305
97.0,-3.12500025,38.12500305
128.0,-2.70833354999999,38.12500305
-9999.0,13.54166775,38.12500305
-9999.0,13.95833445,38.12500305
158.0,15.20833455,38.12500305
-9999.0,20.20833495,38.12500305
152.0,20.62500165,38.12500305
110.0,21.45833505,38.12500305
141.0,22.29166845,38.12500305
-9999.0,22.70833515,38.12500305
-9999.0,26.04166875,38.12500305
103.0,28.12500225,38.12500305
129.0,28.54166895,38.12500305
104.0,57.29167125,38.12500305
136.0,66.45833865,38.12500305
288.0,71.04167235,38.12500305
234.0,73.54167255,38.12500305
193.0,73.95833925,38.12500305
243.0,74.79167265,38.12500305
237.0,96.45834105,38.12500305
64.0,-118.95834285,37.70833635
48.0,-118.12500945,37.70833635
121.0,-112.29167565,37.70833635
103.0,-93.12500745,37.70833635
131.0,-7.70833395,37.70833635
121.0,-7.29166724999999,37.70833635
121.0,-6.87500055000001,37.70833635
137.0,-6.45833385,37.70833635
94.0,-5.20833375000001,37.70833635
97.0,-4.79166705,37.70833635
105.0,-4.37500034999999,37.70833635
114.0,-3.54166695000001,37.70833635
92.0,-2.29166684999998,37.70833635
95.0,-1.87500015000001,37.70833635
-9999.0,9.37500075,37.70833635
-9999.0,10.20833415,37.70833635
173.0,13.54166775,37.70833635
167.0,15.20833455,37.70833635
-9999.0,20.62500165,37.70833635
112.0,22.70833515,37.70833635
117.0,38.95833645,37.70833635
162.0,39.37500315,37.70833635
158.0,40.20833655,37.70833635
174.0,40.62500325,37.70833635
179.0,41.87500335,37.70833635
-9999.0,49.37500395,37.70833635
183.0,54.37500435,37.70833635
121.0,57.29167125,37.70833635
101.0,57.70833795,37.70833635
174.0,58.12500465,37.70833635
212.0,71.87500575,37.70833635
248.0,73.54167255,37.70833635
247.0,73.95833925,37.70833635
344.0,74.37500595,37.70833635
223.0,74.79167265,37.70833635
189.0,75.20833935,37.70833635
196.0,75.62500605,37.70833635
69.0,105.20834175,37.70833635
54.0,107.70834195,37.70833635
79.0,-118.54167615,37.29166965
66.0,-118.12500945,37.29166965
74.0,-117.70834275,37.29166965
80.0,-113.12500905,37.29166965
170.0,-107.29167525,37.29166965
136.0,-105.20834175,37.29166965
108.0,-104.79167505,37.29166965
168.0,-96.04167435,37.29166965
92.0,-5.20833375000001,37.29166965
94.0,-4.79166705,37.29166965
116.0,-4.37500034999999,37.29166965
100.0,-2.29166684999998,37.29166965
-9999.0,-1.04166674999999,37.29166965
-9999.0,3.12500025,37.29166965
-9999.0,3.54166695000001,37.29166965
-9999.0,3.95833365000001,37.29166965
-9999.0,4.37500034999999,37.29166965
-9999.0,4.79166705,37.29166965
-9999.0,5.20833375000001,37.29166965
-9999.0,6.45833385,37.29166965
-9999.0,8.95833404999999,37.29166965
-9999.0,15.20833455,37.29166965
-9999.0,15.62500125,37.29166965
143.0,22.70833515,37.29166965
-9999.0,26.45833545,37.29166965
112.0,35.62500285,37.29166965
112.0,36.04166955,37.29166965
109.0,36.45833625,37.29166965
126.0,37.29166965,37.29166965
151.0,38.54166975,37.29166965
156.0,40.20833655,37.29166965
134.0,40.62500325,37.29166965
236.0,49.37500395,37.29166965
316.0,49.79167065,37.29166965
351.0,50.20833735,37.29166965
-9999.0,53.54167095,37.29166965
111.0,57.70833795,37.29166965
117.0,58.54167135,37.29166965
91.0,60.62500485,37.29166965
235.0,72.70833915,37.29166965
254.0,73.54167255,37.29166965
212.0,74.79167265,37.29166965
240.0,75.20833935,37.29166965
301.0,75.62500605,37.29166965
154.0,76.04167275,37.29166965
279.0,101.45834145,37.29166965
285.0,102.70834155,37.29166965
80.0,104.37500835,37.29166965
67.0,105.62500845,37.29166965
67.0,106.04167515,37.29166965
81.0,106.87500855,37.29166965
67.0,107.29167525,37.29166965
61.0,-118.12500945,36.87500295
65.0,-117.70834275,36.87500295
117.0,-104.79167505,36.87500295
108.0,-104.37500835,36.87500295
123.0,-103.95834165,36.87500295
134.0,-96.04167435,36.87500295
-9999.0,-8.12500065,36.87500295
95.0,-5.62500044999999,36.87500295
93.0,-5.20833375000001,36.87500295
112.0,-4.37500034999999,36.87500295
131.0,-3.95833364999999,36.87500295
104.0,-2.29166684999998,36.87500295
-9999.0,0.625000050000011,36.87500295
-9999.0,1.45833345,36.87500295
-9999.0,1.87500015000001,36.87500295
-9999.0,2.29166685000001,36.87500295
-9999.0,2.70833354999999,36.87500295
-9999.0,3.12500025,36.87500295
144.0,3.95833365000001,36.87500295
150.0,4.37500034999999,36.87500295
149.0,4.79166705,36.87500295
-9999.0,5.20833375000001,36.87500295
-9999.0,5.62500045000002,36.87500295
177.0,6.45833385,36.87500295
109.0,7.29166724999999,36.87500295
153.0,8.54166735000001,36.87500295
184.0,14.79166785,36.87500295
-9999.0,15.62500125,36.87500295
-9999.0,26.04166875,36.87500295
142.0,31.04166915,36.87500295
138.0,43.54167015,36.87500295
171.0,49.79167065,36.87500295
219.0,50.20833735,36.87500295
-9999.0,51.04167075,36.87500295
83.0,57.29167125,36.87500295
72.0,67.70833875,36.87500295
263.0,73.95833925,36.87500295
248.0,75.62500605,36.87500295
-9999.0,100.20834135,36.87500295
249.0,101.45834145,36.87500295
138.0,101.87500815,36.87500295
73.0,106.87500855,36.87500295
79.0,107.29167525,36.87500295
129.0,-118.12500945,36.45833625
65.0,-117.70834275,36.45833625
71.0,-117.29167605,36.45833625
133.0,-106.87500855,36.45833625
118.0,-96.04167435,36.45833625
87.0,-93.12500745,36.45833625
108.0,-6.04166714999999,36.45833625
-9999.0,-4.37500034999999,36.45833625
-9999.0,-2.70833354999999,36.45833625
-9999.0,-2.29166684999998,36.45833625
-9999.0,-0.208333350000004,36.45833625
-9999.0,0.208333350000004,36.45833625
-9999.0,0.625000050000011,36.45833625
121.0,1.04166674999999,36.45833625
127.0,1.45833345,36.45833625
134.0,1.87500015000001,36.45833625
145.0,2.29166685000001,36.45833625
147.0,3.12500025,36.45833625
128.0,3.54166695000001,36.45833625
200.0,3.95833365000001,36.45833625
191.0,4.37500034999999,36.45833625
120.0,4.79166705,36.45833625
116.0,5.20833375000001,36.45833625
123.0,5.62500045000002,36.45833625
124.0,6.45833385,36.45833625
131.0,6.87500055000001,36.45833625
-9999.0,14.79166785,36.45833625
-9999.0,28.95833565,36.45833625
110.0,29.37500235,36.45833625
-9999.0,30.62500245,36.45833625
-9999.0,31.04166915,36.45833625
138.0,32.70833595,36.45833625
118.0,33.54166935,36.45833625
135.0,37.29166965,36.45833625
200.0,42.70833675,36.45833625
194.0,43.54167015,36.45833625
115.0,46.87500375,36.45833625
131.0,48.54167055,36.45833625
206.0,51.87500415,36.45833625
151.0,52.70833755,36.45833625
78.0,57.70833795,36.45833625
168.0,58.95833805,36.45833625
182.0,63.95833845,36.45833625
151.0,65.62500525,36.45833625
287.0,71.04167235,36.45833625
250.0,72.70833915,36.45833625
322.0,73.12500585,36.45833625
221.0,73.54167255,36.45833625
183.0,73.95833925,36.45833625
201.0,74.79167265,36.45833625
270.0,75.62500605,36.45833625
195.0,76.04167275,36.45833625
-9999.0,76.87500615,36.45833625
95.0,107.29167525,36.45833625
90.0,107.70834195,36.45833625
110.0,-118.12500945,36.04166955
50.0,-117.70834275,36.04166955
59.0,-117.29167605,36.04166955
127.0,-106.87500855,36.04166955
114.0,-104.79167505,36.04166955
116.0,-97.29167445,36.04166955
-9999.0,-6.45833385,36.04166955
-9999.0,-0.625000050000011,36.04166955
-9999.0,-0.208333350000004,36.04166955
104.0,0.208333350000004,36.04166955
94.0,0.625000050000011,36.04166955
104.0,1.87500015000001,36.04166955
100.0,3.12500025,36.04166955
101.0,4.37500034999999,36.04166955
112.0,5.62500045000002,36.04166955
93.0,6.45833385,36.04166955
-9999.0,14.37500115,36.04166955
-9999.0,29.37500235,36.04166955
-9999.0,29.79166905,36.04166955
-9999.0,30.20833575,36.04166955
-9999.0,30.62500245,36.04166955
-9999.0,32.29166925,36.04166955
122.0,32.70833595,36.04166955
-9999.0,33.12500265,36.04166955
-9999.0,33.54166935,36.04166955
162.0,42.70833675,36.04166955
135.0,43.54167015,36.04166955
161.0,44.79167025,36.04166955
111.0,48.54167055,36.04166955
118.0,48.95833725,36.04166955
116.0,49.79167065,36.04166955
223.0,51.04167075,36.04166955
224.0,52.70833755,36.04166955
185.0,63.12500505,36.04166955
206.0,63.54167175,36.04166955
210.0,64.37500515,36.04166955
147.0,65.20833855,36.04166955
150.0,68.12500545,36.04166955
229.0,71.87500575,36.04166955
205.0,73.95833925,36.04166955
285.0,74.37500595,36.04166955
-9999.0,74.79167265,36.04166955
-9999.0,75.20833935,36.04166955
240.0,75.62500605,36.04166955
-9999.0,76.04167275,36.04166955
270.0,76.87500615,36.04166955
174.0,77.29167285,36.04166955
134.0,88.95834045,36.04166955
166.0,89.79167385,36.04166955
142.0,90.20834055,36.04166955
213.0,90.62500725,36.04166955
190.0,101.87500815,36.04166955
213.0,102.70834155,36.04166955
123.0,106.04167515,36.04166955
108.0,108.54167535,36.04166955
104.0,-118.12500945,35.62500285
85.0,-106.87500855,35.62500285
137.0,-105.62500845,35.62500285
79.0,-96.45834105,35.62500285
-9999.0,-6.45833385,35.62500285
-9999.0,-4.79166705,35.62500285
-9999.0,-4.37500034999999,35.62500285
-9999.0,-1.45833345,35.62500285
110.0,-1.04166674999999,35.62500285
97.0,-0.625000050000011,35.62500285
101.0,-0.208333350000004,35.62500285
84.0,0.625000050000011,35.62500285
117.0,6.04166714999999,35.62500285
131.0,6.45833385,35.62500285
-9999.0,25.62500205,35.62500285
-9999.0,32.70833595,35.62500285
-9999.0,33.12500265,35.62500285
-9999.0,33.95833605,35.62500285
123.0,34.37500275,35.62500285
129.0,47.70833715,35.62500285
119.0,51.04167075,35.62500285
145.0,52.70833755,35.62500285
121.0,53.12500425,35.62500285
144.0,61.87500495,35.62500285
199.0,62.70833835,35.62500285
193.0,64.79167185,35.62500285
254.0,68.12500545,35.62500285
344.0,71.04167235,35.62500285
212.0,73.95833925,35.62500285
248.0,74.37500595,35.62500285
249.0,74.79167265,35.62500285
185.0,75.20833935,35.62500285
260.0,75.62500605,35.62500285
177.0,76.04167275,35.62500285
-9999.0,76.45833945,35.62500285
-9999.0,76.87500615,35.62500285
-9999.0,77.29167285,35.62500285
115.0,91.87500735,35.62500285
248.0,102.70834155,35.62500285
173.0,103.95834165,35.62500285
128.0,108.95834205,35.62500285
60.0,-118.12500945,35.20833615
91.0,-105.62500845,35.20833615
155.0,-5.20833375000001,35.20833615
-9999.0,-4.37500034999999,35.20833615
104.0,-3.54166695000001,35.20833615
-9999.0,-2.70833354999999,35.20833615
100.0,-1.04166674999999,35.20833615
104.0,-0.208333350000004,35.20833615
89.0,0.208333350000004,35.20833615
93.0,1.04166674999999,35.20833615
83.0,2.70833354999999,35.20833615
88.0,3.54166695000001,35.20833615
-9999.0,11.45833425,35.20833615
-9999.0,27.29166885,35.20833615
-9999.0,32.29166925,35.20833615
96.0,33.12500265,35.20833615
-9999.0,34.37500275,35.20833615
69.0,51.04167075,35.20833615
78.0,52.29167085,35.20833615
156.0,62.70833835,35.20833615
167.0,63.12500505,35.20833615
200.0,65.62500525,35.20833615
215.0,66.04167195,35.20833615
168.0,66.45833865,35.20833615
175.0,67.29167205,35.20833615
163.0,71.45833905,35.20833615
270.0,74.79167265,35.20833615
166.0,75.62500605,35.20833615
174.0,76.04167275,35.20833615
-9999.0,76.45833945,35.20833615
271.0,76.87500615,35.20833615
-9999.0,77.29167285,35.20833615
188.0,77.70833955,35.20833615
179.0,78.12500625,35.20833615
189.0,88.95834045,35.20833615
127.0,89.79167385,35.20833615
155.0,90.20834055,35.20833615
126.0,91.04167395,35.20833615
243.0,95.20834095,35.20833615
231.0,95.62500765,35.20833615
149.0,96.04167435,35.20833615
142.0,96.45834105,35.20833615
229.0,97.29167445,35.20833615
222.0,98.12500785,35.20833615
212.0,98.54167455,35.20833615
271.0,98.95834125,35.20833615
251.0,103.12500825,35.20833615
182.0,103.54167495,35.20833615
149.0,103.95834165,35.20833615
129.0,106.87500855,35.20833615
88.0,-97.29167445,34.79166945
-9999.0,-6.87500055000001,34.79166945
86.0,-5.20833375000001,34.79166945
128.0,-4.37500034999999,34.79166945
85.0,-3.12500025,34.79166945
79.0,-2.70833354999999,34.79166945
80.0,-1.87500015000001,34.79166945
108.0,-1.04166674999999,34.79166945
93.0,-0.625000050000011,34.79166945
-9999.0,11.45833425,34.79166945
-9999.0,32.29166925,34.79166945
126.0,32.70833595,34.79166945
132.0,33.12500265,34.79166945
-9999.0,33.54166935,34.79166945
-9999.0,34.37500275,34.79166945
-9999.0,35.62500285,34.79166945
109.0,36.04166955,34.79166945
42.0,38.95833645,34.79166945
60.0,52.70833755,34.79166945
60.0,53.54167095,34.79166945
59.0,54.79167105,34.79166945
239.0,66.04167195,34.79166945
225.0,66.45833865,34.79166945
212.0,67.29167205,34.79166945
176.0,67.70833875,34.79166945
295.0,73.95833925,34.79166945
220.0,74.37500595,34.79166945
255.0,74.79167265,34.79166945
297.0,75.20833935,34.79166945
247.0,75.62500605,34.79166945
240.0,76.04167275,34.79166945
-9999.0,76.45833945,34.79166945
234.0,76.87500615,34.79166945
-9999.0,77.29167285,34.79166945
-9999.0,77.70833955,34.79166945
156.0,78.12500625,34.79166945
165.0,78.54167295,34.79166945
139.0,78.95833965,34.79166945
123.0,90.20834055,34.79166945
170.0,90.62500725,34.79166945
191.0,91.04167395,34.79166945
162.0,91.87500735,34.79166945
218.0,95.62500765,34.79166945
236.0,96.04167435,34.79166945
221.0,96.45834105,34.79166945
234.0,96.87500775,34.79166945
195.0,97.29167445,34.79166945
144.0,97.70834115,34.79166945
228.0,98.54167455,34.79166945
248.0,98.95834125,34.79166945
282.0,102.29167485,34.79166945
232.0,102.70834155,34.79166945
292.0,103.95834165,34.79166945
140.0,105.20834175,34.79166945
90.0,106.87500855,34.79166945
66.0,109.79167545,34.79166945
-9999.0,-6.87500055000001,34.37500275
100.0,-6.45833385,34.37500275
104.0,-5.62500044999999,34.37500275
102.0,-5.20833375000001,34.37500275
97.0,-4.79166705,34.37500275
98.0,-4.37500034999999,34.37500275
117.0,-3.95833364999999,34.37500275
85.0,-3.54166695000001,34.37500275
82.0,-3.12500025,34.37500275
-9999.0,32.70833595,34.37500275
-9999.0,33.12500265,34.37500275
-9999.0,35.20833615,34.37500275
140.0,36.04166955,34.37500275
88.0,36.45833625,34.37500275
84.0,44.37500355,34.37500275
59.0,52.29167085,34.37500275
60.0,52.70833755,34.37500275
59.0,53.95833765,34.37500275
240.0,65.20833855,34.37500275
217.0,65.62500525,34.37500275
239.0,67.29167205,34.37500275
202.0,68.12500545,34.37500275
190.0,74.79167265,34.37500275
301.0,75.20833935,34.37500275
214.0,76.45833945,34.37500275
148.0,76.87500615,34.37500275
-9999.0,77.29167285,34.37500275
247.0,78.12500625,34.37500275
-9999.0,78.54167295,34.37500275
274.0,90.62500725,34.37500275
142.0,91.45834065,34.37500275
118.0,91.87500735,34.37500275
185.0,93.95834085,34.37500275
244.0,96.45834105,34.37500275
296.0,97.29167445,34.37500275
292.0,97.70834115,34.37500275
255.0,98.12500785,34.37500275
270.0,98.95834125,34.37500275
259.0,101.04167475,34.37500275
270.0,102.70834155,34.37500275
227.0,103.95834165,34.37500275
195.0,105.20834175,34.37500275
162.0,105.62500845,34.37500275
121.0,106.87500855,34.37500275
76.0,107.29167525,34.37500275
75.0,108.95834205,34.37500275
93.0,109.37500875,34.37500275
210.0,109.79167545,34.37500275
77.0,-108.54167535,33.95833605
102.0,-108.12500865,33.95833605
66.0,-107.70834195,33.95833605
86.0,-96.45834105,33.95833605
-9999.0,-7.70833395,33.95833605
-9999.0,-7.29166724999999,33.95833605
-9999.0,-6.87500055000001,33.95833605
140.0,-6.45833385,33.95833605
107.0,-6.04166714999999,33.95833605
102.0,-5.62500044999999,33.95833605
103.0,-5.20833375000001,33.95833605
71.0,-2.29166684999998,33.95833605
70.0,0.625000050000011,33.95833605
47.0,3.54166695000001,33.95833605
-9999.0,35.20833615,33.95833605
155.0,35.62500285,33.95833605
116.0,36.04166955,33.95833605
-9999.0,44.37500355,33.95833605
57.0,52.29167085,33.95833605
53.0,53.12500425,33.95833605
146.0,67.29167205,33.95833605
211.0,76.45833945,33.95833605
232.0,76.87500615,33.95833605
160.0,77.29167285,33.95833605
131.0,77.70833955,33.95833605
150.0,78.12500625,33.95833605
208.0,78.95833965,33.95833605
199.0,91.45834065,33.95833605
186.0,91.87500735,33.95833605
265.0,94.37500755,33.95833605
316.0,94.79167425,33.95833605
332.0,95.20834095,33.95833605
277.0,95.62500765,33.95833605
294.0,97.29167445,33.95833605
376.0,97.70834115,33.95833605
258.0,98.12500785,33.95833605
278.0,98.54167455,33.95833605
282.0,101.45834145,33.95833605
250.0,101.87500815,33.95833605
183.0,103.54167495,33.95833605
257.0,103.95834165,33.95833605
199.0,104.37500835,33.95833605
144.0,105.20834175,33.95833605
103.0,-96.45834105,33.54166935
-9999.0,-8.12500065,33.54166935
115.0,-7.29166724999999,33.54166935
107.0,-6.87500055000001,33.54166935
106.0,-6.45833385,33.54166935
103.0,-6.04166714999999,33.54166935
106.0,-5.62500044999999,33.54166935
46.0,6.45833385,33.54166935
57.0,10.20833415,33.54166935
77.0,11.04166755,33.54166935
-9999.0,11.45833425,33.54166935
-9999.0,11.87500095,33.54166935
-9999.0,35.20833615,33.54166935
149.0,48.54167055,33.54166935
162.0,67.29167205,33.54166935
203.0,67.70833875,33.54166935
222.0,75.62500605,33.54166935
282.0,76.87500615,33.54166935
200.0,77.29167285,33.54166935
199.0,77.70833955,33.54166935
130.0,78.95833965,33.54166935
215.0,88.95834045,33.54166935
191.0,90.20834055,33.54166935
205.0,91.45834065,33.54166935
226.0,93.95834085,33.54166935
276.0,94.79167425,33.54166935
288.0,95.20834095,33.54166935
307.0,98.95834125,33.54166935
276.0,101.45834145,33.54166935
286.0,101.87500815,33.54166935
402.0,103.54167495,33.54166935
198.0,105.20834175,33.54166935
-9999.0,-8.95833404999999,33.12500265
137.0,-8.54166735000001,33.12500265
121.0,-8.12500065,33.12500265
105.0,-6.87500055000001,33.12500265
94.0,-6.45833385,33.12500265
110.0,-6.04166714999999,33.12500265
128.0,-5.62500044999999,33.12500265
48.0,6.04166714999999,33.12500265
45.0,9.79166745000001,33.12500265
61.0,11.04166755,33.12500265
-9999.0,12.70833435,33.12500265
-9999.0,13.95833445,33.12500265
-9999.0,21.45833505,33.12500265
-9999.0,21.87500175,33.12500265
-9999.0,22.29166845,33.12500265
99.0,35.62500285,33.12500265
45.0,39.37500315,33.12500265
41.0,41.45833665,33.12500265
146.0,48.12500385,33.12500265
127.0,50.20833735,33.12500265
104.0,65.62500525,33.12500265
87.0,70.62500565,33.12500265
210.0,77.29167285,33.12500265
201.0,88.54167375,33.12500265
119.0,89.79167385,33.12500265
149.0,90.20834055,33.12500265
179.0,90.62500725,33.12500265
203.0,91.45834065,33.12500265
211.0,91.87500735,33.12500265
244.0,92.29167405,33.12500265
241.0,92.70834075,33.12500265
340.0,93.95834085,33.12500265
312.0,94.37500755,33.12500265
318.0,94.79167425,33.12500265
272.0,101.04167475,33.12500265
304.0,101.45834145,33.12500265
269.0,102.29167485,33.12500265
220.0,104.37500835,33.12500265
125.0,106.04167515,33.12500265
-9999.0,-9.37500075,32.70833595
90.0,-8.54166735000001,32.70833595
94.0,-7.70833395,32.70833595
99.0,-7.29166724999999,32.70833595
99.0,-6.87500055000001,32.70833595
102.0,-6.45833385,32.70833595
109.0,-6.04166714999999,32.70833595
59.0,-3.12500025,32.70833595
44.0,9.79166745000001,32.70833595
46.0,10.20833415,32.70833595
97.0,12.70833435,32.70833595
90.0,13.12500105,32.70833595
-9999.0,20.62500165,32.70833595
64.0,45.20833695,32.70833595
124.0,69.79167225,32.70833595
178.0,75.20833935,32.70833595
105.0,78.95833965,32.70833595
98.0,86.04167355,32.70833595
97.0,88.12500705,32.70833595
-9999.0,88.54167375,32.70833595
163.0,88.95834045,32.70833595
152.0,89.37500715,32.70833595
203.0,90.62500725,32.70833595
182.0,91.87500735,32.70833595
259.0,92.29167405,32.70833595
291.0,93.12500745,32.70833595
350.0,94.37500755,32.70833595
331.0,94.79167425,32.70833595
269.0,98.95834125,32.70833595
258.0,100.62500805,32.70833595
283.0,101.45834145,32.70833595
-9999.0,101.87500815,32.70833595
401.0,103.12500825,32.70833595
299.0,103.95834165,32.70833595
134.0,105.62500845,32.70833595
-9999.0,-9.37500075,32.29166925
89.0,-8.95833404999999,32.29166925
95.0,-6.87500055000001,32.29166925
95.0,-6.45833385,32.29166925
81.0,5.20833375000001,32.29166925
121.0,6.04166714999999,32.29166925
117.0,6.45833385,32.29166925
40.0,11.04166755,32.29166925
40.0,11.45833425,32.29166925
71.0,13.54166775,32.29166925
84.0,20.62500165,32.29166925
65.0,21.87500175,32.29166925
-9999.0,34.37500275,32.29166925
59.0,36.45833625,32.29166925
53.0,45.62500365,32.29166925
69.0,46.04167035,32.29166925
83.0,68.95833885,32.29166925
92.0,69.37500555,32.29166925
69.0,70.20833895,32.29166925
292.0,76.87500615,32.29166925
263.0,78.95833965,32.29166925
85.0,85.20834015,32.29166925
204.0,87.70834035,32.29166925
288.0,91.45834065,32.29166925
219.0,91.87500735,32.29166925
308.0,92.29167405,32.29166925
349.0,92.70834075,32.29166925
275.0,93.12500745,32.29166925
259.0,99.37500795,32.29166925
297.0,100.62500805,32.29166925
333.0,101.45834145,32.29166925
367.0,101.87500815,32.29166925
86.0,-101.04167475,31.87500255
-9999.0,-9.79166745000001,31.87500255
93.0,-9.37500075,31.87500255
88.0,-6.45833385,31.87500255
75.0,-1.87500015000001,31.87500255
100.0,6.04166714999999,31.87500255
94.0,6.45833385,31.87500255
106.0,7.29166724999999,31.87500255
61.0,11.04166755,31.87500255
57.0,12.29166765,31.87500255
55.0,13.54166775,31.87500255
-9999.0,15.62500125,31.87500255
-9999.0,19.79166825,31.87500255
73.0,20.62500165,31.87500255
59.0,21.87500175,31.87500255
-9999.0,35.62500285,31.87500255
49.0,36.45833625,31.87500255
68.0,45.20833695,31.87500255
72.0,46.04167035,31.87500255
-9999.0,47.29167045,31.87500255
134.0,49.37500395,31.87500255
82.0,68.95833885,31.87500255
58.0,70.20833895,31.87500255
299.0,78.95833965,31.87500255
212.0,79.37500635,31.87500255
98.0,85.20834015,31.87500255
95.0,85.62500685,31.87500255
93.0,86.04167355,31.87500255
95.0,86.87500695,31.87500255
279.0,91.45834065,31.87500255
369.0,91.87500735,31.87500255
259.0,100.20834135,31.87500255
338.0,101.04167475,31.87500255
397.0,101.45834145,31.87500255
304.0,102.70834155,31.87500255
332.0,103.12500825,31.87500255
104.0,-9.37500075,31.45833585
71.0,-8.95833404999999,31.45833585
98.0,-6.04166714999999,31.45833585
35.0,-0.625000050000011,31.45833585
51.0,12.70833435,31.45833585
66.0,14.37500115,31.45833585
-9999.0,16.04166795,31.45833585
-9999.0,16.87500135,31.45833585
49.0,21.87500175,31.45833585
124.0,34.37500275,31.45833585
96.0,34.79166945,31.45833585
74.0,46.04167035,31.45833585
73.0,48.12500385,31.45833585
140.0,49.37500395,31.45833585
82.0,68.95833885,31.45833585
282.0,79.37500635,31.45833585
178.0,80.62500645,31.45833585
197.0,81.04167315,31.45833585
133.0,84.79167345,31.45833585
140.0,85.62500685,31.45833585
125.0,86.04167355,31.45833585
173.0,86.45834025,31.45833585
143.0,86.87500695,31.45833585
178.0,88.12500705,31.45833585
216.0,88.54167375,31.45833585
156.0,88.95834045,31.45833585
253.0,89.37500715,31.45833585
147.0,89.79167385,31.45833585
138.0,90.20834055,31.45833585
204.0,90.62500725,31.45833585
140.0,91.04167395,31.45833585
186.0,91.45834065,31.45833585
304.0,92.29167405,31.45833585
262.0,98.12500785,31.45833585
-9999.0,100.20834135,31.45833585
378.0,101.87500815,31.45833585
200.0,103.54167495,31.45833585
65.0,-108.12500865,31.04166915
147.0,-99.79167465,31.04166915
124.0,-9.37500075,31.04166915
111.0,-8.95833404999999,31.04166915
122.0,-8.54166735000001,31.04166915
39.0,-1.45833345,31.04166915
94.0,6.04166714999999,31.04166915
118.0,6.45833385,31.04166915
96.0,10.20833415,31.04166915
39.0,11.04166755,31.04166915
52.0,13.95833445,31.04166915
85.0,16.04166795,31.04166915
46.0,21.87500175,31.04166915
33.0,41.87500335,31.04166915
72.0,68.12500545,31.04166915
166.0,83.12500665,31.04166915
89.0,85.20834015,31.04166915
203.0,87.70834035,31.04166915
198.0,88.12500705,31.04166915
-9999.0,88.54167375,31.04166915
127.0,88.95834045,31.04166915
247.0,96.87500775,31.04166915
245.0,98.95834125,31.04166915
252.0,99.79167465,31.04166915
271.0,100.20834135,31.04166915
242.0,101.04167475,31.04166915
431.0,101.45834145,31.04166915
98.0,-98.95834125,30.62500245
143.0,-9.37500075,30.62500245
102.0,-8.95833404999999,30.62500245
81.0,-8.54166735000001,30.62500245
99.0,-8.12500065,30.62500245
99.0,13.95833445,30.62500245
51.0,14.79166785,30.62500245
65.0,16.04166795,30.62500245
42.0,21.87500175,30.62500245
54.0,28.54166895,30.62500245
36.0,34.37500275,30.62500245
44.0,37.29166965,30.62500245
117.0,38.12500305,30.62500245
37.0,40.62500325,30.62500245
36.0,41.45833665,30.62500245
34.0,41.87500335,30.62500245
47.0,58.12500465,30.62500245
61.0,58.54167135,30.62500245
73.0,68.12500545,30.62500245
-9999.0,81.45833985,30.62500245
239.0,82.29167325,30.62500245
108.0,86.04167355,30.62500245
-9999.0,86.45834025,30.62500245
166.0,88.95834045,30.62500245
425.0,101.45834145,30.62500245
77.0,-8.95833404999999,30.20833575
135.0,-8.54166735000001,30.20833575
92.0,-7.29166724999999,30.20833575
116.0,8.95833404999999,30.20833575
65.0,11.04166755,30.20833575
53.0,14.79166785,30.20833575
43.0,15.20833455,30.20833575
43.0,16.04166795,30.20833575
55.0,19.79166825,30.20833575
163.0,21.04166835,30.20833575
58.0,21.45833505,30.20833575
130.0,22.70833515,30.20833575
126.0,23.95833525,30.20833575
43.0,26.04166875,30.20833575
88.0,27.29166885,30.20833575
119.0,27.70833555,30.20833575
87.0,28.54166895,30.20833575
42.0,28.95833565,30.20833575
39.0,39.37500315,30.20833575
40.0,39.79166985,30.20833575
37.0,41.45833665,30.20833575
37.0,41.87500335,30.20833575
38.0,42.29167005,30.20833575
95.0,50.20833735,30.20833575
60.0,56.45833785,30.20833575
460.0,79.37500635,30.20833575
260.0,82.70833995,30.20833575
152.0,83.54167335,30.20833575
140.0,84.37500675,30.20833575
-9999.0,84.79167345,30.20833575
87.0,86.45834025,30.20833575
167.0,86.87500695,30.20833575
246.0,97.70834115,30.20833575
256.0,98.12500785,30.20833575
283.0,99.37500795,30.20833575
319.0,99.79167465,30.20833575
349.0,100.20834135,30.20833575
273.0,100.62500805,30.20833575
316.0,102.29167485,30.20833575
176.0,103.12500825,30.20833575
56.0,-7.70833395,29.79166905
74.0,8.12500065,29.79166905
97.0,12.70833435,29.79166905
148.0,14.79166785,29.79166905
52.0,15.20833455,29.79166905
100.0,19.79166825,29.79166905
169.0,21.04166835,29.79166905
152.0,21.45833505,29.79166905
200.0,22.70833515,29.79166905
144.0,23.54166855,29.79166905
51.0,28.54166895,29.79166905
154.0,38.54166975,29.79166905
113.0,38.95833645,29.79166905
37.0,42.70833675,29.79166905
43.0,43.12500345,29.79166905
43.0,43.54167015,29.79166905
49.0,44.37500355,29.79166905
47.0,44.79167025,29.79166905
51.0,45.20833695,29.79166905
46.0,45.62500365,29.79166905
58.0,46.45833705,29.79166905
-9999.0,49.37500395,29.79166905
-9999.0,49.79167065,29.79166905
176.0,79.79167305,29.79166905
259.0,80.62500645,29.79166905
-9999.0,83.54167335,29.79166905
165.0,86.45834025,29.79166905
150.0,86.87500695,29.79166905
324.0,100.62500805,29.79166905
347.0,101.04167475,29.79166905
189.0,103.12500825,29.79166905
55.0,-5.20833375000001,29.37500235
56.0,12.70833435,29.37500235
150.0,14.79166785,29.37500235
116.0,18.95833485,29.37500235
185.0,21.45833505,29.37500235
147.0,22.70833515,29.37500235
144.0,23.54166855,29.37500235
92.0,28.54166895,29.37500235
168.0,37.70833635,29.37500235
136.0,38.12500305,29.37500235
155.0,38.54166975,29.37500235
71.0,38.95833645,29.37500235
41.0,40.62500325,29.37500235
57.0,45.62500365,29.37500235
50.0,46.04167035,29.37500235
56.0,46.45833705,29.37500235
43.0,46.87500375,29.37500235
53.0,47.29167045,29.37500235
-9999.0,47.70833715,29.37500235
68.0,55.62500445,29.37500235
146.0,86.04167355,29.37500235
238.0,98.95834125,29.37500235
-9999.0,-115.20834255,28.95833565
96.0,5.62500045000002,28.95833565
140.0,20.20833495,28.95833565
110.0,22.70833515,28.95833565
125.0,23.95833525,28.95833565
73.0,37.29166965,28.95833565
165.0,38.12500305,28.95833565
59.0,38.54166975,28.95833565
40.0,38.95833645,28.95833565
-9999.0,50.20833735,28.95833565
110.0,53.12500425,28.95833565
220.0,84.79167345,28.95833565
232.0,85.20834015,28.95833565
176.0,86.45834025,28.95833565
245.0,98.12500785,28.95833565
256.0,98.54167455,28.95833565
225.0,98.95834125,28.95833565
355.0,101.87500815,28.95833565
35.0,-7.70833395,28.54166895
107.0,-5.62500044999999,28.54166895
94.0,-0.208333350000004,28.54166895
76.0,11.87500095,28.54166895
68.0,36.87500295,28.54166895
41.0,41.87500335,28.54166895
44.0,43.54167015,28.54166895
107.0,53.54167095,28.54166895
210.0,86.04167355,28.54166895
179.0,86.45834025,28.54166895
188.0,86.87500695,28.54166895
252.0,99.79167465,28.54166895
288.0,101.87500815,28.54166895
120.0,-102.29167485,28.12500225
90.0,-4.79166705,28.12500225
75.0,12.70833435,28.12500225
144.0,14.79166785,28.12500225
426.0,34.37500275,28.12500225
111.0,35.62500285,28.12500225
45.0,48.12500385,28.12500225
78.0,57.70833795,28.12500225
217.0,102.29167485,28.12500225
177.0,103.54167495,28.12500225
91.0,-3.54166695000001,27.70833555
78.0,11.87500095,27.70833555
95.0,56.87500455,27.70833555
97.0,57.29167125,27.70833555
73.0,57.70833795,27.70833555
99.0,59.79167145,27.70833555
1055.0,89.79167385,27.70833555
278.0,99.79167465,27.70833555
188.0,101.45834145,27.70833555
263.0,102.70834155,27.70833555
271.0,103.54167495,27.70833555
70.0,-3.95833364999999,27.29166885
99.0,56.04167115,27.29166885
101.0,56.87500455,27.29166885
77.0,57.29167125,27.29166885
81.0,57.70833795,27.29166885
50.0,58.95833805,27.29166885
264.0,99.79167465,27.29166885
275.0,101.45834145,27.29166885
212.0,101.87500815,27.29166885
119.0,-6.45833385,26.87500215
100.0,-1.45833345,26.87500215
83.0,53.54167095,26.87500215
96.0,53.95833765,26.87500215
83.0,56.04167115,26.87500215
-9999.0,56.45833785,26.87500215
95.0,57.29167125,26.87500215
157.0,57.70833795,26.87500215
108.0,-105.62500845,26.45833545
-9999.0,53.95833765,26.45833545
-9999.0,55.20833775,26.45833545
131.0,57.29167125,26.45833545
121.0,57.70833795,26.45833545
87.0,58.54167135,26.45833545
93.0,59.37500475,26.45833545
82.0,59.79167145,26.45833545
56.0,60.62500485,26.45833545
122.0,101.45834145,26.45833545
352.0,102.70834155,26.45833545
-9999.0,50.20833735,26.04166875
-9999.0,51.45833745,26.04166875
-9999.0,54.79167105,26.04166875
-9999.0,55.20833775,26.04166875
-9999.0,56.87500455,26.04166875
106.0,57.29167125,26.04166875
105.0,57.70833795,26.04166875
133.0,58.12500465,26.04166875
99.0,58.54167135,26.04166875
80.0,59.79167145,26.04166875
64.0,60.62500485,26.04166875
61.0,61.45833825,26.04166875
61.0,61.87500495,26.04166875
55.0,62.29167165,26.04166875
59.0,62.70833835,26.04166875
43.0,51.45833745,25.62500205
-9999.0,55.20833775,25.62500205
-9999.0,57.29167125,25.62500205
-9999.0,57.70833795,25.62500205
134.0,58.12500465,25.62500205
126.0,58.54167135,25.62500205
116.0,58.95833805,25.62500205
59.0,59.37500475,25.62500205
70.0,59.79167145,25.62500205
105.0,60.62500485,25.62500205
70.0,61.04167155,25.62500205
74.0,61.45833825,25.62500205
72.0,61.87500495,25.62500205
62.0,62.29167165,25.62500205
60.0,62.70833835,25.62500205
57.0,63.12500505,25.62500205
379.0,98.54167455,25.62500205
163.0,103.54167495,25.62500205
102.0,-8.12500065,25.20833535
36.0,51.04167075,25.20833535
-9999.0,54.37500435,25.20833535
-9999.0,59.79167145,25.20833535
-9999.0,60.20833815,25.20833535
140.0,61.04167155,25.20833535
67.0,61.45833825,25.20833535
66.0,62.29167165,25.20833535
-9999.0,62.70833835,25.20833535
53.0,49.79167065,24.79166865
-9999.0,54.37500435,24.79166865
60.0,55.20833775,24.79166865
134.0,-6.04166714999999,24.37500195
109.0,-100.20834135,23.95833525
56.0,49.37500395,23.95833525
56.0,50.20833735,23.95833525
124.0,-6.87500055000001,23.54166855
115.0,58.54167135,23.54166855
-9999.0,58.95833805,23.54166855
58.0,48.54167055,23.12500185
104.0,-101.04167475,22.70833515
90.0,-7.29166724999999,22.70833515
92.0,-6.87500055000001,22.70833515
116.0,3.12500025,22.70833515
124.0,59.79167145,22.29166845
90.0,-5.20833375000001,21.87500175
53.0,-0.208333350000004,21.45833505
-9999.0,59.37500475,21.45833505
45.0,-13.12500105,21.04166835
127.0,-98.95834125,19.79166825
-9999.0,-98.54167455,19.79166825
156.0,-98.12500785,19.79166825
64.0,9.37500075,19.79166825
46.0,-0.208333350000004,16.87500135
38.0,0.208333350000004,16.87500135
36.0,0.625000050000011,16.87500135
209.0,-79.37500635,-6.04166715000001
198.0,-78.95833965,-6.04166715000001
202.0,-78.54167295,-6.04166715000001
225.0,-77.29167285,-6.04166715000001
563.0,-77.70833955,-6.87500055000001
331.0,-77.70833955,-7.70833395000001
466.0,-77.29167285,-7.70833395000001
320.0,-75.62500605,-10.62500085
618.0,-71.87500575,-13.12500105
119.0,-75.62500605,-13.54166775
170.0,-75.20833935,-13.54166775
195.0,-74.37500595,-13.54166775
286.0,-73.54167255,-13.54166775
-9999.0,-71.87500575,-13.54166775
166.0,-71.45833905,-13.54166775
138.0,-74.37500595,-13.95833445
166.0,-73.54167255,-13.95833445
221.0,-73.12500585,-13.95833445
325.0,-72.70833915,-13.95833445
157.0,-71.87500575,-13.95833445
258.0,-71.45833905,-13.95833445
204.0,-71.04167235,-13.95833445
200.0,-70.62500565,-13.95833445
460.0,-70.20833895,-13.95833445
142.0,-73.95833925,-14.37500115
247.0,-73.54167255,-14.37500115
170.0,-73.12500585,-14.37500115
152.0,-71.87500575,-14.37500115
157.0,-71.45833905,-14.37500115
217.0,-71.04167235,-14.37500115
218.0,-70.62500565,-14.37500115
200.0,-70.20833895,-14.37500115
141.0,-73.54167255,-14.79166785
203.0,-73.12500585,-14.79166785
226.0,-71.87500575,-14.79166785
137.0,-71.45833905,-14.79166785
173.0,-71.04167235,-14.79166785
145.0,-70.20833895,-14.79166785
233.0,-68.95833885,-14.79166785
143.0,-72.29167245,-15.20833455
166.0,-71.45833905,-15.20833455
239.0,-71.04167235,-15.20833455
146.0,-70.20833895,-15.20833455
147.0,-69.79167225,-15.20833455
257.0,-69.37500555,-15.20833455
288.0,-68.95833885,-15.20833455
174.0,-71.45833905,-15.62500125
193.0,-70.62500565,-15.62500125
119.0,-70.20833895,-15.62500125
-9999.0,-69.79167225,-15.62500125
268.0,-68.95833885,-15.62500125
127.0,-70.62500565,-16.04166795
214.0,-70.20833895,-16.04166795
170.0,-69.79167225,-16.04166795
-9999.0,-68.95833885,-16.04166795
178.0,-68.54167215,-16.04166795
146.0,-68.54167215,-16.45833465
168.0,-68.12500545,-16.45833465
141.0,-70.20833895,-16.87500135
144.0,-68.95833885,-16.87500135
142.0,-68.12500545,-16.87500135
121.0,-67.70833875,-16.87500135
328.0,-66.45833865,-16.87500135
93.0,-68.95833885,-17.29166805
105.0,-68.54167215,-17.29166805
125.0,-68.12500545,-17.29166805
151.0,-67.70833875,-17.29166805
128.0,-67.29167205,-17.29166805
164.0,-66.87500535,-17.29166805
321.0,-66.45833865,-17.29166805
389.0,-66.04167195,-17.29166805
82.0,-68.95833885,-17.70833475
99.0,-68.12500545,-17.70833475
120.0,-67.70833875,-17.70833475
137.0,-66.87500535,-17.70833475
154.0,-66.45833865,-17.70833475
152.0,-66.04167195,-17.70833475
140.0,-65.62500525,-17.70833475
87.0,-68.54167215,-18.12500145
141.0,-67.70833875,-18.12500145
110.0,-67.29167205,-18.12500145
145.0,-66.45833865,-18.12500145
145.0,-65.62500525,-18.12500145
76.0,-68.95833885,-18.54166815
77.0,-68.54167215,-18.54166815
89.0,-68.12500545,-18.54166815
85.0,-67.70833875,-18.54166815
109.0,-66.87500535,-18.54166815
94.0,-66.45833865,-18.54166815
129.0,-66.04167195,-18.54166815
119.0,-65.62500525,-18.54166815
105.0,-68.54167215,-18.95833485
86.0,-68.12500545,-18.95833485
85.0,-67.70833875,-18.95833485
86.0,-67.29167205,-18.95833485
-9999.0,-66.87500535,-18.95833485
117.0,-66.45833865,-18.95833485
108.0,-66.04167195,-18.95833485
113.0,-68.54167215,-19.37500155
149.0,-68.12500545,-19.37500155
134.0,-67.70833875,-19.37500155
79.0,-67.29167205,-19.37500155
81.0,-66.87500535,-19.37500155
108.0,-66.45833865,-19.37500155
114.0,-66.04167195,-19.37500155
122.0,-65.20833855,-19.37500155
113.0,-64.79167185,-19.37500155
96.0,-68.54167215,-19.79166825
108.0,-68.12500545,-19.79166825
121.0,-67.70833875,-19.79166825
165.0,-67.29167205,-19.79166825
93.0,-66.87500535,-19.79166825
184.0,-66.45833865,-19.79166825
111.0,-66.04167195,-19.79166825
160.0,-64.79167185,-19.79166825
121.0,-68.54167215,-20.20833495
137.0,-68.12500545,-20.20833495
128.0,-67.70833875,-20.20833495
121.0,-66.87500535,-20.20833495
156.0,-64.79167185,-20.20833495
104.0,-68.54167215,-20.62500165
159.0,-68.12500545,-20.62500165
141.0,-67.70833875,-20.62500165
141.0,-67.29167205,-20.62500165
142.0,-66.87500535,-20.62500165
105.0,-66.45833865,-20.62500165
117.0,-65.62500525,-20.62500165
164.0,-64.79167185,-20.62500165
112.0,-68.12500545,-21.04166835
94.0,-67.70833875,-21.04166835
99.0,-67.29167205,-21.04166835
118.0,-66.87500535,-21.04166835
125.0,-66.45833865,-21.04166835
136.0,-68.12500545,-21.45833505
141.0,-67.70833875,-21.45833505
95.0,-67.29167205,-21.45833505
137.0,-67.70833875,-21.87500175
117.0,-67.70833875,-22.29166845
111.0,-66.87500535,-23.12500185
117.0,-66.45833865,-23.12500185
134.0,-65.62500525,-23.54166855
107.0,-67.29167205,-23.95833525
151.0,-65.62500525,-23.95833525
133.0,-65.62500525,-24.37500195
143.0,-66.45833865,-24.79166865
130.0,-66.04167195,-24.79166865
136.0,-66.45833865,-25.20833535
157.0,-66.45833865,-25.62500205
100.0,-67.29167205,-26.04166875
108.0,-67.29167205,-26.45833545
108.0,-66.04167195,-26.45833545
200.0,-65.62500525,-26.45833545
173.0,-66.87500535,-26.87500215
97.0,-66.45833865,-26.87500215
107.0,-66.04167195,-26.87500215
159.0,-68.54167215,-27.70833555
87.0,-70.62500565,-28.12500225
-9999.0,-71.45833905,-29.37500235
-9999.0,-71.87500575,-30.20833575
-9999.0,-71.87500575,-30.62500245
-9999.0,-71.87500575,-31.04166915
-9999.0,-71.87500575,-31.45833585
-9999.0,-71.87500575,-31.87500255
-9999.0,-71.87500575,-32.29166925
-9999.0,-71.87500575,-32.70833595
48.0,-68.54167215,-32.70833595
-9999.0,-71.87500575,-33.12500265
-9999.0,-71.87500575,-33.54166935
-9999.0,-72.29167245,-33.95833605
132.0,-71.45833905,-33.95833605
-9999.0,-72.29167245,-34.37500275
298.0,-70.20833895,-34.37500275
-9999.0,-72.29167245,-34.79166945
348.0,-71.87500575,-34.79166945
-9999.0,-72.70833915,-35.20833615
318.0,-72.29167245,-35.20833615
-9999.0,-72.70833915,-35.62500285
-9999.0,-73.12500585,-36.04166955
344.0,-70.20833895,-36.04166955
125.0,-69.79167225,-36.04166955
-9999.0,-73.54167255,-36.87500295
264.0,-73.54167255,-37.29166965
288.0,-73.12500585,-37.29166965
380.0,-73.54167255,-37.70833635
349.0,-71.87500575,-38.12500305
-9999.0,-73.54167255,-38.54166975
-9999.0,-73.54167255,-38.95833645
-9999.0,-73.54167255,-39.37500315
376.0,-71.87500575,-39.37500315
381.0,-71.45833905,-39.37500315
-9999.0,-73.54167255,-39.79166985
534.0,-73.12500585,-39.79166985
420.0,-71.87500575,-39.79166985
547.0,-73.54167255,-40.20833655
468.0,-72.70833915,-40.20833655
-9999.0,-72.29167245,-40.20833655
495.0,-71.87500575,-40.20833655
530.0,-73.54167255,-40.62500325
-9999.0,-71.87500575,-40.62500325
-9999.0,-71.45833905,-40.62500325
302.0,-71.45833905,-41.45833665
145.0,-70.20833895,-41.45833665
447.0,-71.87500575,-41.87500335
264.0,-71.45833905,-42.70833675
89.0,-70.62500565,-42.70833675
118.0,-70.20833895,-42.70833675
254.0,-71.45833905,-46.04167035
