LandCover_3_Deciduousbroadleaf,x,y
0.0,-148.54167855,64.79167185
0.0,-148.12501185,64.79167185
0.0,-146.87501175,64.79167185
3.0,-153.12501225,64.37500515
0.0,-153.12501225,63.95833845
0.0,121.45834305,63.95833845
0.0,125.20834335,63.95833845
0.0,127.29167685,63.95833845
0.0,-153.54167895,63.54167175
0.0,-137.29167765,63.54167175
0.0,-134.79167745,63.54167175
0.0,-134.37501075,63.54167175
0.0,-133.95834405,63.54167175
0.0,-133.54167735,63.54167175
0.0,119.37500955,63.54167175
0.0,119.79167625,63.54167175
0.0,-137.29167765,63.12500505
0.0,-133.95834405,63.12500505
0.0,-132.70834395,63.12500505
0.0,93.95834085,63.12500505
0.0,94.37500755,63.12500505
0.0,95.62500765,63.12500505
0.0,96.04167435,63.12500505
0.0,117.70834275,63.12500505
0.0,118.12500945,63.12500505
0.0,119.37500955,63.12500505
0.0,119.79167625,63.12500505
0.0,120.62500965,63.12500505
0.0,130.62501045,63.12500505
0.0,-150.20834535,62.70833835
0.0,-148.12501185,62.70833835
0.0,-138.54167775,62.70833835
0.0,86.04167355,62.70833835
0.0,86.45834025,62.70833835
0.0,95.62500765,62.70833835
0.0,96.04167435,62.70833835
0.0,118.12500945,62.70833835
0.0,118.54167615,62.70833835
0.0,119.37500955,62.70833835
0.0,121.87500975,62.70833835
0.0,129.37501035,62.70833835
0.0,130.62501045,62.70833835
0.0,-150.20834535,62.29167165
0.0,-134.79167745,62.29167165
0.0,-133.54167735,62.29167165
0.0,-115.20834255,62.29167165
0.0,17.70833475,62.29167165
0.0,85.62500685,62.29167165
0.0,93.12500745,62.29167165
0.0,93.54167415,62.29167165
0.0,93.95834085,62.29167165
0.0,94.37500755,62.29167165
0.0,96.04167435,62.29167165
0.0,96.87500775,62.29167165
0.0,113.95834245,62.29167165
0.0,114.37500915,62.29167165
0.0,114.79167585,62.29167165
0.0,117.70834275,62.29167165
0.0,118.12500945,62.29167165
0.0,118.54167615,62.29167165
0.0,119.79167625,62.29167165
0.0,126.04167675,62.29167165
0.0,126.45834345,62.29167165
0.0,126.87501015,62.29167165
0.0,128.54167695,62.29167165
0.0,129.37501035,62.29167165
0.0,129.79167705,62.29167165
0.0,130.62501045,62.29167165
0.0,131.04167715,62.29167165
0.0,-151.04167875,61.87500495
0.0,-135.62501085,61.87500495
0.0,-135.20834415,61.87500495
0.0,-134.37501075,61.87500495
0.0,-133.95834405,61.87500495
0.0,-112.70834235,61.87500495
0.0,84.79167345,61.87500495
0.0,93.12500745,61.87500495
0.0,93.54167415,61.87500495
0.0,93.95834085,61.87500495
0.0,94.37500755,61.87500495
0.0,96.04167435,61.87500495
0.0,96.87500775,61.87500495
0.0,113.12500905,61.87500495
0.0,113.54167575,61.87500495
0.0,113.95834245,61.87500495
0.0,117.70834275,61.87500495
0.0,119.79167625,61.87500495
0.0,120.62500965,61.87500495
0.0,121.87500975,61.87500495
0.0,125.62501005,61.87500495
0.0,126.87501015,61.87500495
0.0,129.37501035,61.87500495
21.0,-151.45834545,61.45833825
0.0,-151.04167875,61.45833825
0.0,-150.62501205,61.45833825
0.0,-150.20834535,61.45833825
0.0,-134.37501075,61.45833825
0.0,-133.12501065,61.45833825
12.0,87.29167365,61.45833825
0.0,95.62500765,61.45833825
0.0,96.04167435,61.45833825
0.0,113.54167575,61.45833825
0.0,113.95834245,61.45833825
0.0,121.04167635,61.45833825
0.0,126.04167675,61.45833825
0.0,126.45834345,61.45833825
0.0,130.20834375,61.45833825
0.0,-151.87501215,61.04167155
28.0,-151.45834545,61.04167155
0.0,-151.04167875,61.04167155
0.0,-136.45834425,61.04167155
0.0,-135.62501085,61.04167155
0.0,-134.79167745,61.04167155
0.0,-134.37501075,61.04167155
0.0,83.95834005,61.04167155
0.0,84.37500675,61.04167155
9.0,84.79167345,61.04167155
0.0,86.87500695,61.04167155
0.0,91.45834065,61.04167155
0.0,91.87500735,61.04167155
0.0,93.54167415,61.04167155
0.0,93.95834085,61.04167155
0.0,94.37500755,61.04167155
0.0,113.54167575,61.04167155
0.0,113.95834245,61.04167155
0.0,116.45834265,61.04167155
0.0,116.87500935,61.04167155
0.0,117.29167605,61.04167155
0.0,118.12500945,61.04167155
0.0,118.54167615,61.04167155
0.0,118.95834285,61.04167155
0.0,119.37500955,61.04167155
0.0,119.79167625,61.04167155
0.0,120.20834295,61.04167155
0.0,120.62500965,61.04167155
0.0,-166.87501335,60.62500485
0.0,-151.87501215,60.62500485
0.0,-151.45834545,60.62500485
0.0,-133.95834405,60.62500485
0.0,-133.12501065,60.62500485
0.0,-130.62501045,60.62500485
0.0,83.12500665,60.62500485
0.0,83.95834005,60.62500485
0.0,84.37500675,60.62500485
0.0,91.04167395,60.62500485
0.0,91.87500735,60.62500485
0.0,93.12500745,60.62500485
0.0,93.95834085,60.62500485
0.0,113.54167575,60.62500485
0.0,113.95834245,60.62500485
0.0,116.04167595,60.62500485
0.0,118.54167615,60.62500485
0.0,119.37500955,60.62500485
0.0,120.20834295,60.62500485
0.0,170.62501365,60.62500485
0.0,-132.70834395,60.20833815
0.0,-118.54167615,60.20833815
0.0,-118.12500945,60.20833815
0.0,-117.70834275,60.20833815
0.0,-116.87500935,60.20833815
0.0,-116.04167595,60.20833815
0.0,-114.37500915,60.20833815
0.0,81.87500655,60.20833815
0.0,91.04167395,60.20833815
0.0,91.45834065,60.20833815
0.0,91.87500735,60.20833815
0.0,95.62500765,60.20833815
0.0,96.04167435,60.20833815
0.0,111.87500895,60.20833815
0.0,112.29167565,60.20833815
0.0,121.04167635,60.20833815
0.0,130.20834375,60.20833815
0.0,130.62501045,60.20833815
15.0,-127.70834355,59.79167145
0.0,-125.20834335,59.79167145
0.0,-118.12500945,59.79167145
0.0,-117.70834275,59.79167145
0.0,-115.20834255,59.79167145
0.0,-111.87500895,59.79167145
0.0,91.04167395,59.79167145
0.0,91.45834065,59.79167145
0.0,91.87500735,59.79167145
0.0,92.29167405,59.79167145
0.0,92.70834075,59.79167145
0.0,93.12500745,59.79167145
0.0,93.54167415,59.79167145
0.0,93.95834085,59.79167145
0.0,94.37500755,59.79167145
0.0,94.79167425,59.79167145
0.0,95.20834095,59.79167145
0.0,95.62500765,59.79167145
0.0,101.04167475,59.79167145
0.0,111.45834225,59.79167145
0.0,112.29167565,59.79167145
0.0,112.70834235,59.79167145
0.0,113.12500905,59.79167145
0.0,115.20834255,59.79167145
0.0,118.95834285,59.79167145
0.0,130.20834375,59.79167145
0.0,-161.04167955,59.37500475
0.0,-131.45834385,59.37500475
0.0,-119.79167625,59.37500475
0.0,-117.70834275,59.37500475
0.0,-116.45834265,59.37500475
0.0,-115.62500925,59.37500475
0.0,-115.20834255,59.37500475
0.0,-114.79167585,59.37500475
0.0,-114.37500915,59.37500475
0.0,-113.95834245,59.37500475
0.0,70.20833895,59.37500475
0.0,70.62500565,59.37500475
0.0,71.87500575,59.37500475
0.0,78.12500625,59.37500475
0.0,79.37500635,59.37500475
0.0,81.87500655,59.37500475
0.0,83.12500665,59.37500475
0.0,85.62500685,59.37500475
16.0,90.62500725,59.37500475
0.0,91.04167395,59.37500475
0.0,91.87500735,59.37500475
0.0,92.29167405,59.37500475
0.0,92.70834075,59.37500475
0.0,93.12500745,59.37500475
0.0,93.54167415,59.37500475
0.0,93.95834085,59.37500475
0.0,94.37500755,59.37500475
0.0,94.79167425,59.37500475
0.0,95.20834095,59.37500475
0.0,95.62500765,59.37500475
0.0,96.04167435,59.37500475
0.0,99.79167465,59.37500475
0.0,100.20834135,59.37500475
0.0,101.87500815,59.37500475
0.0,111.04167555,59.37500475
0.0,113.12500905,59.37500475
0.0,113.54167575,59.37500475
0.0,117.29167605,59.37500475
0.0,117.70834275,59.37500475
0.0,118.12500945,59.37500475
0.0,119.37500955,59.37500475
0.0,132.29167725,59.37500475
0.0,-136.45834425,58.95833805
0.0,-116.87500935,58.95833805
0.0,-116.45834265,58.95833805
0.0,-115.20834255,58.95833805
0.0,-113.95834245,58.95833805
0.0,78.12500625,58.95833805
0.0,79.37500635,58.95833805
0.0,81.87500655,58.95833805
0.0,85.62500685,58.95833805
0.0,89.79167385,58.95833805
0.0,90.62500725,58.95833805
0.0,91.04167395,58.95833805
0.0,91.87500735,58.95833805
0.0,93.12500745,58.95833805
0.0,93.95834085,58.95833805
0.0,95.20834095,58.95833805
0.0,111.87500895,58.95833805
0.0,112.70834235,58.95833805
0.0,115.20834255,58.95833805
0.0,-131.04167715,58.54167135
0.0,-123.12500985,58.54167135
0.0,-119.37500955,58.54167135
6.0,-116.04167595,58.54167135
0.0,-114.79167585,58.54167135
0.0,79.37500635,58.54167135
3.0,80.20833975,58.54167135
17.0,81.04167315,58.54167135
0.0,82.29167325,58.54167135
0.0,82.70833995,58.54167135
0.0,85.62500685,58.54167135
0.0,87.29167365,58.54167135
0.0,88.95834045,58.54167135
0.0,89.37500715,58.54167135
0.0,89.79167385,58.54167135
42.0,90.62500725,58.54167135
0.0,91.04167395,58.54167135
17.0,91.45834065,58.54167135
0.0,92.29167405,58.54167135
0.0,92.70834075,58.54167135
0.0,93.12500745,58.54167135
0.0,94.37500755,58.54167135
0.0,98.12500785,58.54167135
0.0,101.87500815,58.54167135
0.0,102.29167485,58.54167135
0.0,111.87500895,58.54167135
0.0,112.29167565,58.54167135
0.0,116.04167595,58.54167135
0.0,116.45834265,58.54167135
0.0,-124.37500995,58.12500465
0.0,-122.29167645,58.12500465
0.0,-120.20834295,58.12500465
0.0,53.54167095,58.12500465
0.0,72.29167245,58.12500465
0.0,73.95833925,58.12500465
0.0,85.62500685,58.12500465
0.0,87.29167365,58.12500465
31.0,88.54167375,58.12500465
0.0,88.95834045,58.12500465
0.0,89.37500715,58.12500465
3.0,89.79167385,58.12500465
14.0,90.20834055,58.12500465
19.0,90.62500725,58.12500465
32.0,91.04167395,58.12500465
25.0,91.45834065,58.12500465
8.0,91.87500735,58.12500465
16.0,92.29167405,58.12500465
0.0,92.70834075,58.12500465
0.0,102.70834155,58.12500465
0.0,104.37500835,58.12500465
0.0,104.79167505,58.12500465
0.0,108.95834205,58.12500465
0.0,112.29167565,58.12500465
0.0,117.29167605,58.12500465
0.0,-116.87500935,57.70833795
0.0,84.37500675,57.70833795
0.0,84.79167345,57.70833795
0.0,85.62500685,57.70833795
0.0,88.12500705,57.70833795
0.0,88.95834045,57.70833795
30.0,89.79167385,57.70833795
5.0,90.62500725,57.70833795
0.0,91.04167395,57.70833795
32.0,91.45834065,57.70833795
0.0,91.87500735,57.70833795
4.0,92.29167405,57.70833795
13.0,92.70834075,57.70833795
0.0,93.54167415,57.70833795
0.0,96.87500775,57.70833795
0.0,97.29167445,57.70833795
0.0,102.70834155,57.70833795
0.0,105.20834175,57.70833795
0.0,115.20834255,57.70833795
0.0,-158.54167935,57.29167125
0.0,-123.12500985,57.29167125
0.0,-122.70834315,57.29167125
0.0,-119.79167625,57.29167125
0.0,-119.37500955,57.29167125
0.0,-118.95834285,57.29167125
0.0,-116.87500935,57.29167125
24.0,52.70833755,57.29167125
8.0,53.95833765,57.29167125
7.0,91.87500735,57.29167125
0.0,92.29167405,57.29167125
0.0,92.70834075,57.29167125
0.0,96.45834105,57.29167125
0.0,97.29167445,57.29167125
0.0,102.70834155,57.29167125
0.0,103.95834165,57.29167125
0.0,104.79167505,57.29167125
0.0,106.04167515,57.29167125
0.0,109.37500875,57.29167125
0.0,116.04167595,57.29167125
0.0,-126.87501015,56.87500455
0.0,-120.20834295,56.87500455
0.0,-116.87500935,56.87500455
0.0,48.12500385,56.87500455
0.0,49.37500395,56.87500455
0.0,51.45833745,56.87500455
26.0,51.87500415,56.87500455
0.0,53.12500425,56.87500455
26.0,54.37500435,56.87500455
8.0,55.62500445,56.87500455
20.0,56.87500455,56.87500455
7.0,58.12500465,56.87500455
32.0,59.37500475,56.87500455
22.0,93.12500745,56.87500455
0.0,93.54167415,56.87500455
0.0,94.79167425,56.87500455
35.0,95.20834095,56.87500455
21.0,97.29167445,56.87500455
0.0,103.95834165,56.87500455
0.0,104.37500835,56.87500455
0.0,-126.04167675,56.45833785
0.0,-125.62501005,56.45833785
0.0,-123.54167655,56.45833785
11.0,-121.45834305,56.45833785
10.0,-120.62500965,56.45833785
4.0,-120.20834295,56.45833785
0.0,-119.79167625,56.45833785
20.0,-117.29167605,56.45833785
0.0,-116.87500935,56.45833785
38.0,96.04167435,56.45833785
0.0,96.45834105,56.45833785
0.0,104.37500835,56.45833785
0.0,111.04167555,56.45833785
0.0,113.12500905,56.45833785
0.0,113.54167575,56.45833785
0.0,-119.79167625,56.04167115
0.0,-118.95834285,56.04167115
0.0,-118.12500945,56.04167115
5.0,-117.70834275,56.04167115
0.0,-116.87500935,56.04167115
0.0,-116.45834265,56.04167115
7.0,93.95834085,56.04167115
0.0,115.20834255,56.04167115
0.0,-126.04167675,55.62500445
0.0,-125.62501005,55.62500445
0.0,-125.20834335,55.62500445
0.0,-124.79167665,55.62500445
0.0,-124.37500995,55.62500445
9.0,-123.54167655,55.62500445
0.0,-123.12500985,55.62500445
0.0,-122.29167645,55.62500445
4.0,-119.79167625,55.62500445
4.0,-118.54167615,55.62500445
0.0,-117.70834275,55.62500445
13.0,-116.87500935,55.62500445
0.0,50.62500405,55.62500445
0.0,51.45833745,55.62500445
0.0,55.62500445,55.62500445
14.0,56.04167115,55.62500445
17.0,56.45833785,55.62500445
35.0,56.87500455,55.62500445
32.0,57.29167125,55.62500445
8.0,87.29167365,55.62500445
0.0,93.12500745,55.62500445
36.0,93.54167415,55.62500445
0.0,-125.20834335,55.20833775
0.0,-124.79167665,55.20833775
0.0,-118.54167615,55.20833775
15.0,51.87500415,55.20833775
0.0,52.29167085,55.20833775
0.0,53.54167095,55.20833775
0.0,53.95833765,55.20833775
0.0,54.37500435,55.20833775
0.0,54.79167105,55.20833775
28.0,56.04167115,55.20833775
0.0,56.45833785,55.20833775
32.0,57.29167125,55.20833775
32.0,57.70833795,55.20833775
0.0,90.20834055,55.20833775
0.0,91.45834065,55.20833775
15.0,92.29167405,55.20833775
0.0,-119.37500955,54.79167105
0.0,-117.70834275,54.79167105
3.0,-117.29167605,54.79167105
0.0,-116.87500935,54.79167105
2.0,-116.45834265,54.79167105
0.0,-115.62500925,54.79167105
14.0,42.29167005,54.79167105
0.0,42.70833675,54.79167105
7.0,53.12500425,54.79167105
0.0,53.54167095,54.79167105
0.0,53.95833765,54.79167105
0.0,54.37500435,54.79167105
0.0,54.79167105,54.79167105
0.0,55.20833775,54.79167105
29.0,55.62500445,54.79167105
2.0,56.04167115,54.79167105
28.0,56.45833785,54.79167105
32.0,56.87500455,54.79167105
32.0,57.29167125,54.79167105
7.0,61.45833825,54.79167105
0.0,65.20833855,54.79167105
0.0,81.04167315,54.79167105
17.0,91.87500735,54.79167105
0.0,92.29167405,54.79167105
0.0,93.12500745,54.79167105
0.0,93.54167415,54.79167105
0.0,93.95834085,54.79167105
0.0,-125.62501005,54.37500435
0.0,-125.20834335,54.37500435
0.0,-118.54167615,54.37500435
0.0,-117.70834275,54.37500435
0.0,-117.29167605,54.37500435
0.0,46.04167035,54.37500435
0.0,51.04167075,54.37500435
0.0,51.45833745,54.37500435
0.0,51.87500415,54.37500435
0.0,52.29167085,54.37500435
30.0,53.54167095,54.37500435
0.0,55.20833775,54.37500435
4.0,56.45833785,54.37500435
32.0,57.70833795,54.37500435
0.0,65.20833855,54.37500435
0.0,81.04167315,54.37500435
0.0,91.45834065,54.37500435
7.0,92.29167405,54.37500435
0.0,94.37500755,54.37500435
0.0,108.12500865,54.37500435
0.0,-125.20834335,53.95833765
0.0,-120.20834295,53.95833765
0.0,-116.45834265,53.95833765
0.0,-112.29167565,53.95833765
0.0,43.95833685,53.95833765
11.0,51.45833745,53.95833765
0.0,51.87500415,53.95833765
0.0,52.29167085,53.95833765
3.0,52.70833755,53.95833765
0.0,53.12500425,53.95833765
0.0,53.54167095,53.95833765
0.0,53.95833765,53.95833765
0.0,54.37500435,53.95833765
0.0,55.20833775,53.95833765
0.0,55.62500445,53.95833765
29.0,56.45833785,53.95833765
32.0,56.87500455,53.95833765
32.0,57.70833795,53.95833765
0.0,61.45833825,53.95833765
0.0,63.12500505,53.95833765
0.0,63.54167175,53.95833765
0.0,64.79167185,53.95833765
0.0,65.20833855,53.95833765
0.0,66.45833865,53.95833765
8.0,80.20833975,53.95833765
26.0,87.70834035,53.95833765
16.0,89.79167385,53.95833765
0.0,92.29167405,53.95833765
0.0,92.70834075,53.95833765
18.0,93.12500745,53.95833765
0.0,115.20834255,53.95833765
0.0,-124.37500995,53.54167095
0.0,-123.54167655,53.54167095
0.0,-120.20834295,53.54167095
0.0,-117.70834275,53.54167095
0.0,-116.45834265,53.54167095
6.0,-114.79167585,53.54167095
10.0,-106.87500855,53.54167095
0.0,-106.45834185,53.54167095
0.0,58.95833805,53.54167095
18.0,60.20833815,53.54167095
0.0,60.62500485,53.54167095
0.0,61.45833825,53.54167095
0.0,63.54167175,53.54167095
0.0,64.79167185,53.54167095
0.0,76.87500615,53.54167095
0.0,77.70833955,53.54167095
0.0,80.20833975,53.54167095
27.0,87.70834035,53.54167095
26.0,88.54167375,53.54167095
0.0,88.95834045,53.54167095
0.0,89.37500715,53.54167095
3.0,89.79167385,53.54167095
0.0,90.20834055,53.54167095
0.0,91.87500735,53.54167095
0.0,92.70834075,53.54167095
25.0,93.12500745,53.54167095
23.0,93.54167415,53.54167095
0.0,93.95834085,53.54167095
0.0,94.37500755,53.54167095
5.0,94.79167425,53.54167095
0.0,95.20834095,53.54167095
0.0,95.62500765,53.54167095
0.0,96.87500775,53.54167095
0.0,98.54167455,53.54167095
0.0,98.95834125,53.54167095
0.0,119.79167625,53.54167095
0.0,-124.37500995,53.12500425
0.0,-123.54167655,53.12500425
3.0,-122.70834315,53.12500425
8.0,-121.45834305,53.12500425
0.0,-121.04167635,53.12500425
0.0,-120.62500965,53.12500425
0.0,-118.54167615,53.12500425
0.0,-117.29167605,53.12500425
0.0,-116.87500935,53.12500425
7.0,-115.62500925,53.12500425
21.0,-114.79167585,53.12500425
22.0,-113.95834245,53.12500425
0.0,-113.12500905,53.12500425
0.0,-112.70834235,53.12500425
0.0,-111.87500895,53.12500425
0.0,-111.45834225,53.12500425
0.0,-106.87500855,53.12500425
0.0,47.70833715,53.12500425
0.0,48.12500385,53.12500425
10.0,51.45833745,53.12500425
0.0,61.04167155,53.12500425
0.0,61.45833825,53.12500425
0.0,72.70833915,53.12500425
0.0,73.12500585,53.12500425
0.0,75.20833935,53.12500425
0.0,75.62500605,53.12500425
0.0,77.29167285,53.12500425
19.0,87.70834035,53.12500425
19.0,88.54167375,53.12500425
6.0,88.95834045,53.12500425
0.0,92.70834075,53.12500425
0.0,94.79167425,53.12500425
0.0,95.20834095,53.12500425
0.0,95.62500765,53.12500425
0.0,98.54167455,53.12500425
0.0,102.29167485,53.12500425
0.0,106.04167515,53.12500425
0.0,122.29167645,53.12500425
0.0,-124.79167665,52.70833755
0.0,-122.70834315,52.70833755
0.0,-121.04167635,52.70833755
10.0,-120.20834295,52.70833755
0.0,-119.37500955,52.70833755
0.0,-117.70834275,52.70833755
0.0,-116.87500935,52.70833755
0.0,-111.04167555,52.70833755
0.0,-99.37500795,52.70833755
6.0,47.29167045,52.70833755
0.0,48.12500385,52.70833755
0.0,61.45833825,52.70833755
0.0,67.29167205,52.70833755
0.0,72.29167245,52.70833755
0.0,72.70833915,52.70833755
0.0,76.45833945,52.70833755
0.0,77.29167285,52.70833755
0.0,77.70833955,52.70833755
0.0,79.79167305,52.70833755
0.0,81.04167315,52.70833755
23.0,87.29167365,52.70833755
0.0,88.54167375,52.70833755
0.0,88.95834045,52.70833755
0.0,89.79167385,52.70833755
0.0,90.62500725,52.70833755
0.0,91.04167395,52.70833755
0.0,95.20834095,52.70833755
0.0,95.62500765,52.70833755
0.0,100.20834135,52.70833755
0.0,111.04167555,52.70833755
0.0,122.29167645,52.70833755
0.0,-124.37500995,52.29167085
0.0,-122.29167645,52.29167085
0.0,-121.87500975,52.29167085
9.0,-121.04167635,52.29167085
0.0,-105.62500845,52.29167085
0.0,40.20833655,52.29167085
0.0,52.70833755,52.29167085
0.0,53.95833765,52.29167085
0.0,59.37500475,52.29167085
0.0,60.20833815,52.29167085
0.0,67.29167205,52.29167085
0.0,72.70833915,52.29167085
0.0,73.12500585,52.29167085
0.0,76.04167275,52.29167085
0.0,76.45833945,52.29167085
0.0,76.87500615,52.29167085
0.0,77.70833955,52.29167085
6.0,84.37500675,52.29167085
0.0,84.79167345,52.29167085
27.0,86.04167355,52.29167085
0.0,87.29167365,52.29167085
17.0,87.70834035,52.29167085
15.0,88.12500705,52.29167085
0.0,88.95834045,52.29167085
0.0,89.79167385,52.29167085
0.0,90.20834055,52.29167085
0.0,90.62500725,52.29167085
0.0,91.45834065,52.29167085
0.0,91.87500735,52.29167085
0.0,93.12500745,52.29167085
0.0,93.54167415,52.29167085
0.0,94.37500755,52.29167085
0.0,94.79167425,52.29167085
0.0,95.20834095,52.29167085
0.0,95.62500765,52.29167085
0.0,96.04167435,52.29167085
0.0,96.87500775,52.29167085
0.0,97.70834115,52.29167085
0.0,98.54167455,52.29167085
0.0,98.95834125,52.29167085
0.0,108.95834205,52.29167085
0.0,110.62500885,52.29167085
0.0,111.04167555,52.29167085
0.0,-123.12500985,51.87500415
0.0,-121.45834305,51.87500415
0.0,-121.04167635,51.87500415
0.0,-111.45834225,51.87500415
0.0,-99.37500795,51.87500415
0.0,42.29167005,51.87500415
0.0,46.45833705,51.87500415
0.0,59.79167145,51.87500415
0.0,61.45833825,51.87500415
0.0,64.37500515,51.87500415
0.0,64.79167185,51.87500415
0.0,66.87500535,51.87500415
0.0,68.54167215,51.87500415
0.0,72.70833915,51.87500415
0.0,73.12500585,51.87500415
0.0,77.29167285,51.87500415
0.0,79.79167305,51.87500415
0.0,80.20833975,51.87500415
0.0,82.29167325,51.87500415
0.0,82.70833995,51.87500415
20.0,83.54167335,51.87500415
12.0,83.95834005,51.87500415
32.0,84.79167345,51.87500415
29.0,86.04167355,51.87500415
0.0,88.54167375,51.87500415
0.0,88.95834045,51.87500415
0.0,89.37500715,51.87500415
0.0,90.20834055,51.87500415
0.0,90.62500725,51.87500415
0.0,91.04167395,51.87500415
0.0,91.45834065,51.87500415
0.0,92.29167405,51.87500415
0.0,93.12500745,51.87500415
0.0,93.54167415,51.87500415
0.0,93.95834085,51.87500415
0.0,94.37500755,51.87500415
0.0,94.79167425,51.87500415
0.0,95.20834095,51.87500415
0.0,95.62500765,51.87500415
4.0,99.79167465,51.87500415
0.0,107.29167525,51.87500415
0.0,-121.04167635,51.45833745
0.0,-120.62500965,51.45833745
0.0,-118.54167615,51.45833745
0.0,-117.70834275,51.45833745
0.0,-109.79167545,51.45833745
0.0,49.79167065,51.45833745
0.0,50.20833735,51.45833745
0.0,51.04167075,51.45833745
0.0,60.20833815,51.45833745
0.0,60.62500485,51.45833745
0.0,61.04167155,51.45833745
0.0,65.20833855,51.45833745
0.0,66.87500535,51.45833745
0.0,67.70833875,51.45833745
0.0,68.12500545,51.45833745
0.0,68.54167215,51.45833745
0.0,68.95833885,51.45833745
0.0,73.12500585,51.45833745
0.0,74.79167265,51.45833745
0.0,75.20833935,51.45833745
0.0,75.62500605,51.45833745
0.0,78.54167295,51.45833745
9.0,79.79167305,51.45833745
0.0,82.29167325,51.45833745
0.0,83.12500665,51.45833745
0.0,83.54167335,51.45833745
0.0,84.79167345,51.45833745
28.0,86.04167355,51.45833745
0.0,88.54167375,51.45833745
0.0,88.95834045,51.45833745
0.0,89.79167385,51.45833745
0.0,90.20834055,51.45833745
0.0,90.62500725,51.45833745
0.0,91.04167395,51.45833745
0.0,91.45834065,51.45833745
0.0,91.87500735,51.45833745
0.0,92.70834075,51.45833745
0.0,93.12500745,51.45833745
0.0,93.54167415,51.45833745
0.0,93.95834085,51.45833745
0.0,94.79167425,51.45833745
0.0,95.20834095,51.45833745
0.0,95.62500765,51.45833745
0.0,96.04167435,51.45833745
0.0,96.45834105,51.45833745
0.0,96.87500775,51.45833745
0.0,106.04167515,51.45833745
0.0,114.37500915,51.45833745
0.0,-121.45834305,51.04167075
0.0,-121.04167635,51.04167075
0.0,-120.62500965,51.04167075
0.0,-109.79167545,51.04167075
0.0,-109.37500875,51.04167075
0.0,-108.95834205,51.04167075
0.0,48.95833725,51.04167075
0.0,50.20833735,51.04167075
0.0,51.04167075,51.04167075
0.0,53.54167095,51.04167075
0.0,56.87500455,51.04167075
0.0,59.79167145,51.04167075
0.0,61.04167155,51.04167075
0.0,61.45833825,51.04167075
0.0,62.29167165,51.04167075
0.0,62.70833835,51.04167075
0.0,63.95833845,51.04167075
0.0,64.37500515,51.04167075
0.0,64.79167185,51.04167075
0.0,65.62500525,51.04167075
0.0,66.87500535,51.04167075
0.0,67.29167205,51.04167075
0.0,68.12500545,51.04167075
0.0,68.54167215,51.04167075
0.0,71.45833905,51.04167075
0.0,73.12500585,51.04167075
0.0,74.37500595,51.04167075
0.0,75.62500605,51.04167075
0.0,76.45833945,51.04167075
0.0,76.87500615,51.04167075
3.0,82.29167325,51.04167075
25.0,83.54167335,51.04167075
24.0,83.95834005,51.04167075
16.0,85.20834015,51.04167075
0.0,86.87500695,51.04167075
3.0,87.29167365,51.04167075
0.0,87.70834035,51.04167075
0.0,88.12500705,51.04167075
0.0,88.54167375,51.04167075
0.0,88.95834045,51.04167075
0.0,89.37500715,51.04167075
0.0,89.79167385,51.04167075
0.0,90.62500725,51.04167075
0.0,91.04167395,51.04167075
6.0,91.45834065,51.04167075
0.0,92.29167405,51.04167075
0.0,92.70834075,51.04167075
0.0,93.12500745,51.04167075
0.0,93.54167415,51.04167075
0.0,93.95834085,51.04167075
0.0,94.37500755,51.04167075
0.0,94.79167425,51.04167075
0.0,95.20834095,51.04167075
0.0,95.62500765,51.04167075
0.0,96.04167435,51.04167075
0.0,96.87500775,51.04167075
0.0,98.54167455,51.04167075
0.0,-120.62500965,50.62500405
0.0,-120.20834295,50.62500405
0.0,-118.54167615,50.62500405
0.0,-111.04167555,50.62500405
0.0,-110.62500885,50.62500405
0.0,-109.79167545,50.62500405
0.0,-109.37500875,50.62500405
0.0,-108.54167535,50.62500405
0.0,-108.12500865,50.62500405
0.0,-105.20834175,50.62500405
0.0,31.04166915,50.62500405
0.0,55.20833775,50.62500405
0.0,59.37500475,50.62500405
0.0,59.79167145,50.62500405
0.0,60.20833815,50.62500405
0.0,60.62500485,50.62500405
0.0,61.45833825,50.62500405
0.0,62.29167165,50.62500405
0.0,62.70833835,50.62500405
0.0,64.37500515,50.62500405
0.0,64.79167185,50.62500405
0.0,66.87500535,50.62500405
0.0,73.12500585,50.62500405
0.0,74.37500595,50.62500405
0.0,74.79167265,50.62500405
0.0,75.20833935,50.62500405
0.0,76.45833945,50.62500405
0.0,76.87500615,50.62500405
0.0,78.12500625,50.62500405
0.0,87.70834035,50.62500405
0.0,88.12500705,50.62500405
0.0,88.54167375,50.62500405
0.0,88.95834045,50.62500405
0.0,89.37500715,50.62500405
0.0,89.79167385,50.62500405
0.0,90.20834055,50.62500405
0.0,91.45834065,50.62500405
0.0,91.87500735,50.62500405
0.0,92.70834075,50.62500405
0.0,93.54167415,50.62500405
0.0,95.20834095,50.62500405
0.0,95.62500765,50.62500405
0.0,96.04167435,50.62500405
0.0,96.45834105,50.62500405
0.0,96.87500775,50.62500405
0.0,98.12500785,50.62500405
0.0,98.95834125,50.62500405
0.0,107.29167525,50.62500405
0.0,116.87500935,50.62500405
0.0,119.37500955,50.62500405
0.0,-120.20834295,50.20833735
0.0,-117.70834275,50.20833735
0.0,-116.87500935,50.20833735
0.0,-108.12500865,50.20833735
0.0,-107.70834195,50.20833735
11.0,-99.37500795,50.20833735
0.0,52.70833755,50.20833735
0.0,57.70833795,50.20833735
0.0,58.54167135,50.20833735
0.0,58.95833805,50.20833735
0.0,59.37500475,50.20833735
0.0,60.62500485,50.20833735
0.0,61.04167155,50.20833735
0.0,66.87500535,50.20833735
0.0,68.12500545,50.20833735
0.0,70.62500565,50.20833735
0.0,71.45833905,50.20833735
0.0,72.29167245,50.20833735
0.0,73.54167255,50.20833735
0.0,73.95833925,50.20833735
0.0,74.79167265,50.20833735
0.0,75.62500605,50.20833735
0.0,76.45833945,50.20833735
0.0,78.95833965,50.20833735
0.0,79.37500635,50.20833735
0.0,79.79167305,50.20833735
0.0,80.62500645,50.20833735
0.0,83.12500665,50.20833735
0.0,86.87500695,50.20833735
0.0,87.70834035,50.20833735
0.0,88.54167375,50.20833735
0.0,88.95834045,50.20833735
0.0,89.37500715,50.20833735
0.0,89.79167385,50.20833735
0.0,90.20834055,50.20833735
0.0,90.62500725,50.20833735
0.0,91.04167395,50.20833735
0.0,93.54167415,50.20833735
0.0,95.20834095,50.20833735
0.0,95.62500765,50.20833735
0.0,96.04167435,50.20833735
0.0,96.45834105,50.20833735
0.0,96.87500775,50.20833735
0.0,112.29167565,50.20833735
0.0,114.79167585,50.20833735
0.0,-103.54167495,49.79167065
0.0,56.04167115,49.79167065
0.0,56.87500455,49.79167065
0.0,57.29167125,49.79167065
0.0,58.12500465,49.79167065
0.0,58.95833805,49.79167065
0.0,59.37500475,49.79167065
0.0,59.79167145,49.79167065
0.0,60.20833815,49.79167065
0.0,60.62500485,49.79167065
0.0,61.45833825,49.79167065
0.0,66.87500535,49.79167065
0.0,80.20833975,49.79167065
0.0,81.04167315,49.79167065
25.0,83.12500665,49.79167065
0.0,83.54167335,49.79167065
28.0,84.79167345,49.79167065
6.0,85.20834015,49.79167065
0.0,87.70834035,49.79167065
0.0,88.12500705,49.79167065
0.0,88.54167375,49.79167065
0.0,88.95834045,49.79167065
0.0,89.37500715,49.79167065
0.0,89.79167385,49.79167065
0.0,90.62500725,49.79167065
0.0,91.87500735,49.79167065
0.0,92.70834075,49.79167065
0.0,104.79167505,49.79167065
0.0,106.04167515,49.79167065
0.0,106.45834185,49.79167065
19.0,107.70834195,49.79167065
0.0,112.70834235,49.79167065
0.0,114.37500915,49.79167065
0.0,118.54167615,49.79167065
0.0,119.37500955,49.79167065
0.0,-119.79167625,49.37500395
0.0,-108.12500865,49.37500395
0.0,-101.87500815,49.37500395
0.0,-95.62500765,49.37500395
0.0,-1.45833345,49.37500395
0.0,0.208333350000004,49.37500395
0.0,0.625000050000011,49.37500395
0.0,58.54167135,49.37500395
0.0,59.37500475,49.37500395
0.0,59.79167145,49.37500395
0.0,60.20833815,49.37500395
0.0,60.62500485,49.37500395
0.0,61.04167155,49.37500395
0.0,66.87500535,49.37500395
0.0,79.79167305,49.37500395
0.0,80.20833975,49.37500395
0.0,87.70834035,49.37500395
0.0,88.12500705,49.37500395
0.0,88.54167375,49.37500395
0.0,88.95834045,49.37500395
0.0,89.37500715,49.37500395
0.0,91.45834065,49.37500395
0.0,92.70834075,49.37500395
0.0,94.37500755,49.37500395
0.0,96.04167435,49.37500395
0.0,99.79167465,49.37500395
0.0,101.45834145,49.37500395
0.0,104.37500835,49.37500395
0.0,114.79167585,49.37500395
0.0,-120.62500965,48.95833725
0.0,-118.12500945,48.95833725
3.0,-116.45834265,48.95833725
0.0,-115.20834255,48.95833725
0.0,-114.37500915,48.95833725
23.0,-113.12500905,48.95833725
0.0,-103.12500825,48.95833725
0.0,-99.37500795,48.95833725
0.0,-96.87500775,48.95833725
0.0,42.29167005,48.95833725
0.0,58.54167135,48.95833725
0.0,58.95833805,48.95833725
0.0,60.62500485,48.95833725
0.0,69.37500555,48.95833725
0.0,81.87500655,48.95833725
0.0,89.79167385,48.95833725
0.0,91.04167395,48.95833725
0.0,91.87500735,48.95833725
0.0,93.12500745,48.95833725
0.0,94.79167425,48.95833725
0.0,101.45834145,48.95833725
0.0,107.29167525,48.95833725
0.0,113.12500905,48.95833725
0.0,-121.04167635,48.54167055
0.0,-96.87500775,48.54167055
11.0,42.29167005,48.54167055
0.0,71.04167235,48.54167055
0.0,82.29167325,48.54167055
0.0,84.79167345,48.54167055
0.0,85.20834015,48.54167055
0.0,88.95834045,48.54167055
0.0,89.37500715,48.54167055
0.0,90.20834055,48.54167055
0.0,91.45834065,48.54167055
0.0,93.95834085,48.54167055
0.0,101.04167475,48.54167055
0.0,101.45834145,48.54167055
0.0,102.70834155,48.54167055
0.0,112.70834235,48.54167055
0.0,113.12500905,48.54167055
0.0,-113.95834245,48.12500385
0.0,74.37500595,48.12500385
0.0,85.20834015,48.12500385
0.0,88.95834045,48.12500385
0.0,91.45834065,48.12500385
0.0,94.79167425,48.12500385
0.0,99.37500795,48.12500385
0.0,104.79167505,48.12500385
0.0,-118.95834285,47.70833715
0.0,-118.12500945,47.70833715
0.0,-114.37500915,47.70833715
0.0,-113.12500905,47.70833715
0.0,-95.62500765,47.70833715
1.0,5.62500045000002,47.70833715
0.0,21.04166835,47.70833715
0.0,48.12500385,47.70833715
0.0,90.62500725,47.70833715
0.0,91.87500735,47.70833715
0.0,93.12500745,47.70833715
0.0,93.54167415,47.70833715
0.0,95.62500765,47.70833715
0.0,103.12500825,47.70833715
0.0,104.79167505,47.70833715
0.0,108.95834205,47.70833715
0.0,110.62500885,47.70833715
0.0,111.45834225,47.70833715
0.0,113.12500905,47.70833715
0.0,-119.79167625,47.29167045
0.0,-118.95834285,47.29167045
0.0,-118.54167615,47.29167045
0.0,-118.12500945,47.29167045
0.0,-117.29167605,47.29167045
0.0,-114.37500915,47.29167045
0.0,-96.87500775,47.29167045
0.0,20.62500165,47.29167045
0.0,21.04166835,47.29167045
0.0,26.45833545,47.29167045
0.0,36.87500295,47.29167045
0.0,38.54166975,47.29167045
0.0,60.20833815,47.29167045
0.0,60.62500485,47.29167045
0.0,85.20834015,47.29167045
0.0,86.04167355,47.29167045
0.0,88.54167375,47.29167045
0.0,91.87500735,47.29167045
0.0,92.29167405,47.29167045
0.0,92.70834075,47.29167045
0.0,93.12500745,47.29167045
0.0,103.12500825,47.29167045
0.0,103.95834165,47.29167045
0.0,105.20834175,47.29167045
0.0,111.04167555,47.29167045
0.0,-120.20834295,46.87500375
0.0,-119.79167625,46.87500375
0.0,-118.95834285,46.87500375
0.0,-117.70834275,46.87500375
0.0,-117.29167605,46.87500375
0.0,-114.37500915,46.87500375
0.0,-113.54167575,46.87500375
0.0,-112.29167565,46.87500375
0.0,-111.87500895,46.87500375
27.0,-111.45834225,46.87500375
0.0,-96.87500775,46.87500375
0.0,21.45833505,46.87500375
0.0,34.37500275,46.87500375
0.0,36.45833625,46.87500375
0.0,92.70834075,46.87500375
0.0,105.20834175,46.87500375
0.0,-120.20834295,46.45833705
0.0,-117.70834275,46.45833705
0.0,-117.29167605,46.45833705
0.0,-114.79167585,46.45833705
0.0,-114.37500915,46.45833705
0.0,-113.54167575,46.45833705
0.0,-113.12500905,46.45833705
0.0,-112.70834235,46.45833705
0.0,-112.29167565,46.45833705
0.0,-110.62500885,46.45833705
0.0,37.29166965,46.45833705
0.0,42.29167005,46.45833705
0.0,56.04167115,46.45833705
0.0,93.54167415,46.45833705
0.0,94.37500755,46.45833705
0.0,104.37500835,46.45833705
0.0,-120.20834295,46.04167035
0.0,-119.37500955,46.04167035
0.0,-118.12500945,46.04167035
0.0,-114.37500915,46.04167035
0.0,-113.95834245,46.04167035
0.0,-111.87500895,46.04167035
0.0,-110.20834215,46.04167035
5.0,-93.95834085,46.04167035
34.0,-0.208333350000004,46.04167035
0.0,21.45833505,46.04167035
0.0,50.20833735,46.04167035
0.0,58.54167135,46.04167035
0.0,59.79167145,46.04167035
0.0,83.95834005,46.04167035
0.0,93.54167415,46.04167035
0.0,-120.20834295,45.62500365
0.0,-119.37500955,45.62500365
0.0,-116.45834265,45.62500365
0.0,-113.54167575,45.62500365
0.0,-112.70834235,45.62500365
0.0,-111.87500895,45.62500365
0.0,28.95833565,45.62500365
0.0,30.62500245,45.62500365
0.0,43.95833685,45.62500365
0.0,44.79167025,45.62500365
0.0,57.70833795,45.62500365
0.0,58.54167135,45.62500365
0.0,58.95833805,45.62500365
0.0,67.70833875,45.62500365
0.0,-118.54167615,45.20833695
0.0,-118.12500945,45.20833695
0.0,-117.29167605,45.20833695
0.0,-115.62500925,45.20833695
0.0,-114.79167585,45.20833695
0.0,-114.37500915,45.20833695
0.0,-113.54167575,45.20833695
0.0,-112.70834235,45.20833695
0.0,-112.29167565,45.20833695
0.0,-111.45834225,45.20833695
0.0,-111.04167555,45.20833695
0.0,-110.62500885,45.20833695
0.0,-110.20834215,45.20833695
0.0,-109.79167545,45.20833695
0.0,-103.54167495,45.20833695
0.0,27.29166885,45.20833695
0.0,27.70833555,45.20833695
21.0,33.54166935,45.20833695
0.0,44.37500355,45.20833695
0.0,48.95833725,45.20833695
0.0,53.54167095,45.20833695
0.0,54.79167105,45.20833695
0.0,57.29167125,45.20833695
0.0,58.12500465,45.20833695
0.0,58.54167135,45.20833695
0.0,67.29167205,45.20833695
0.0,67.70833875,45.20833695
0.0,68.54167215,45.20833695
0.0,68.95833885,45.20833695
0.0,69.79167225,45.20833695
0.0,70.20833895,45.20833695
0.0,78.12500625,45.20833695
0.0,78.54167295,45.20833695
0.0,-120.20834295,44.79167025
0.0,-115.20834255,44.79167025
0.0,-114.79167585,44.79167025
0.0,-114.37500915,44.79167025
0.0,-113.54167575,44.79167025
0.0,-112.29167565,44.79167025
4.0,-111.87500895,44.79167025
23.0,-111.04167555,44.79167025
0.0,-110.20834215,44.79167025
0.0,-107.29167525,44.79167025
0.0,-102.70834155,44.79167025
86.0,28.54166895,44.79167025
0.0,33.12500265,44.79167025
53.0,38.12500305,44.79167025
0.0,50.20833735,44.79167025
0.0,53.54167095,44.79167025
0.0,56.04167115,44.79167025
0.0,67.29167205,44.79167025
0.0,67.70833875,44.79167025
0.0,68.12500545,44.79167025
0.0,68.54167215,44.79167025
0.0,68.95833885,44.79167025
0.0,69.79167225,44.79167025
0.0,70.20833895,44.79167025
0.0,77.70833955,44.79167025
0.0,78.12500625,44.79167025
1.0,-121.04167635,44.37500355
0.0,-120.62500965,44.37500355
0.0,-120.20834295,44.37500355
0.0,-118.54167615,44.37500355
0.0,-118.12500945,44.37500355
0.0,-113.95834245,44.37500355
0.0,-111.87500895,44.37500355
0.0,-110.20834215,44.37500355
0.0,-107.70834195,44.37500355
39.0,4.37500034999999,44.37500355
0.0,4.79166705,44.37500355
0.0,5.20833375000001,44.37500355
0.0,14.79166785,44.37500355
0.0,29.79166905,44.37500355
0.0,59.37500475,44.37500355
0.0,66.87500535,44.37500355
0.0,68.12500545,44.37500355
0.0,68.54167215,44.37500355
0.0,68.95833885,44.37500355
0.0,69.79167225,44.37500355
0.0,70.20833895,44.37500355
0.0,71.04167235,44.37500355
0.0,77.70833955,44.37500355
0.0,-121.04167635,43.95833685
0.0,-120.20834295,43.95833685
0.0,-119.79167625,43.95833685
0.0,-119.37500955,43.95833685
0.0,-118.12500945,43.95833685
0.0,-115.20834255,43.95833685
0.0,-114.37500915,43.95833685
0.0,-113.95834245,43.95833685
0.0,-111.45834225,43.95833685
0.0,-110.62500885,43.95833685
0.0,-110.20834215,43.95833685
0.0,-109.79167545,43.95833685
0.0,-109.37500875,43.95833685
0.0,-107.29167525,43.95833685
7.0,1.87500015000001,43.95833685
0.0,3.54166695000001,43.95833685
0.0,4.37500034999999,43.95833685
0.0,4.79166705,43.95833685
13.0,8.12500065,43.95833685
0.0,9.79166745000001,43.95833685
0.0,15.62500125,43.95833685
0.0,25.20833535,43.95833685
3.0,26.45833545,43.95833685
0.0,27.29166885,43.95833685
0.0,33.95833605,43.95833685
0.0,58.95833805,43.95833685
0.0,67.29167205,43.95833685
0.0,67.70833875,43.95833685
0.0,68.12500545,43.95833685
0.0,68.54167215,43.95833685
0.0,69.37500555,43.95833685
0.0,69.79167225,43.95833685
0.0,74.37500595,43.95833685
0.0,74.79167265,43.95833685
0.0,75.20833935,43.95833685
0.0,75.62500605,43.95833685
0.0,76.04167275,43.95833685
0.0,76.45833945,43.95833685
0.0,76.87500615,43.95833685
0.0,77.29167285,43.95833685
0.0,77.70833955,43.95833685
0.0,81.45833985,43.95833685
0.0,-120.62500965,43.54167015
0.0,-120.20834295,43.54167015
0.0,-119.79167625,43.54167015
0.0,-118.12500945,43.54167015
0.0,-117.29167605,43.54167015
0.0,-115.62500925,43.54167015
0.0,-113.12500905,43.54167015
19.0,-111.04167555,43.54167015
0.0,-110.20834215,43.54167015
0.0,-108.95834205,43.54167015
0.0,-108.12500865,43.54167015
0.0,-96.87500775,43.54167015
0.0,9.79166745000001,43.54167015
0.0,10.20833415,43.54167015
0.0,11.04166755,43.54167015
8.0,23.95833525,43.54167015
0.0,67.29167205,43.54167015
0.0,67.70833875,43.54167015
0.0,68.12500545,43.54167015
0.0,68.95833885,43.54167015
0.0,70.20833895,43.54167015
0.0,71.87500575,43.54167015
0.0,72.29167245,43.54167015
0.0,75.62500605,43.54167015
0.0,76.45833945,43.54167015
0.0,77.29167285,43.54167015
0.0,78.95833965,43.54167015
0.0,79.79167305,43.54167015
0.0,-121.45834305,43.12500345
0.0,-121.04167635,43.12500345
0.0,-120.62500965,43.12500345
0.0,-120.20834295,43.12500345
0.0,-119.79167625,43.12500345
0.0,-119.37500955,43.12500345
0.0,-118.12500945,43.12500345
0.0,-117.70834275,43.12500345
0.0,-117.29167605,43.12500345
0.0,-116.45834265,43.12500345
0.0,-115.62500925,43.12500345
0.0,-114.79167585,43.12500345
0.0,-114.37500915,43.12500345
0.0,-110.62500885,43.12500345
0.0,-110.20834215,43.12500345
0.0,-107.70834195,43.12500345
0.0,-101.04167475,43.12500345
0.0,2.70833354999999,43.12500345
0.0,5.62500045000002,43.12500345
0.0,6.04166714999999,43.12500345
0.0,6.45833385,43.12500345
0.0,7.29166724999999,43.12500345
0.0,17.29166805,43.12500345
0.0,28.95833565,43.12500345
26.0,41.45833665,43.12500345
46.0,41.87500335,43.12500345
8.0,42.29167005,43.12500345
0.0,42.70833675,43.12500345
0.0,43.12500345,43.12500345
0.0,64.79167185,43.12500345
0.0,67.70833875,43.12500345
0.0,68.12500545,43.12500345
0.0,68.95833885,43.12500345
0.0,69.37500555,43.12500345
0.0,70.20833895,43.12500345
0.0,71.04167235,43.12500345
0.0,71.45833905,43.12500345
0.0,72.29167245,43.12500345
0.0,73.54167255,43.12500345
0.0,73.95833925,43.12500345
0.0,-113.95834245,42.70833675
0.0,-113.12500905,42.70833675
0.0,-112.70834235,42.70833675
0.0,-111.87500895,42.70833675
0.0,-110.62500885,42.70833675
0.0,-110.20834215,42.70833675
0.0,-109.37500875,42.70833675
0.0,-107.70834195,42.70833675
0.0,-106.45834185,42.70833675
0.0,-106.04167515,42.70833675
0.0,-98.54167455,42.70833675
0.0,-97.29167445,42.70833675
0.0,-91.87500735,42.70833675
0.0,-3.95833364999999,42.70833675
0.0,8.95833404999999,42.70833675
0.0,43.95833685,42.70833675
0.0,64.37500515,42.70833675
0.0,64.79167185,42.70833675
0.0,68.12500545,42.70833675
0.0,70.62500565,42.70833675
0.0,-116.87500935,42.29167005
0.0,-116.45834265,42.29167005
0.0,-115.62500925,42.29167005
0.0,-114.79167585,42.29167005
0.0,-110.62500885,42.29167005
0.0,-110.20834215,42.29167005
21.0,-105.62500845,42.29167005
0.0,-98.54167455,42.29167005
0.0,-97.70834115,42.29167005
0.0,-96.04167435,42.29167005
0.0,-92.29167405,42.29167005
0.0,-4.79166705,42.29167005
0.0,-3.95833364999999,42.29167005
26.0,-3.12500025,42.29167005
0.0,-1.45833345,42.29167005
0.0,0.208333350000004,42.29167005
0.0,3.12500025,42.29167005
60.0,12.70833435,42.29167005
0.0,14.79166785,42.29167005
0.0,16.04166795,42.29167005
0.0,53.95833765,42.29167005
0.0,54.79167105,42.29167005
0.0,55.20833775,42.29167005
0.0,68.95833885,42.29167005
0.0,69.37500555,42.29167005
0.0,73.95833925,42.29167005
0.0,74.37500595,42.29167005
0.0,81.45833985,42.29167005
0.0,-122.29167645,41.87500335
8.0,-121.87500975,41.87500335
0.0,-121.45834305,41.87500335
0.0,-120.20834295,41.87500335
0.0,-117.29167605,41.87500335
0.0,-116.87500935,41.87500335
0.0,-116.45834265,41.87500335
0.0,-116.04167595,41.87500335
0.0,-112.29167565,41.87500335
0.0,-111.87500895,41.87500335
0.0,-109.37500875,41.87500335
0.0,-99.79167465,41.87500335
0.0,-97.70834115,41.87500335
0.0,-97.29167445,41.87500335
0.0,-96.87500775,41.87500335
0.0,-6.45833385,41.87500335
0.0,-1.45833345,41.87500335
0.0,-1.04166674999999,41.87500335
0.0,-0.625000050000011,41.87500335
0.0,-0.208333350000004,41.87500335
0.0,14.79166785,41.87500335
0.0,16.45833465,41.87500335
9.0,43.12500345,41.87500335
0.0,53.54167095,41.87500335
0.0,54.37500435,41.87500335
0.0,55.62500445,41.87500335
0.0,68.12500545,41.87500335
0.0,68.95833885,41.87500335
0.0,69.37500555,41.87500335
0.0,73.54167255,41.87500335
0.0,73.95833925,41.87500335
0.0,74.37500595,41.87500335
0.0,-122.29167645,41.45833665
0.0,-121.87500975,41.45833665
0.0,-121.45834305,41.45833665
0.0,-120.20834295,41.45833665
0.0,-118.95834285,41.45833665
6.0,-117.70834275,41.45833665
0.0,-116.87500935,41.45833665
0.0,-116.45834265,41.45833665
0.0,-114.79167585,41.45833665
0.0,-113.95834245,41.45833665
0.0,-112.29167565,41.45833665
0.0,-109.37500875,41.45833665
0.0,-104.79167505,41.45833665
0.0,-104.37500835,41.45833665
0.0,-98.54167455,41.45833665
0.0,-97.70834115,41.45833665
0.0,-4.79166705,41.45833665
0.0,-1.45833345,41.45833665
0.0,-1.04166674999999,41.45833665
0.0,-0.208333350000004,41.45833665
0.0,0.208333350000004,41.45833665
0.0,0.625000050000011,41.45833665
10.0,1.45833345,41.45833665
0.0,3.12500025,41.45833665
17.0,12.70833435,41.45833665
25.0,13.12500105,41.45833665
0.0,15.20833455,41.45833665
0.0,15.62500125,41.45833665
0.0,16.04166795,41.45833665
0.0,19.37500155,41.45833665
0.0,28.54166895,41.45833665
0.0,48.54167055,41.45833665
0.0,48.95833725,41.45833665
0.0,67.29167205,41.45833665
0.0,67.70833875,41.45833665
0.0,68.12500545,41.45833665
0.0,68.95833885,41.45833665
0.0,69.37500555,41.45833665
0.0,70.20833895,41.45833665
0.0,73.95833925,41.45833665
0.0,74.37500595,41.45833665
0.0,-117.29167605,41.04166995
0.0,-116.45834265,41.04166995
0.0,-114.79167585,41.04166995
0.0,-111.04167555,41.04166995
0.0,-109.37500875,41.04166995
0.0,-108.95834205,41.04166995
0.0,-106.87500855,41.04166995
0.0,-106.45834185,41.04166995
0.0,-105.62500845,41.04166995
0.0,-98.54167455,41.04166995
0.0,-98.12500785,41.04166995
0.0,-93.54167415,41.04166995
0.0,-5.62500044999999,41.04166995
0.0,-3.12500025,41.04166995
0.0,-2.70833354999999,41.04166995
0.0,-0.208333350000004,41.04166995
0.0,2.29166685000001,41.04166995
0.0,13.54166775,41.04166995
2.0,14.37500115,41.04166995
0.0,16.87500135,41.04166995
0.0,19.37500155,41.04166995
0.0,38.12500305,41.04166995
0.0,38.54166975,41.04166995
0.0,41.87500335,41.04166995
0.0,53.54167095,41.04166995
0.0,54.37500435,41.04166995
0.0,54.79167105,41.04166995
0.0,68.12500545,41.04166995
0.0,70.62500565,41.04166995
0.0,72.70833915,41.04166995
0.0,73.54167255,41.04166995
0.0,-121.04167635,40.62500325
0.0,-120.62500965,40.62500325
0.0,-120.20834295,40.62500325
0.0,-117.29167605,40.62500325
0.0,-116.87500935,40.62500325
0.0,-114.79167585,40.62500325
0.0,-110.62500885,40.62500325
0.0,-106.45834185,40.62500325
6.0,-91.45834065,40.62500325
8.0,-89.79167385,40.62500325
9.0,-5.20833375000001,40.62500325
0.0,-3.95833364999999,40.62500325
0.0,-2.29166684999998,40.62500325
9.0,0.208333350000004,40.62500325
0.0,8.12500065,40.62500325
0.0,13.95833445,40.62500325
0.0,14.79166785,40.62500325
0.0,15.20833455,40.62500325
5.0,17.29166805,40.62500325
0.0,18.54166815,40.62500325
0.0,18.95833485,40.62500325
0.0,19.37500155,40.62500325
0.0,25.20833535,40.62500325
0.0,27.29166885,40.62500325
0.0,28.95833565,40.62500325
0.0,29.37500235,40.62500325
0.0,33.95833605,40.62500325
15.0,37.70833635,40.62500325
27.0,38.54166975,40.62500325
7.0,42.29167005,40.62500325
0.0,47.29167045,40.62500325
0.0,47.70833715,40.62500325
0.0,48.95833725,40.62500325
0.0,53.12500425,40.62500325
0.0,53.54167095,40.62500325
0.0,53.95833765,40.62500325
0.0,54.37500435,40.62500325
0.0,57.29167125,40.62500325
0.0,68.12500545,40.62500325
0.0,70.62500565,40.62500325
0.0,71.04167235,40.62500325
0.0,71.45833905,40.62500325
0.0,71.87500575,40.62500325
0.0,113.12500905,40.62500325
0.0,-121.04167635,40.20833655
0.0,-120.20834295,40.20833655
0.0,-117.29167605,40.20833655
0.0,-112.70834235,40.20833655
0.0,-106.45834185,40.20833655
0.0,-97.29167445,40.20833655
0.0,-95.62500765,40.20833655
0.0,-94.37500755,40.20833655
27.0,-5.20833375000001,40.20833655
5.0,-4.79166705,40.20833655
0.0,-3.95833364999999,40.20833655
0.0,-3.54166695000001,40.20833655
0.0,-3.12500025,40.20833655
0.0,-2.70833354999999,40.20833655
0.0,2.70833354999999,40.20833655
0.0,3.12500025,40.20833655
1.0,16.04166795,40.20833655
0.0,31.87500255,40.20833655
25.0,36.87500295,40.20833655
0.0,37.29166965,40.20833655
4.0,37.70833635,40.20833655
0.0,48.54167055,40.20833655
0.0,52.70833755,40.20833655
0.0,57.29167125,40.20833655
0.0,71.04167235,40.20833655
0.0,71.87500575,40.20833655
0.0,73.95833925,40.20833655
3.0,-120.20834295,39.79166985
0.0,-119.79167625,39.79166985
0.0,-117.29167605,39.79166985
4.0,-110.62500885,39.79166985
0.0,-110.20834215,39.79166985
0.0,-94.37500755,39.79166985
0.0,-8.12500065,39.79166985
0.0,-7.70833395,39.79166985
0.0,-3.12500025,39.79166985
0.0,-1.04166674999999,39.79166985
0.0,-0.208333350000004,39.79166985
0.0,0.208333350000004,39.79166985
0.0,0.625000050000011,39.79166985
0.0,2.29166685000001,39.79166985
0.0,3.12500025,39.79166985
0.0,8.54166735000001,39.79166985
0.0,16.87500135,39.79166985
0.0,18.95833485,39.79166985
73.0,28.54166895,39.79166985
0.0,56.04167115,39.79166985
0.0,57.29167125,39.79166985
0.0,68.12500545,39.79166985
0.0,69.37500555,39.79166985
0.0,-120.20834295,39.37500315
0.0,-119.79167625,39.37500315
0.0,-111.87500895,39.37500315
0.0,-111.04167555,39.37500315
0.0,-110.20834215,39.37500315
0.0,-109.79167545,39.37500315
0.0,-108.54167535,39.37500315
0.0,-105.20834175,39.37500315
0.0,-97.29167445,39.37500315
8.0,-7.70833395,39.37500315
0.0,-5.20833375000001,39.37500315
0.0,-1.45833345,39.37500315
0.0,-0.208333350000004,39.37500315
0.0,2.29166685000001,39.37500315
0.0,2.70833354999999,39.37500315
0.0,3.12500025,39.37500315
0.0,3.54166695000001,39.37500315
0.0,8.12500065,39.37500315
0.0,9.37500075,39.37500315
0.0,20.62500165,39.37500315
32.0,21.04166835,39.37500315
0.0,22.70833515,39.37500315
0.0,26.45833545,39.37500315
4.0,27.29166885,39.37500315
0.0,37.29166965,39.37500315
0.0,38.54166975,39.37500315
0.0,38.95833645,39.37500315
0.0,39.37500315,39.37500315
0.0,53.12500425,39.37500315
0.0,53.54167095,39.37500315
0.0,55.20833775,39.37500315
0.0,56.04167115,39.37500315
0.0,56.87500455,39.37500315
0.0,57.70833795,39.37500315
0.0,58.54167135,39.37500315
0.0,74.37500595,39.37500315
0.0,76.87500615,39.37500315
3.0,-119.79167625,38.95833645
0.0,-116.45834265,38.95833645
0.0,-95.20834095,38.95833645
0.0,-7.70833395,38.95833645
0.0,-6.87500055000001,38.95833645
0.0,-5.62500044999999,38.95833645
0.0,-5.20833375000001,38.95833645
0.0,-0.208333350000004,38.95833645
0.0,1.87500015000001,38.95833645
0.0,3.12500025,38.95833645
0.0,9.79166745000001,38.95833645
0.0,17.29166805,38.95833645
0.0,25.62500205,38.95833645
38.0,48.54167055,38.95833645
0.0,55.20833775,38.95833645
0.0,58.54167135,38.95833645
0.0,77.29167285,38.95833645
0.0,77.70833955,38.95833645
0.0,78.12500625,38.95833645
0.0,-119.79167625,38.54166975
0.0,-117.70834275,38.54166975
0.0,-117.29167605,38.54166975
0.0,-116.87500935,38.54166975
0.0,-116.45834265,38.54166975
0.0,-114.37500915,38.54166975
0.0,-97.29167445,38.54166975
0.0,-7.70833395,38.54166975
0.0,-5.20833375000001,38.54166975
1.0,-3.95833364999999,38.54166975
0.0,-2.70833354999999,38.54166975
0.0,-1.04166674999999,38.54166975
0.0,-0.208333350000004,38.54166975
0.0,1.87500015000001,38.54166975
0.0,16.87500135,38.54166975
0.0,20.62500165,38.54166975
0.0,25.62500205,38.54166975
0.0,26.04166875,38.54166975
0.0,26.45833545,38.54166975
0.0,28.95833565,38.54166975
0.0,29.37500235,38.54166975
0.0,36.04166955,38.54166975
0.0,39.37500315,38.54166975
0.0,40.20833655,38.54166975
0.0,40.62500325,38.54166975
0.0,41.45833665,38.54166975
0.0,41.87500335,38.54166975
0.0,43.12500345,38.54166975
21.0,48.54167055,38.54166975
0.0,54.79167105,38.54166975
0.0,55.62500445,38.54166975
0.0,58.54167135,38.54166975
0.0,59.79167145,38.54166975
0.0,-119.37500955,38.12500305
0.0,-118.95834285,38.12500305
0.0,-118.54167615,38.12500305
0.0,-117.70834275,38.12500305
0.0,-117.29167605,38.12500305
0.0,-116.87500935,38.12500305
0.0,-112.29167565,38.12500305
0.0,-111.87500895,38.12500305
0.0,-108.95834205,38.12500305
0.0,-108.12500865,38.12500305
0.0,-106.87500855,38.12500305
0.0,-8.95833404999999,38.12500305
0.0,-7.70833395,38.12500305
12.0,-6.45833385,38.12500305
0.0,-6.04166714999999,38.12500305
6.0,-5.20833375000001,38.12500305
2.0,-4.79166705,38.12500305
0.0,-4.37500034999999,38.12500305
3.0,-3.95833364999999,38.12500305
0.0,-3.12500025,38.12500305
2.0,-2.70833354999999,38.12500305
0.0,13.54166775,38.12500305
0.0,13.95833445,38.12500305
0.0,15.20833455,38.12500305
0.0,20.20833495,38.12500305
0.0,20.62500165,38.12500305
0.0,21.45833505,38.12500305
0.0,22.29166845,38.12500305
0.0,22.70833515,38.12500305
0.0,26.04166875,38.12500305
0.0,28.12500225,38.12500305
11.0,28.54166895,38.12500305
0.0,57.29167125,38.12500305
0.0,66.45833865,38.12500305
0.0,71.04167235,38.12500305
0.0,73.54167255,38.12500305
0.0,73.95833925,38.12500305
0.0,74.79167265,38.12500305
0.0,96.45834105,38.12500305
0.0,-118.95834285,37.70833635
0.0,-118.12500945,37.70833635
0.0,-112.29167565,37.70833635
22.0,-93.12500745,37.70833635
0.0,-7.70833395,37.70833635
0.0,-7.29166724999999,37.70833635
0.0,-6.87500055000001,37.70833635
0.0,-6.45833385,37.70833635
0.0,-5.20833375000001,37.70833635
0.0,-4.79166705,37.70833635
0.0,-4.37500034999999,37.70833635
0.0,-3.54166695000001,37.70833635
0.0,-2.29166684999998,37.70833635
0.0,-1.87500015000001,37.70833635
0.0,9.37500075,37.70833635
0.0,10.20833415,37.70833635
0.0,13.54166775,37.70833635
0.0,15.20833455,37.70833635
0.0,20.62500165,37.70833635
0.0,22.70833515,37.70833635
0.0,38.95833645,37.70833635
0.0,39.37500315,37.70833635
0.0,40.20833655,37.70833635
0.0,40.62500325,37.70833635
0.0,41.87500335,37.70833635
0.0,49.37500395,37.70833635
0.0,54.37500435,37.70833635
0.0,57.29167125,37.70833635
0.0,57.70833795,37.70833635
0.0,58.12500465,37.70833635
0.0,71.87500575,37.70833635
0.0,73.54167255,37.70833635
0.0,73.95833925,37.70833635
0.0,74.37500595,37.70833635
0.0,74.79167265,37.70833635
0.0,75.20833935,37.70833635
0.0,75.62500605,37.70833635
0.0,105.20834175,37.70833635
0.0,107.70834195,37.70833635
0.0,-118.54167615,37.29166965
0.0,-118.12500945,37.29166965
0.0,-117.70834275,37.29166965
0.0,-113.12500905,37.29166965
1.0,-107.29167525,37.29166965
0.0,-105.20834175,37.29166965
0.0,-104.79167505,37.29166965
0.0,-96.04167435,37.29166965
0.0,-5.20833375000001,37.29166965
0.0,-4.79166705,37.29166965
0.0,-4.37500034999999,37.29166965
0.0,-2.29166684999998,37.29166965
0.0,-1.04166674999999,37.29166965
0.0,3.12500025,37.29166965
0.0,3.54166695000001,37.29166965
0.0,3.95833365000001,37.29166965
0.0,4.37500034999999,37.29166965
0.0,4.79166705,37.29166965
0.0,5.20833375000001,37.29166965
0.0,6.45833385,37.29166965
0.0,8.95833404999999,37.29166965
0.0,15.20833455,37.29166965
0.0,15.62500125,37.29166965
0.0,22.70833515,37.29166965
0.0,26.45833545,37.29166965
0.0,35.62500285,37.29166965
22.0,36.04166955,37.29166965
0.0,36.45833625,37.29166965
0.0,37.29166965,37.29166965
0.0,38.54166975,37.29166965
0.0,40.20833655,37.29166965
0.0,40.62500325,37.29166965
0.0,49.37500395,37.29166965
0.0,49.79167065,37.29166965
0.0,50.20833735,37.29166965
0.0,53.54167095,37.29166965
0.0,57.70833795,37.29166965
0.0,58.54167135,37.29166965
0.0,60.62500485,37.29166965
0.0,72.70833915,37.29166965
0.0,73.54167255,37.29166965
0.0,74.79167265,37.29166965
0.0,75.20833935,37.29166965
0.0,75.62500605,37.29166965
0.0,76.04167275,37.29166965
0.0,101.45834145,37.29166965
0.0,102.70834155,37.29166965
0.0,104.37500835,37.29166965
0.0,105.62500845,37.29166965
0.0,106.04167515,37.29166965
0.0,106.87500855,37.29166965
0.0,107.29167525,37.29166965
0.0,-118.12500945,36.87500295
0.0,-117.70834275,36.87500295
0.0,-104.79167505,36.87500295
0.0,-104.37500835,36.87500295
0.0,-103.95834165,36.87500295
23.0,-96.04167435,36.87500295
0.0,-8.12500065,36.87500295
0.0,-5.62500044999999,36.87500295
0.0,-5.20833375000001,36.87500295
0.0,-4.37500034999999,36.87500295
0.0,-3.95833364999999,36.87500295
0.0,-2.29166684999998,36.87500295
0.0,0.625000050000011,36.87500295
0.0,1.45833345,36.87500295
0.0,1.87500015000001,36.87500295
0.0,2.29166685000001,36.87500295
0.0,2.70833354999999,36.87500295
0.0,3.12500025,36.87500295
0.0,3.95833365000001,36.87500295
16.0,4.37500034999999,36.87500295
20.0,4.79166705,36.87500295
0.0,5.20833375000001,36.87500295
0.0,5.62500045000002,36.87500295
22.0,6.45833385,36.87500295
0.0,7.29166724999999,36.87500295
0.0,8.54166735000001,36.87500295
0.0,14.79166785,36.87500295
0.0,15.62500125,36.87500295
0.0,26.04166875,36.87500295
0.0,31.04166915,36.87500295
0.0,43.54167015,36.87500295
29.0,49.79167065,36.87500295
35.0,50.20833735,36.87500295
0.0,51.04167075,36.87500295
0.0,57.29167125,36.87500295
0.0,67.70833875,36.87500295
0.0,73.95833925,36.87500295
0.0,75.62500605,36.87500295
0.0,100.20834135,36.87500295
0.0,101.45834145,36.87500295
0.0,101.87500815,36.87500295
0.0,106.87500855,36.87500295
0.0,107.29167525,36.87500295
0.0,-118.12500945,36.45833625
0.0,-117.70834275,36.45833625
0.0,-117.29167605,36.45833625
0.0,-106.87500855,36.45833625
17.0,-96.04167435,36.45833625
16.0,-93.12500745,36.45833625
0.0,-6.04166714999999,36.45833625
0.0,-4.37500034999999,36.45833625
0.0,-2.70833354999999,36.45833625
0.0,-2.29166684999998,36.45833625
0.0,-0.208333350000004,36.45833625
0.0,0.208333350000004,36.45833625
0.0,0.625000050000011,36.45833625
19.0,1.04166674999999,36.45833625
19.0,1.45833345,36.45833625
16.0,1.87500015000001,36.45833625
18.0,2.29166685000001,36.45833625
0.0,3.12500025,36.45833625
4.0,3.54166695000001,36.45833625
12.0,3.95833365000001,36.45833625
9.0,4.37500034999999,36.45833625
15.0,4.79166705,36.45833625
0.0,5.20833375000001,36.45833625
0.0,5.62500045000002,36.45833625
0.0,6.45833385,36.45833625
0.0,6.87500055000001,36.45833625
0.0,14.79166785,36.45833625
0.0,28.95833565,36.45833625
0.0,29.37500235,36.45833625
0.0,30.62500245,36.45833625
0.0,31.04166915,36.45833625
0.0,32.70833595,36.45833625
0.0,33.54166935,36.45833625
0.0,37.29166965,36.45833625
0.0,42.70833675,36.45833625
0.0,43.54167015,36.45833625
0.0,46.87500375,36.45833625
0.0,48.54167055,36.45833625
88.0,51.87500415,36.45833625
3.0,52.70833755,36.45833625
0.0,57.70833795,36.45833625
0.0,58.95833805,36.45833625
0.0,63.95833845,36.45833625
0.0,65.62500525,36.45833625
0.0,71.04167235,36.45833625
0.0,72.70833915,36.45833625
0.0,73.12500585,36.45833625
0.0,73.54167255,36.45833625
0.0,73.95833925,36.45833625
0.0,74.79167265,36.45833625
0.0,75.62500605,36.45833625
0.0,76.04167275,36.45833625
0.0,76.87500615,36.45833625
0.0,107.29167525,36.45833625
0.0,107.70834195,36.45833625
0.0,-118.12500945,36.04166955
0.0,-117.70834275,36.04166955
0.0,-117.29167605,36.04166955
0.0,-106.87500855,36.04166955
0.0,-104.79167505,36.04166955
0.0,-97.29167445,36.04166955
0.0,-6.45833385,36.04166955
0.0,-0.625000050000011,36.04166955
0.0,-0.208333350000004,36.04166955
0.0,0.208333350000004,36.04166955
0.0,0.625000050000011,36.04166955
0.0,1.87500015000001,36.04166955
0.0,3.12500025,36.04166955
0.0,4.37500034999999,36.04166955
0.0,5.62500045000002,36.04166955
0.0,6.45833385,36.04166955
0.0,14.37500115,36.04166955
0.0,29.37500235,36.04166955
0.0,29.79166905,36.04166955
0.0,30.20833575,36.04166955
0.0,30.62500245,36.04166955
0.0,32.29166925,36.04166955
0.0,32.70833595,36.04166955
0.0,33.12500265,36.04166955
0.0,33.54166935,36.04166955
0.0,42.70833675,36.04166955
0.0,43.54167015,36.04166955
0.0,44.79167025,36.04166955
0.0,48.54167055,36.04166955
0.0,48.95833725,36.04166955
0.0,49.79167065,36.04166955
0.0,51.04167075,36.04166955
0.0,52.70833755,36.04166955
0.0,63.12500505,36.04166955
0.0,63.54167175,36.04166955
0.0,64.37500515,36.04166955
0.0,65.20833855,36.04166955
0.0,68.12500545,36.04166955
0.0,71.87500575,36.04166955
0.0,73.95833925,36.04166955
0.0,74.37500595,36.04166955
0.0,74.79167265,36.04166955
0.0,75.20833935,36.04166955
0.0,75.62500605,36.04166955
0.0,76.04167275,36.04166955
0.0,76.87500615,36.04166955
0.0,77.29167285,36.04166955
0.0,88.95834045,36.04166955
0.0,89.79167385,36.04166955
0.0,90.20834055,36.04166955
0.0,90.62500725,36.04166955
0.0,101.87500815,36.04166955
0.0,102.70834155,36.04166955
0.0,106.04167515,36.04166955
38.0,108.54167535,36.04166955
0.0,-118.12500945,35.62500285
0.0,-106.87500855,35.62500285
0.0,-105.62500845,35.62500285
0.0,-96.45834105,35.62500285
0.0,-6.45833385,35.62500285
0.0,-4.79166705,35.62500285
0.0,-4.37500034999999,35.62500285
0.0,-1.45833345,35.62500285
0.0,-1.04166674999999,35.62500285
0.0,-0.625000050000011,35.62500285
0.0,-0.208333350000004,35.62500285
0.0,0.625000050000011,35.62500285
0.0,6.04166714999999,35.62500285
24.0,6.45833385,35.62500285
0.0,25.62500205,35.62500285
0.0,32.70833595,35.62500285
0.0,33.12500265,35.62500285
0.0,33.95833605,35.62500285
0.0,34.37500275,35.62500285
0.0,47.70833715,35.62500285
0.0,51.04167075,35.62500285
0.0,52.70833755,35.62500285
0.0,53.12500425,35.62500285
0.0,61.87500495,35.62500285
0.0,62.70833835,35.62500285
0.0,64.79167185,35.62500285
0.0,68.12500545,35.62500285
0.0,71.04167235,35.62500285
0.0,73.95833925,35.62500285
0.0,74.37500595,35.62500285
0.0,74.79167265,35.62500285
0.0,75.20833935,35.62500285
0.0,75.62500605,35.62500285
0.0,76.04167275,35.62500285
0.0,76.45833945,35.62500285
0.0,76.87500615,35.62500285
0.0,77.29167285,35.62500285
0.0,91.87500735,35.62500285
0.0,102.70834155,35.62500285
0.0,103.95834165,35.62500285
11.0,108.95834205,35.62500285
0.0,-118.12500945,35.20833615
0.0,-105.62500845,35.20833615
0.0,-5.20833375000001,35.20833615
0.0,-4.37500034999999,35.20833615
0.0,-3.54166695000001,35.20833615
0.0,-2.70833354999999,35.20833615
0.0,-1.04166674999999,35.20833615
0.0,-0.208333350000004,35.20833615
0.0,0.208333350000004,35.20833615
0.0,1.04166674999999,35.20833615
0.0,2.70833354999999,35.20833615
0.0,3.54166695000001,35.20833615
0.0,11.45833425,35.20833615
0.0,27.29166885,35.20833615
0.0,32.29166925,35.20833615
0.0,33.12500265,35.20833615
0.0,34.37500275,35.20833615
0.0,51.04167075,35.20833615
0.0,52.29167085,35.20833615
0.0,62.70833835,35.20833615
0.0,63.12500505,35.20833615
0.0,65.62500525,35.20833615
0.0,66.04167195,35.20833615
0.0,66.45833865,35.20833615
0.0,67.29167205,35.20833615
0.0,71.45833905,35.20833615
0.0,74.79167265,35.20833615
0.0,75.62500605,35.20833615
0.0,76.04167275,35.20833615
0.0,76.45833945,35.20833615
0.0,76.87500615,35.20833615
0.0,77.29167285,35.20833615
0.0,77.70833955,35.20833615
0.0,78.12500625,35.20833615
0.0,88.95834045,35.20833615
0.0,89.79167385,35.20833615
0.0,90.20834055,35.20833615
0.0,91.04167395,35.20833615
0.0,95.20834095,35.20833615
0.0,95.62500765,35.20833615
0.0,96.04167435,35.20833615
0.0,96.45834105,35.20833615
0.0,97.29167445,35.20833615
0.0,98.12500785,35.20833615
0.0,98.54167455,35.20833615
0.0,98.95834125,35.20833615
0.0,103.12500825,35.20833615
0.0,103.54167495,35.20833615
0.0,103.95834165,35.20833615
0.0,106.87500855,35.20833615
0.0,-97.29167445,34.79166945
0.0,-6.87500055000001,34.79166945
15.0,-5.20833375000001,34.79166945
0.0,-4.37500034999999,34.79166945
0.0,-3.12500025,34.79166945
0.0,-2.70833354999999,34.79166945
0.0,-1.87500015000001,34.79166945
0.0,-1.04166674999999,34.79166945
0.0,-0.625000050000011,34.79166945
0.0,11.45833425,34.79166945
0.0,32.29166925,34.79166945
0.0,32.70833595,34.79166945
0.0,33.12500265,34.79166945
0.0,33.54166935,34.79166945
0.0,34.37500275,34.79166945
0.0,35.62500285,34.79166945
0.0,36.04166955,34.79166945
0.0,38.95833645,34.79166945
0.0,52.70833755,34.79166945
0.0,53.54167095,34.79166945
0.0,54.79167105,34.79166945
0.0,66.04167195,34.79166945
0.0,66.45833865,34.79166945
0.0,67.29167205,34.79166945
0.0,67.70833875,34.79166945
0.0,73.95833925,34.79166945
0.0,74.37500595,34.79166945
0.0,74.79167265,34.79166945
0.0,75.20833935,34.79166945
0.0,75.62500605,34.79166945
0.0,76.04167275,34.79166945
0.0,76.45833945,34.79166945
0.0,76.87500615,34.79166945
0.0,77.29167285,34.79166945
0.0,77.70833955,34.79166945
0.0,78.12500625,34.79166945
0.0,78.54167295,34.79166945
0.0,78.95833965,34.79166945
0.0,90.20834055,34.79166945
0.0,90.62500725,34.79166945
0.0,91.04167395,34.79166945
0.0,91.87500735,34.79166945
0.0,95.62500765,34.79166945
0.0,96.04167435,34.79166945
0.0,96.45834105,34.79166945
0.0,96.87500775,34.79166945
0.0,97.29167445,34.79166945
0.0,97.70834115,34.79166945
0.0,98.54167455,34.79166945
0.0,98.95834125,34.79166945
0.0,102.29167485,34.79166945
0.0,102.70834155,34.79166945
0.0,103.95834165,34.79166945
0.0,105.20834175,34.79166945
0.0,106.87500855,34.79166945
0.0,109.79167545,34.79166945
0.0,-6.87500055000001,34.37500275
0.0,-6.45833385,34.37500275
0.0,-5.62500044999999,34.37500275
0.0,-5.20833375000001,34.37500275
0.0,-4.79166705,34.37500275
0.0,-4.37500034999999,34.37500275
0.0,-3.95833364999999,34.37500275
0.0,-3.54166695000001,34.37500275
0.0,-3.12500025,34.37500275
0.0,32.70833595,34.37500275
0.0,33.12500265,34.37500275
0.0,35.20833615,34.37500275
4.0,36.04166955,34.37500275
0.0,36.45833625,34.37500275
0.0,44.37500355,34.37500275
0.0,52.29167085,34.37500275
0.0,52.70833755,34.37500275
0.0,53.95833765,34.37500275
0.0,65.20833855,34.37500275
0.0,65.62500525,34.37500275
0.0,67.29167205,34.37500275
0.0,68.12500545,34.37500275
0.0,74.79167265,34.37500275
0.0,75.20833935,34.37500275
0.0,76.45833945,34.37500275
0.0,76.87500615,34.37500275
0.0,77.29167285,34.37500275
0.0,78.12500625,34.37500275
0.0,78.54167295,34.37500275
0.0,90.62500725,34.37500275
0.0,91.45834065,34.37500275
0.0,91.87500735,34.37500275
0.0,93.95834085,34.37500275
0.0,96.45834105,34.37500275
0.0,97.29167445,34.37500275
0.0,97.70834115,34.37500275
0.0,98.12500785,34.37500275
0.0,98.95834125,34.37500275
0.0,101.04167475,34.37500275
0.0,102.70834155,34.37500275
0.0,103.95834165,34.37500275
0.0,105.20834175,34.37500275
0.0,105.62500845,34.37500275
0.0,106.87500855,34.37500275
0.0,107.29167525,34.37500275
0.0,108.95834205,34.37500275
0.0,109.37500875,34.37500275
38.0,109.79167545,34.37500275
0.0,-108.54167535,33.95833605
0.0,-108.12500865,33.95833605
0.0,-107.70834195,33.95833605
0.0,-96.45834105,33.95833605
0.0,-7.70833395,33.95833605
0.0,-7.29166724999999,33.95833605
0.0,-6.87500055000001,33.95833605
0.0,-6.45833385,33.95833605
0.0,-6.04166714999999,33.95833605
0.0,-5.62500044999999,33.95833605
0.0,-5.20833375000001,33.95833605
0.0,-2.29166684999998,33.95833605
0.0,0.625000050000011,33.95833605
0.0,3.54166695000001,33.95833605
0.0,35.20833615,33.95833605
0.0,35.62500285,33.95833605
0.0,36.04166955,33.95833605
0.0,44.37500355,33.95833605
0.0,52.29167085,33.95833605
0.0,53.12500425,33.95833605
0.0,67.29167205,33.95833605
0.0,76.45833945,33.95833605
0.0,76.87500615,33.95833605
0.0,77.29167285,33.95833605
0.0,77.70833955,33.95833605
0.0,78.12500625,33.95833605
0.0,78.95833965,33.95833605
0.0,91.45834065,33.95833605
0.0,91.87500735,33.95833605
0.0,94.37500755,33.95833605
0.0,94.79167425,33.95833605
0.0,95.20834095,33.95833605
0.0,95.62500765,33.95833605
0.0,97.29167445,33.95833605
0.0,97.70834115,33.95833605
0.0,98.12500785,33.95833605
0.0,98.54167455,33.95833605
0.0,101.45834145,33.95833605
0.0,101.87500815,33.95833605
23.0,103.54167495,33.95833605
0.0,103.95834165,33.95833605
0.0,104.37500835,33.95833605
0.0,105.20834175,33.95833605
0.0,-96.45834105,33.54166935
0.0,-8.12500065,33.54166935
0.0,-7.29166724999999,33.54166935
0.0,-6.87500055000001,33.54166935
0.0,-6.45833385,33.54166935
0.0,-6.04166714999999,33.54166935
0.0,-5.62500044999999,33.54166935
0.0,6.45833385,33.54166935
0.0,10.20833415,33.54166935
0.0,11.04166755,33.54166935
0.0,11.45833425,33.54166935
0.0,11.87500095,33.54166935
0.0,35.20833615,33.54166935
0.0,48.54167055,33.54166935
0.0,67.29167205,33.54166935
0.0,67.70833875,33.54166935
0.0,75.62500605,33.54166935
0.0,76.87500615,33.54166935
0.0,77.29167285,33.54166935
0.0,77.70833955,33.54166935
0.0,78.95833965,33.54166935
0.0,88.95834045,33.54166935
0.0,90.20834055,33.54166935
0.0,91.45834065,33.54166935
0.0,93.95834085,33.54166935
0.0,94.79167425,33.54166935
0.0,95.20834095,33.54166935
0.0,98.95834125,33.54166935
0.0,101.45834145,33.54166935
0.0,101.87500815,33.54166935
0.0,103.54167495,33.54166935
0.0,105.20834175,33.54166935
0.0,-8.95833404999999,33.12500265
0.0,-8.54166735000001,33.12500265
0.0,-8.12500065,33.12500265
0.0,-6.87500055000001,33.12500265
0.0,-6.45833385,33.12500265
0.0,-6.04166714999999,33.12500265
0.0,-5.62500044999999,33.12500265
0.0,6.04166714999999,33.12500265
0.0,9.79166745000001,33.12500265
0.0,11.04166755,33.12500265
0.0,12.70833435,33.12500265
0.0,13.95833445,33.12500265
0.0,21.45833505,33.12500265
0.0,21.87500175,33.12500265
0.0,22.29166845,33.12500265
0.0,35.62500285,33.12500265
0.0,39.37500315,33.12500265
0.0,41.45833665,33.12500265
0.0,48.12500385,33.12500265
0.0,50.20833735,33.12500265
0.0,65.62500525,33.12500265
0.0,70.62500565,33.12500265
0.0,77.29167285,33.12500265
0.0,88.54167375,33.12500265
0.0,89.79167385,33.12500265
0.0,90.20834055,33.12500265
0.0,90.62500725,33.12500265
0.0,91.45834065,33.12500265
0.0,91.87500735,33.12500265
0.0,92.29167405,33.12500265
0.0,92.70834075,33.12500265
0.0,93.95834085,33.12500265
0.0,94.37500755,33.12500265
0.0,94.79167425,33.12500265
0.0,101.04167475,33.12500265
0.0,101.45834145,33.12500265
0.0,102.29167485,33.12500265
0.0,104.37500835,33.12500265
14.0,106.04167515,33.12500265
0.0,-9.37500075,32.70833595
0.0,-8.54166735000001,32.70833595
0.0,-7.70833395,32.70833595
0.0,-7.29166724999999,32.70833595
0.0,-6.87500055000001,32.70833595
0.0,-6.45833385,32.70833595
0.0,-6.04166714999999,32.70833595
0.0,-3.12500025,32.70833595
0.0,9.79166745000001,32.70833595
0.0,10.20833415,32.70833595
0.0,12.70833435,32.70833595
0.0,13.12500105,32.70833595
0.0,20.62500165,32.70833595
0.0,45.20833695,32.70833595
0.0,69.79167225,32.70833595
0.0,75.20833935,32.70833595
0.0,78.95833965,32.70833595
0.0,86.04167355,32.70833595
0.0,88.12500705,32.70833595
0.0,88.54167375,32.70833595
0.0,88.95834045,32.70833595
0.0,89.37500715,32.70833595
0.0,90.62500725,32.70833595
0.0,91.87500735,32.70833595
0.0,92.29167405,32.70833595
0.0,93.12500745,32.70833595
0.0,94.37500755,32.70833595
0.0,94.79167425,32.70833595
0.0,98.95834125,32.70833595
0.0,100.62500805,32.70833595
0.0,101.45834145,32.70833595
0.0,101.87500815,32.70833595
0.0,103.12500825,32.70833595
0.0,103.95834165,32.70833595
14.0,105.62500845,32.70833595
0.0,-9.37500075,32.29166925
0.0,-8.95833404999999,32.29166925
0.0,-6.87500055000001,32.29166925
0.0,-6.45833385,32.29166925
0.0,5.20833375000001,32.29166925
0.0,6.04166714999999,32.29166925
0.0,6.45833385,32.29166925
0.0,11.04166755,32.29166925
0.0,11.45833425,32.29166925
0.0,13.54166775,32.29166925
0.0,20.62500165,32.29166925
0.0,21.87500175,32.29166925
0.0,34.37500275,32.29166925
0.0,36.45833625,32.29166925
0.0,45.62500365,32.29166925
0.0,46.04167035,32.29166925
0.0,68.95833885,32.29166925
0.0,69.37500555,32.29166925
0.0,70.20833895,32.29166925
0.0,76.87500615,32.29166925
0.0,78.95833965,32.29166925
0.0,85.20834015,32.29166925
0.0,87.70834035,32.29166925
0.0,91.45834065,32.29166925
0.0,91.87500735,32.29166925
0.0,92.29167405,32.29166925
0.0,92.70834075,32.29166925
0.0,93.12500745,32.29166925
0.0,99.37500795,32.29166925
0.0,100.62500805,32.29166925
0.0,101.45834145,32.29166925
0.0,101.87500815,32.29166925
0.0,-101.04167475,31.87500255
0.0,-9.79166745000001,31.87500255
0.0,-9.37500075,31.87500255
0.0,-6.45833385,31.87500255
0.0,-1.87500015000001,31.87500255
0.0,6.04166714999999,31.87500255
0.0,6.45833385,31.87500255
0.0,7.29166724999999,31.87500255
0.0,11.04166755,31.87500255
0.0,12.29166765,31.87500255
0.0,13.54166775,31.87500255
0.0,15.62500125,31.87500255
0.0,19.79166825,31.87500255
0.0,20.62500165,31.87500255
0.0,21.87500175,31.87500255
0.0,35.62500285,31.87500255
0.0,36.45833625,31.87500255
0.0,45.20833695,31.87500255
0.0,46.04167035,31.87500255
0.0,47.29167045,31.87500255
0.0,49.37500395,31.87500255
0.0,68.95833885,31.87500255
0.0,70.20833895,31.87500255
0.0,78.95833965,31.87500255
0.0,79.37500635,31.87500255
0.0,85.20834015,31.87500255
0.0,85.62500685,31.87500255
0.0,86.04167355,31.87500255
0.0,86.87500695,31.87500255
0.0,91.45834065,31.87500255
0.0,91.87500735,31.87500255
0.0,100.20834135,31.87500255
0.0,101.04167475,31.87500255
0.0,101.45834145,31.87500255
0.0,102.70834155,31.87500255
0.0,103.12500825,31.87500255
0.0,-9.37500075,31.45833585
0.0,-8.95833404999999,31.45833585
0.0,-6.04166714999999,31.45833585
0.0,-0.625000050000011,31.45833585
0.0,12.70833435,31.45833585
0.0,14.37500115,31.45833585
0.0,16.04166795,31.45833585
0.0,16.87500135,31.45833585
0.0,21.87500175,31.45833585
11.0,34.37500275,31.45833585
0.0,34.79166945,31.45833585
0.0,46.04167035,31.45833585
0.0,48.12500385,31.45833585
0.0,49.37500395,31.45833585
0.0,68.95833885,31.45833585
0.0,79.37500635,31.45833585
0.0,80.62500645,31.45833585
0.0,81.04167315,31.45833585
0.0,84.79167345,31.45833585
0.0,85.62500685,31.45833585
0.0,86.04167355,31.45833585
0.0,86.45834025,31.45833585
0.0,86.87500695,31.45833585
0.0,88.12500705,31.45833585
0.0,88.54167375,31.45833585
0.0,88.95834045,31.45833585
0.0,89.37500715,31.45833585
0.0,89.79167385,31.45833585
0.0,90.20834055,31.45833585
0.0,90.62500725,31.45833585
0.0,91.04167395,31.45833585
0.0,91.45834065,31.45833585
0.0,92.29167405,31.45833585
0.0,98.12500785,31.45833585
0.0,100.20834135,31.45833585
0.0,101.87500815,31.45833585
0.0,103.54167495,31.45833585
0.0,-108.12500865,31.04166915
0.0,-99.79167465,31.04166915
0.0,-9.37500075,31.04166915
0.0,-8.95833404999999,31.04166915
0.0,-8.54166735000001,31.04166915
0.0,-1.45833345,31.04166915
0.0,6.04166714999999,31.04166915
0.0,6.45833385,31.04166915
0.0,10.20833415,31.04166915
0.0,11.04166755,31.04166915
0.0,13.95833445,31.04166915
0.0,16.04166795,31.04166915
0.0,21.87500175,31.04166915
0.0,41.87500335,31.04166915
0.0,68.12500545,31.04166915
0.0,83.12500665,31.04166915
0.0,85.20834015,31.04166915
0.0,87.70834035,31.04166915
0.0,88.12500705,31.04166915
0.0,88.54167375,31.04166915
0.0,88.95834045,31.04166915
0.0,96.87500775,31.04166915
0.0,98.95834125,31.04166915
0.0,99.79167465,31.04166915
0.0,100.20834135,31.04166915
0.0,101.04167475,31.04166915
0.0,101.45834145,31.04166915
0.0,-98.95834125,30.62500245
0.0,-9.37500075,30.62500245
0.0,-8.95833404999999,30.62500245
0.0,-8.54166735000001,30.62500245
0.0,-8.12500065,30.62500245
0.0,13.95833445,30.62500245
0.0,14.79166785,30.62500245
0.0,16.04166795,30.62500245
0.0,21.87500175,30.62500245
0.0,28.54166895,30.62500245
0.0,34.37500275,30.62500245
0.0,37.29166965,30.62500245
0.0,38.12500305,30.62500245
0.0,40.62500325,30.62500245
0.0,41.45833665,30.62500245
0.0,41.87500335,30.62500245
0.0,58.12500465,30.62500245
0.0,58.54167135,30.62500245
0.0,68.12500545,30.62500245
0.0,81.45833985,30.62500245
0.0,82.29167325,30.62500245
0.0,86.04167355,30.62500245
0.0,86.45834025,30.62500245
0.0,88.95834045,30.62500245
0.0,101.45834145,30.62500245
0.0,-8.95833404999999,30.20833575
0.0,-8.54166735000001,30.20833575
0.0,-7.29166724999999,30.20833575
0.0,8.95833404999999,30.20833575
0.0,11.04166755,30.20833575
0.0,14.79166785,30.20833575
0.0,15.20833455,30.20833575
0.0,16.04166795,30.20833575
0.0,19.79166825,30.20833575
0.0,21.04166835,30.20833575
0.0,21.45833505,30.20833575
0.0,22.70833515,30.20833575
0.0,23.95833525,30.20833575
0.0,26.04166875,30.20833575
0.0,27.29166885,30.20833575
0.0,27.70833555,30.20833575
0.0,28.54166895,30.20833575
0.0,28.95833565,30.20833575
0.0,39.37500315,30.20833575
0.0,39.79166985,30.20833575
0.0,41.45833665,30.20833575
0.0,41.87500335,30.20833575
0.0,42.29167005,30.20833575
0.0,50.20833735,30.20833575
0.0,56.45833785,30.20833575
2.0,79.37500635,30.20833575
0.0,82.70833995,30.20833575
0.0,83.54167335,30.20833575
0.0,84.37500675,30.20833575
0.0,84.79167345,30.20833575
0.0,86.45834025,30.20833575
0.0,86.87500695,30.20833575
0.0,97.70834115,30.20833575
0.0,98.12500785,30.20833575
0.0,99.37500795,30.20833575
0.0,99.79167465,30.20833575
0.0,100.20834135,30.20833575
20.0,100.62500805,30.20833575
0.0,102.29167485,30.20833575
0.0,103.12500825,30.20833575
0.0,-7.70833395,29.79166905
0.0,8.12500065,29.79166905
0.0,12.70833435,29.79166905
0.0,14.79166785,29.79166905
0.0,15.20833455,29.79166905
0.0,19.79166825,29.79166905
0.0,21.04166835,29.79166905
0.0,21.45833505,29.79166905
0.0,22.70833515,29.79166905
0.0,23.54166855,29.79166905
0.0,28.54166895,29.79166905
0.0,38.54166975,29.79166905
0.0,38.95833645,29.79166905
0.0,42.70833675,29.79166905
0.0,43.12500345,29.79166905
0.0,43.54167015,29.79166905
0.0,44.37500355,29.79166905
0.0,44.79167025,29.79166905
0.0,45.20833695,29.79166905
0.0,45.62500365,29.79166905
0.0,46.45833705,29.79166905
0.0,49.37500395,29.79166905
0.0,49.79167065,29.79166905
12.0,79.79167305,29.79166905
2.0,80.62500645,29.79166905
0.0,83.54167335,29.79166905
0.0,86.45834025,29.79166905
0.0,86.87500695,29.79166905
0.0,100.62500805,29.79166905
0.0,101.04167475,29.79166905
0.0,103.12500825,29.79166905
0.0,-5.20833375000001,29.37500235
0.0,12.70833435,29.37500235
0.0,14.79166785,29.37500235
0.0,18.95833485,29.37500235
0.0,21.45833505,29.37500235
0.0,22.70833515,29.37500235
0.0,23.54166855,29.37500235
0.0,28.54166895,29.37500235
0.0,37.70833635,29.37500235
0.0,38.12500305,29.37500235
0.0,38.54166975,29.37500235
0.0,38.95833645,29.37500235
0.0,40.62500325,29.37500235
0.0,45.62500365,29.37500235
0.0,46.04167035,29.37500235
0.0,46.45833705,29.37500235
0.0,46.87500375,29.37500235
0.0,47.29167045,29.37500235
0.0,47.70833715,29.37500235
0.0,55.62500445,29.37500235
0.0,86.04167355,29.37500235
0.0,98.95834125,29.37500235
0.0,-115.20834255,28.95833565
0.0,5.62500045000002,28.95833565
0.0,20.20833495,28.95833565
0.0,22.70833515,28.95833565
0.0,23.95833525,28.95833565
0.0,37.29166965,28.95833565
0.0,38.12500305,28.95833565
0.0,38.54166975,28.95833565
0.0,38.95833645,28.95833565
0.0,50.20833735,28.95833565
0.0,53.12500425,28.95833565
0.0,84.79167345,28.95833565
0.0,85.20834015,28.95833565
0.0,86.45834025,28.95833565
0.0,98.12500785,28.95833565
0.0,98.54167455,28.95833565
0.0,98.95834125,28.95833565
0.0,101.87500815,28.95833565
0.0,-7.70833395,28.54166895
0.0,-5.62500044999999,28.54166895
0.0,-0.208333350000004,28.54166895
0.0,11.87500095,28.54166895
0.0,36.87500295,28.54166895
0.0,41.87500335,28.54166895
0.0,43.54167015,28.54166895
0.0,53.54167095,28.54166895
0.0,86.04167355,28.54166895
0.0,86.45834025,28.54166895
0.0,86.87500695,28.54166895
0.0,99.79167465,28.54166895
3.0,101.87500815,28.54166895
0.0,-102.29167485,28.12500225
0.0,-4.79166705,28.12500225
0.0,12.70833435,28.12500225
0.0,14.79166785,28.12500225
0.0,34.37500275,28.12500225
0.0,35.62500285,28.12500225
0.0,48.12500385,28.12500225
0.0,57.70833795,28.12500225
0.0,102.29167485,28.12500225
0.0,103.54167495,28.12500225
0.0,-3.54166695000001,27.70833555
0.0,11.87500095,27.70833555
0.0,56.87500455,27.70833555
0.0,57.29167125,27.70833555
0.0,57.70833795,27.70833555
0.0,59.79167145,27.70833555
22.0,89.79167385,27.70833555
0.0,99.79167465,27.70833555
0.0,101.45834145,27.70833555
0.0,102.70834155,27.70833555
0.0,103.54167495,27.70833555
0.0,-3.95833364999999,27.29166885
0.0,56.04167115,27.29166885
0.0,56.87500455,27.29166885
0.0,57.29167125,27.29166885
0.0,57.70833795,27.29166885
0.0,58.95833805,27.29166885
0.0,99.79167465,27.29166885
0.0,101.45834145,27.29166885
0.0,101.87500815,27.29166885
0.0,-6.45833385,26.87500215
0.0,-1.45833345,26.87500215
0.0,53.54167095,26.87500215
0.0,53.95833765,26.87500215
0.0,56.04167115,26.87500215
0.0,56.45833785,26.87500215
0.0,57.29167125,26.87500215
0.0,57.70833795,26.87500215
0.0,-105.62500845,26.45833545
0.0,53.95833765,26.45833545
0.0,55.20833775,26.45833545
0.0,57.29167125,26.45833545
0.0,57.70833795,26.45833545
0.0,58.54167135,26.45833545
0.0,59.37500475,26.45833545
0.0,59.79167145,26.45833545
0.0,60.62500485,26.45833545
0.0,101.45834145,26.45833545
0.0,102.70834155,26.45833545
0.0,50.20833735,26.04166875
0.0,51.45833745,26.04166875
0.0,54.79167105,26.04166875
0.0,55.20833775,26.04166875
0.0,56.87500455,26.04166875
0.0,57.29167125,26.04166875
0.0,57.70833795,26.04166875
0.0,58.12500465,26.04166875
0.0,58.54167135,26.04166875
0.0,59.79167145,26.04166875
0.0,60.62500485,26.04166875
0.0,61.45833825,26.04166875
0.0,61.87500495,26.04166875
0.0,62.29167165,26.04166875
0.0,62.70833835,26.04166875
0.0,51.45833745,25.62500205
0.0,55.20833775,25.62500205
0.0,57.29167125,25.62500205
0.0,57.70833795,25.62500205
0.0,58.12500465,25.62500205
0.0,58.54167135,25.62500205
0.0,58.95833805,25.62500205
0.0,59.37500475,25.62500205
0.0,59.79167145,25.62500205
0.0,60.62500485,25.62500205
0.0,61.04167155,25.62500205
0.0,61.45833825,25.62500205
0.0,61.87500495,25.62500205
0.0,62.29167165,25.62500205
0.0,62.70833835,25.62500205
0.0,63.12500505,25.62500205
0.0,98.54167455,25.62500205
0.0,103.54167495,25.62500205
0.0,-8.12500065,25.20833535
0.0,51.04167075,25.20833535
0.0,54.37500435,25.20833535
0.0,59.79167145,25.20833535
0.0,60.20833815,25.20833535
0.0,61.04167155,25.20833535
0.0,61.45833825,25.20833535
0.0,62.29167165,25.20833535
0.0,62.70833835,25.20833535
0.0,49.79167065,24.79166865
0.0,54.37500435,24.79166865
0.0,55.20833775,24.79166865
0.0,-6.04166714999999,24.37500195
0.0,-100.20834135,23.95833525
0.0,49.37500395,23.95833525
0.0,50.20833735,23.95833525
0.0,-6.87500055000001,23.54166855
0.0,58.54167135,23.54166855
0.0,58.95833805,23.54166855
0.0,48.54167055,23.12500185
0.0,-101.04167475,22.70833515
0.0,-7.29166724999999,22.70833515
0.0,-6.87500055000001,22.70833515
0.0,3.12500025,22.70833515
0.0,59.79167145,22.29166845
0.0,-5.20833375000001,21.87500175
0.0,-0.208333350000004,21.45833505
0.0,59.37500475,21.45833505
0.0,-13.12500105,21.04166835
0.0,-98.95834125,19.79166825
0.0,-98.54167455,19.79166825
0.0,-98.12500785,19.79166825
0.0,9.37500075,19.79166825
0.0,-0.208333350000004,16.87500135
0.0,0.208333350000004,16.87500135
0.0,0.625000050000011,16.87500135
0.0,-79.37500635,-6.04166715000001
0.0,-78.95833965,-6.04166715000001
16.0,-78.54167295,-6.04166715000001
0.0,-77.29167285,-6.04166715000001
0.0,-77.70833955,-6.87500055000001
0.0,-77.70833955,-7.70833395000001
0.0,-77.29167285,-7.70833395000001
0.0,-75.62500605,-10.62500085
0.0,-71.87500575,-13.12500105
0.0,-75.62500605,-13.54166775
0.0,-75.20833935,-13.54166775
0.0,-74.37500595,-13.54166775
0.0,-73.54167255,-13.54166775
0.0,-71.87500575,-13.54166775
0.0,-71.45833905,-13.54166775
0.0,-74.37500595,-13.95833445
0.0,-73.54167255,-13.95833445
0.0,-73.12500585,-13.95833445
0.0,-72.70833915,-13.95833445
0.0,-71.87500575,-13.95833445
0.0,-71.45833905,-13.95833445
0.0,-71.04167235,-13.95833445
0.0,-70.62500565,-13.95833445
0.0,-70.20833895,-13.95833445
0.0,-73.95833925,-14.37500115
0.0,-73.54167255,-14.37500115
0.0,-73.12500585,-14.37500115
0.0,-71.87500575,-14.37500115
0.0,-71.45833905,-14.37500115
0.0,-71.04167235,-14.37500115
0.0,-70.62500565,-14.37500115
0.0,-70.20833895,-14.37500115
0.0,-73.54167255,-14.79166785
0.0,-73.12500585,-14.79166785
0.0,-71.87500575,-14.79166785
0.0,-71.45833905,-14.79166785
0.0,-71.04167235,-14.79166785
0.0,-70.20833895,-14.79166785
0.0,-68.95833885,-14.79166785
0.0,-72.29167245,-15.20833455
0.0,-71.45833905,-15.20833455
0.0,-71.04167235,-15.20833455
0.0,-70.20833895,-15.20833455
0.0,-69.79167225,-15.20833455
0.0,-69.37500555,-15.20833455
0.0,-68.95833885,-15.20833455
0.0,-71.45833905,-15.62500125
0.0,-70.62500565,-15.62500125
0.0,-70.20833895,-15.62500125
0.0,-69.79167225,-15.62500125
0.0,-68.95833885,-15.62500125
0.0,-70.62500565,-16.04166795
0.0,-70.20833895,-16.04166795
0.0,-69.79167225,-16.04166795
0.0,-68.95833885,-16.04166795
0.0,-68.54167215,-16.04166795
0.0,-68.54167215,-16.45833465
0.0,-68.12500545,-16.45833465
0.0,-70.20833895,-16.87500135
0.0,-68.95833885,-16.87500135
0.0,-68.12500545,-16.87500135
0.0,-67.70833875,-16.87500135
0.0,-66.45833865,-16.87500135
0.0,-68.95833885,-17.29166805
0.0,-68.54167215,-17.29166805
0.0,-68.12500545,-17.29166805
0.0,-67.70833875,-17.29166805
0.0,-67.29167205,-17.29166805
0.0,-66.87500535,-17.29166805
0.0,-66.45833865,-17.29166805
0.0,-66.04167195,-17.29166805
0.0,-68.95833885,-17.70833475
0.0,-68.12500545,-17.70833475
0.0,-67.70833875,-17.70833475
0.0,-66.87500535,-17.70833475
0.0,-66.45833865,-17.70833475
0.0,-66.04167195,-17.70833475
0.0,-65.62500525,-17.70833475
0.0,-68.54167215,-18.12500145
0.0,-67.70833875,-18.12500145
0.0,-67.29167205,-18.12500145
0.0,-66.45833865,-18.12500145
12.0,-65.62500525,-18.12500145
0.0,-68.95833885,-18.54166815
0.0,-68.54167215,-18.54166815
0.0,-68.12500545,-18.54166815
0.0,-67.70833875,-18.54166815
0.0,-66.87500535,-18.54166815
0.0,-66.45833865,-18.54166815
0.0,-66.04167195,-18.54166815
0.0,-65.62500525,-18.54166815
0.0,-68.54167215,-18.95833485
0.0,-68.12500545,-18.95833485
0.0,-67.70833875,-18.95833485
0.0,-67.29167205,-18.95833485
0.0,-66.87500535,-18.95833485
0.0,-66.45833865,-18.95833485
0.0,-66.04167195,-18.95833485
0.0,-68.54167215,-19.37500155
0.0,-68.12500545,-19.37500155
0.0,-67.70833875,-19.37500155
0.0,-67.29167205,-19.37500155
0.0,-66.87500535,-19.37500155
0.0,-66.45833865,-19.37500155
0.0,-66.04167195,-19.37500155
0.0,-65.20833855,-19.37500155
0.0,-64.79167185,-19.37500155
0.0,-68.54167215,-19.79166825
0.0,-68.12500545,-19.79166825
0.0,-67.70833875,-19.79166825
0.0,-67.29167205,-19.79166825
0.0,-66.87500535,-19.79166825
0.0,-66.45833865,-19.79166825
0.0,-66.04167195,-19.79166825
0.0,-64.79167185,-19.79166825
0.0,-68.54167215,-20.20833495
0.0,-68.12500545,-20.20833495
0.0,-67.70833875,-20.20833495
0.0,-66.87500535,-20.20833495
0.0,-64.79167185,-20.20833495
0.0,-68.54167215,-20.62500165
0.0,-68.12500545,-20.62500165
0.0,-67.70833875,-20.62500165
0.0,-67.29167205,-20.62500165
0.0,-66.87500535,-20.62500165
0.0,-66.45833865,-20.62500165
0.0,-65.62500525,-20.62500165
0.0,-64.79167185,-20.62500165
0.0,-68.12500545,-21.04166835
0.0,-67.70833875,-21.04166835
0.0,-67.29167205,-21.04166835
0.0,-66.87500535,-21.04166835
0.0,-66.45833865,-21.04166835
0.0,-68.12500545,-21.45833505
0.0,-67.70833875,-21.45833505
0.0,-67.29167205,-21.45833505
0.0,-67.70833875,-21.87500175
0.0,-67.70833875,-22.29166845
0.0,-66.87500535,-23.12500185
0.0,-66.45833865,-23.12500185
0.0,-65.62500525,-23.54166855
0.0,-67.29167205,-23.95833525
0.0,-65.62500525,-23.95833525
0.0,-65.62500525,-24.37500195
0.0,-66.45833865,-24.79166865
0.0,-66.04167195,-24.79166865
0.0,-66.45833865,-25.20833535
0.0,-66.45833865,-25.62500205
0.0,-67.29167205,-26.04166875
0.0,-67.29167205,-26.45833545
0.0,-66.04167195,-26.45833545
28.0,-65.62500525,-26.45833545
0.0,-66.87500535,-26.87500215
0.0,-66.45833865,-26.87500215
0.0,-66.04167195,-26.87500215
0.0,-68.54167215,-27.70833555
0.0,-70.62500565,-28.12500225
0.0,-71.45833905,-29.37500235
0.0,-71.87500575,-30.20833575
0.0,-71.87500575,-30.62500245
0.0,-71.87500575,-31.04166915
0.0,-71.87500575,-31.45833585
0.0,-71.87500575,-31.87500255
0.0,-71.87500575,-32.29166925
0.0,-71.87500575,-32.70833595
0.0,-68.54167215,-32.70833595
0.0,-71.87500575,-33.12500265
0.0,-71.87500575,-33.54166935
0.0,-72.29167245,-33.95833605
0.0,-71.45833905,-33.95833605
0.0,-72.29167245,-34.37500275
0.0,-70.20833895,-34.37500275
0.0,-72.29167245,-34.79166945
5.0,-71.87500575,-34.79166945
0.0,-72.70833915,-35.20833615
0.0,-72.29167245,-35.20833615
0.0,-72.70833915,-35.62500285
0.0,-73.12500585,-36.04166955
0.0,-70.20833895,-36.04166955
0.0,-69.79167225,-36.04166955
0.0,-73.54167255,-36.87500295
1.0,-73.54167255,-37.29166965
0.0,-73.12500585,-37.29166965
13.0,-73.54167255,-37.70833635
6.0,-71.87500575,-38.12500305
0.0,-73.54167255,-38.54166975
0.0,-73.54167255,-38.95833645
0.0,-73.54167255,-39.37500315
0.0,-71.87500575,-39.37500315
0.0,-71.45833905,-39.37500315
0.0,-73.54167255,-39.79166985
9.0,-73.12500585,-39.79166985
0.0,-71.87500575,-39.79166985
0.0,-73.54167255,-40.20833655
2.0,-72.70833915,-40.20833655
0.0,-72.29167245,-40.20833655
0.0,-71.87500575,-40.20833655
0.0,-73.54167255,-40.62500325
0.0,-71.87500575,-40.62500325
6.0,-71.45833905,-40.62500325
6.0,-71.45833905,-41.45833665
0.0,-70.20833895,-41.45833665
0.0,-71.87500575,-41.87500335
14.0,-71.45833905,-42.70833675
0.0,-70.62500565,-42.70833675
0.0,-70.20833895,-42.70833675
0.0,-71.45833905,-46.04167035
