LandCover_6_Herbaceous,x,y
0.0,-148.54167855,64.79167185
0.0,-148.12501185,64.79167185
0.0,-146.87501175,64.79167185
0.0,-153.12501225,64.37500515
0.0,-153.12501225,63.95833845
0.0,121.45834305,63.95833845
0.0,125.20834335,63.95833845
0.0,127.29167685,63.95833845
0.0,-153.54167895,63.54167175
0.0,-137.29167765,63.54167175
12.0,-134.79167745,63.54167175
0.0,-134.37501075,63.54167175
0.0,-133.95834405,63.54167175
11.0,-133.54167735,63.54167175
0.0,119.37500955,63.54167175
0.0,119.79167625,63.54167175
29.0,-137.29167765,63.12500505
0.0,-133.95834405,63.12500505
25.0,-132.70834395,63.12500505
0.0,93.95834085,63.12500505
0.0,94.37500755,63.12500505
0.0,95.62500765,63.12500505
0.0,96.04167435,63.12500505
0.0,117.70834275,63.12500505
9.0,118.12500945,63.12500505
0.0,119.37500955,63.12500505
0.0,119.79167625,63.12500505
0.0,120.62500965,63.12500505
0.0,130.62501045,63.12500505
0.0,-150.20834535,62.70833835
29.0,-148.12501185,62.70833835
20.0,-138.54167775,62.70833835
0.0,86.04167355,62.70833835
0.0,86.45834025,62.70833835
0.0,95.62500765,62.70833835
0.0,96.04167435,62.70833835
0.0,118.12500945,62.70833835
0.0,118.54167615,62.70833835
0.0,119.37500955,62.70833835
0.0,121.87500975,62.70833835
0.0,129.37501035,62.70833835
0.0,130.62501045,62.70833835
0.0,-150.20834535,62.29167165
39.0,-134.79167745,62.29167165
0.0,-133.54167735,62.29167165
0.0,-115.20834255,62.29167165
0.0,17.70833475,62.29167165
22.0,85.62500685,62.29167165
0.0,93.12500745,62.29167165
0.0,93.54167415,62.29167165
0.0,93.95834085,62.29167165
0.0,94.37500755,62.29167165
0.0,96.04167435,62.29167165
0.0,96.87500775,62.29167165
0.0,113.95834245,62.29167165
0.0,114.37500915,62.29167165
0.0,114.79167585,62.29167165
0.0,117.70834275,62.29167165
0.0,118.12500945,62.29167165
0.0,118.54167615,62.29167165
0.0,119.79167625,62.29167165
0.0,126.04167675,62.29167165
0.0,126.45834345,62.29167165
0.0,126.87501015,62.29167165
0.0,128.54167695,62.29167165
0.0,129.37501035,62.29167165
0.0,129.79167705,62.29167165
0.0,130.62501045,62.29167165
0.0,131.04167715,62.29167165
0.0,-151.04167875,61.87500495
0.0,-135.62501085,61.87500495
0.0,-135.20834415,61.87500495
0.0,-134.37501075,61.87500495
11.0,-133.95834405,61.87500495
10.0,-112.70834235,61.87500495
0.0,84.79167345,61.87500495
0.0,93.12500745,61.87500495
0.0,93.54167415,61.87500495
0.0,93.95834085,61.87500495
0.0,94.37500755,61.87500495
0.0,96.04167435,61.87500495
0.0,96.87500775,61.87500495
0.0,113.12500905,61.87500495
0.0,113.54167575,61.87500495
0.0,113.95834245,61.87500495
0.0,117.70834275,61.87500495
0.0,119.79167625,61.87500495
0.0,120.62500965,61.87500495
0.0,121.87500975,61.87500495
7.0,125.62501005,61.87500495
0.0,126.87501015,61.87500495
0.0,129.37501035,61.87500495
0.0,-151.45834545,61.45833825
0.0,-151.04167875,61.45833825
0.0,-150.62501205,61.45833825
0.0,-150.20834535,61.45833825
0.0,-134.37501075,61.45833825
0.0,-133.12501065,61.45833825
0.0,87.29167365,61.45833825
0.0,95.62500765,61.45833825
0.0,96.04167435,61.45833825
0.0,113.54167575,61.45833825
0.0,113.95834245,61.45833825
0.0,121.04167635,61.45833825
0.0,126.04167675,61.45833825
28.0,126.45834345,61.45833825
0.0,130.20834375,61.45833825
0.0,-151.87501215,61.04167155
0.0,-151.45834545,61.04167155
0.0,-151.04167875,61.04167155
0.0,-136.45834425,61.04167155
0.0,-135.62501085,61.04167155
0.0,-134.79167745,61.04167155
0.0,-134.37501075,61.04167155
0.0,83.95834005,61.04167155
0.0,84.37500675,61.04167155
0.0,84.79167345,61.04167155
0.0,86.87500695,61.04167155
0.0,91.45834065,61.04167155
0.0,91.87500735,61.04167155
0.0,93.54167415,61.04167155
0.0,93.95834085,61.04167155
0.0,94.37500755,61.04167155
0.0,113.54167575,61.04167155
0.0,113.95834245,61.04167155
0.0,116.45834265,61.04167155
0.0,116.87500935,61.04167155
0.0,117.29167605,61.04167155
0.0,118.12500945,61.04167155
0.0,118.54167615,61.04167155
0.0,118.95834285,61.04167155
0.0,119.37500955,61.04167155
0.0,119.79167625,61.04167155
0.0,120.20834295,61.04167155
0.0,120.62500965,61.04167155
0.0,-166.87501335,60.62500485
0.0,-151.87501215,60.62500485
0.0,-151.45834545,60.62500485
0.0,-133.95834405,60.62500485
0.0,-133.12501065,60.62500485
0.0,-130.62501045,60.62500485
0.0,83.12500665,60.62500485
0.0,83.95834005,60.62500485
0.0,84.37500675,60.62500485
0.0,91.04167395,60.62500485
0.0,91.87500735,60.62500485
0.0,93.12500745,60.62500485
0.0,93.95834085,60.62500485
0.0,113.54167575,60.62500485
0.0,113.95834245,60.62500485
0.0,116.04167595,60.62500485
0.0,118.54167615,60.62500485
0.0,119.37500955,60.62500485
0.0,120.20834295,60.62500485
26.0,170.62501365,60.62500485
0.0,-132.70834395,60.20833815
0.0,-118.54167615,60.20833815
0.0,-118.12500945,60.20833815
0.0,-117.70834275,60.20833815
0.0,-116.87500935,60.20833815
13.0,-116.04167595,60.20833815
0.0,-114.37500915,60.20833815
0.0,81.87500655,60.20833815
0.0,91.04167395,60.20833815
0.0,91.45834065,60.20833815
0.0,91.87500735,60.20833815
0.0,95.62500765,60.20833815
0.0,96.04167435,60.20833815
0.0,111.87500895,60.20833815
0.0,112.29167565,60.20833815
0.0,121.04167635,60.20833815
0.0,130.20834375,60.20833815
0.0,130.62501045,60.20833815
0.0,-127.70834355,59.79167145
0.0,-125.20834335,59.79167145
0.0,-118.12500945,59.79167145
0.0,-117.70834275,59.79167145
0.0,-115.20834255,59.79167145
8.0,-111.87500895,59.79167145
0.0,91.04167395,59.79167145
0.0,91.45834065,59.79167145
0.0,91.87500735,59.79167145
0.0,92.29167405,59.79167145
0.0,92.70834075,59.79167145
0.0,93.12500745,59.79167145
0.0,93.54167415,59.79167145
0.0,93.95834085,59.79167145
0.0,94.37500755,59.79167145
0.0,94.79167425,59.79167145
0.0,95.20834095,59.79167145
0.0,95.62500765,59.79167145
0.0,101.04167475,59.79167145
0.0,111.45834225,59.79167145
0.0,112.29167565,59.79167145
0.0,112.70834235,59.79167145
0.0,113.12500905,59.79167145
0.0,115.20834255,59.79167145
0.0,118.95834285,59.79167145
0.0,130.20834375,59.79167145
37.0,-161.04167955,59.37500475
0.0,-131.45834385,59.37500475
0.0,-119.79167625,59.37500475
0.0,-117.70834275,59.37500475
0.0,-116.45834265,59.37500475
0.0,-115.62500925,59.37500475
0.0,-115.20834255,59.37500475
8.0,-114.79167585,59.37500475
0.0,-114.37500915,59.37500475
0.0,-113.95834245,59.37500475
0.0,70.20833895,59.37500475
0.0,70.62500565,59.37500475
0.0,71.87500575,59.37500475
0.0,78.12500625,59.37500475
0.0,79.37500635,59.37500475
0.0,81.87500655,59.37500475
0.0,83.12500665,59.37500475
0.0,85.62500685,59.37500475
0.0,90.62500725,59.37500475
0.0,91.04167395,59.37500475
0.0,91.87500735,59.37500475
0.0,92.29167405,59.37500475
0.0,92.70834075,59.37500475
0.0,93.12500745,59.37500475
0.0,93.54167415,59.37500475
0.0,93.95834085,59.37500475
0.0,94.37500755,59.37500475
0.0,94.79167425,59.37500475
0.0,95.20834095,59.37500475
0.0,95.62500765,59.37500475
0.0,96.04167435,59.37500475
0.0,99.79167465,59.37500475
0.0,100.20834135,59.37500475
0.0,101.87500815,59.37500475
0.0,111.04167555,59.37500475
0.0,113.12500905,59.37500475
0.0,113.54167575,59.37500475
0.0,117.29167605,59.37500475
0.0,117.70834275,59.37500475
0.0,118.12500945,59.37500475
0.0,119.37500955,59.37500475
0.0,132.29167725,59.37500475
26.0,-136.45834425,58.95833805
0.0,-116.87500935,58.95833805
0.0,-116.45834265,58.95833805
0.0,-115.20834255,58.95833805
0.0,-113.95834245,58.95833805
0.0,78.12500625,58.95833805
0.0,79.37500635,58.95833805
0.0,81.87500655,58.95833805
0.0,85.62500685,58.95833805
0.0,89.79167385,58.95833805
0.0,90.62500725,58.95833805
0.0,91.04167395,58.95833805
0.0,91.87500735,58.95833805
0.0,93.12500745,58.95833805
0.0,93.95834085,58.95833805
0.0,95.20834095,58.95833805
0.0,111.87500895,58.95833805
0.0,112.70834235,58.95833805
0.0,115.20834255,58.95833805
0.0,-131.04167715,58.54167135
0.0,-123.12500985,58.54167135
0.0,-119.37500955,58.54167135
25.0,-116.04167595,58.54167135
0.0,-114.79167585,58.54167135
0.0,79.37500635,58.54167135
0.0,80.20833975,58.54167135
0.0,81.04167315,58.54167135
28.0,82.29167325,58.54167135
0.0,82.70833995,58.54167135
0.0,85.62500685,58.54167135
0.0,87.29167365,58.54167135
0.0,88.95834045,58.54167135
0.0,89.37500715,58.54167135
0.0,89.79167385,58.54167135
0.0,90.62500725,58.54167135
0.0,91.04167395,58.54167135
0.0,91.45834065,58.54167135
0.0,92.29167405,58.54167135
0.0,92.70834075,58.54167135
0.0,93.12500745,58.54167135
0.0,94.37500755,58.54167135
0.0,98.12500785,58.54167135
0.0,101.87500815,58.54167135
0.0,102.29167485,58.54167135
0.0,111.87500895,58.54167135
0.0,112.29167565,58.54167135
0.0,116.04167595,58.54167135
0.0,116.45834265,58.54167135
6.0,-124.37500995,58.12500465
0.0,-122.29167645,58.12500465
0.0,-120.20834295,58.12500465
0.0,53.54167095,58.12500465
0.0,72.29167245,58.12500465
0.0,73.95833925,58.12500465
0.0,85.62500685,58.12500465
0.0,87.29167365,58.12500465
0.0,88.54167375,58.12500465
0.0,88.95834045,58.12500465
0.0,89.37500715,58.12500465
0.0,89.79167385,58.12500465
0.0,90.20834055,58.12500465
0.0,90.62500725,58.12500465
0.0,91.04167395,58.12500465
0.0,91.45834065,58.12500465
0.0,91.87500735,58.12500465
0.0,92.29167405,58.12500465
0.0,92.70834075,58.12500465
0.0,102.70834155,58.12500465
0.0,104.37500835,58.12500465
0.0,104.79167505,58.12500465
0.0,108.95834205,58.12500465
0.0,112.29167565,58.12500465
0.0,117.29167605,58.12500465
0.0,-116.87500935,57.70833795
0.0,84.37500675,57.70833795
0.0,84.79167345,57.70833795
0.0,85.62500685,57.70833795
0.0,88.12500705,57.70833795
0.0,88.95834045,57.70833795
0.0,89.79167385,57.70833795
0.0,90.62500725,57.70833795
0.0,91.04167395,57.70833795
0.0,91.45834065,57.70833795
0.0,91.87500735,57.70833795
13.0,92.29167405,57.70833795
0.0,92.70834075,57.70833795
0.0,93.54167415,57.70833795
0.0,96.87500775,57.70833795
0.0,97.29167445,57.70833795
0.0,102.70834155,57.70833795
0.0,105.20834175,57.70833795
0.0,115.20834255,57.70833795
0.0,-158.54167935,57.29167125
0.0,-123.12500985,57.29167125
0.0,-122.70834315,57.29167125
0.0,-119.79167625,57.29167125
0.0,-119.37500955,57.29167125
0.0,-118.95834285,57.29167125
0.0,-116.87500935,57.29167125
8.0,52.70833755,57.29167125
0.0,53.95833765,57.29167125
0.0,91.87500735,57.29167125
0.0,92.29167405,57.29167125
0.0,92.70834075,57.29167125
0.0,96.45834105,57.29167125
0.0,97.29167445,57.29167125
0.0,102.70834155,57.29167125
0.0,103.95834165,57.29167125
0.0,104.79167505,57.29167125
0.0,106.04167515,57.29167125
18.0,109.37500875,57.29167125
16.0,116.04167595,57.29167125
0.0,-126.87501015,56.87500455
0.0,-120.20834295,56.87500455
0.0,-116.87500935,56.87500455
0.0,48.12500385,56.87500455
0.0,49.37500395,56.87500455
0.0,51.45833745,56.87500455
0.0,51.87500415,56.87500455
0.0,53.12500425,56.87500455
0.0,54.37500435,56.87500455
0.0,55.62500445,56.87500455
5.0,56.87500455,56.87500455
0.0,58.12500465,56.87500455
0.0,59.37500475,56.87500455
0.0,93.12500745,56.87500455
0.0,93.54167415,56.87500455
0.0,94.79167425,56.87500455
0.0,95.20834095,56.87500455
0.0,97.29167445,56.87500455
0.0,103.95834165,56.87500455
0.0,104.37500835,56.87500455
36.0,-126.04167675,56.45833785
40.0,-125.62501005,56.45833785
0.0,-123.54167655,56.45833785
0.0,-121.45834305,56.45833785
0.0,-120.62500965,56.45833785
0.0,-120.20834295,56.45833785
0.0,-119.79167625,56.45833785
39.0,-117.29167605,56.45833785
15.0,-116.87500935,56.45833785
0.0,96.04167435,56.45833785
18.0,96.45834105,56.45833785
0.0,104.37500835,56.45833785
0.0,111.04167555,56.45833785
29.0,113.12500905,56.45833785
0.0,113.54167575,56.45833785
0.0,-119.79167625,56.04167115
0.0,-118.95834285,56.04167115
0.0,-118.12500945,56.04167115
0.0,-117.70834275,56.04167115
0.0,-116.87500935,56.04167115
0.0,-116.45834265,56.04167115
0.0,93.95834085,56.04167115
3.0,115.20834255,56.04167115
0.0,-126.04167675,55.62500445
0.0,-125.62501005,55.62500445
0.0,-125.20834335,55.62500445
0.0,-124.79167665,55.62500445
0.0,-124.37500995,55.62500445
0.0,-123.54167655,55.62500445
20.0,-123.12500985,55.62500445
0.0,-122.29167645,55.62500445
0.0,-119.79167625,55.62500445
0.0,-118.54167615,55.62500445
0.0,-117.70834275,55.62500445
0.0,-116.87500935,55.62500445
0.0,50.62500405,55.62500445
0.0,51.45833745,55.62500445
0.0,55.62500445,55.62500445
0.0,56.04167115,55.62500445
0.0,56.45833785,55.62500445
0.0,56.87500455,55.62500445
0.0,57.29167125,55.62500445
0.0,87.29167365,55.62500445
0.0,93.12500745,55.62500445
0.0,93.54167415,55.62500445
0.0,-125.20834335,55.20833775
0.0,-124.79167665,55.20833775
0.0,-118.54167615,55.20833775
0.0,51.87500415,55.20833775
0.0,52.29167085,55.20833775
0.0,53.54167095,55.20833775
0.0,53.95833765,55.20833775
0.0,54.37500435,55.20833775
0.0,54.79167105,55.20833775
0.0,56.04167115,55.20833775
0.0,56.45833785,55.20833775
0.0,57.29167125,55.20833775
0.0,57.70833795,55.20833775
0.0,90.20834055,55.20833775
0.0,91.45834065,55.20833775
0.0,92.29167405,55.20833775
0.0,-119.37500955,54.79167105
0.0,-117.70834275,54.79167105
0.0,-117.29167605,54.79167105
0.0,-116.87500935,54.79167105
0.0,-116.45834265,54.79167105
0.0,-115.62500925,54.79167105
0.0,42.29167005,54.79167105
0.0,42.70833675,54.79167105
0.0,53.12500425,54.79167105
0.0,53.54167095,54.79167105
0.0,53.95833765,54.79167105
0.0,54.37500435,54.79167105
0.0,54.79167105,54.79167105
0.0,55.20833775,54.79167105
0.0,55.62500445,54.79167105
0.0,56.04167115,54.79167105
0.0,56.45833785,54.79167105
0.0,56.87500455,54.79167105
0.0,57.29167125,54.79167105
0.0,61.45833825,54.79167105
0.0,65.20833855,54.79167105
13.0,81.04167315,54.79167105
0.0,91.87500735,54.79167105
0.0,92.29167405,54.79167105
0.0,93.12500745,54.79167105
0.0,93.54167415,54.79167105
0.0,93.95834085,54.79167105
0.0,-125.62501005,54.37500435
0.0,-125.20834335,54.37500435
0.0,-118.54167615,54.37500435
0.0,-117.70834275,54.37500435
0.0,-117.29167605,54.37500435
0.0,46.04167035,54.37500435
0.0,51.04167075,54.37500435
0.0,51.45833745,54.37500435
0.0,51.87500415,54.37500435
0.0,52.29167085,54.37500435
0.0,53.54167095,54.37500435
0.0,55.20833775,54.37500435
0.0,56.45833785,54.37500435
0.0,57.70833795,54.37500435
0.0,65.20833855,54.37500435
0.0,81.04167315,54.37500435
0.0,91.45834065,54.37500435
6.0,92.29167405,54.37500435
0.0,94.37500755,54.37500435
0.0,108.12500865,54.37500435
0.0,-125.20834335,53.95833765
0.0,-120.20834295,53.95833765
0.0,-116.45834265,53.95833765
8.0,-112.29167565,53.95833765
0.0,43.95833685,53.95833765
0.0,51.45833745,53.95833765
0.0,51.87500415,53.95833765
0.0,52.29167085,53.95833765
0.0,52.70833755,53.95833765
0.0,53.12500425,53.95833765
0.0,53.54167095,53.95833765
0.0,53.95833765,53.95833765
0.0,54.37500435,53.95833765
0.0,55.20833775,53.95833765
0.0,55.62500445,53.95833765
0.0,56.45833785,53.95833765
0.0,56.87500455,53.95833765
0.0,57.70833795,53.95833765
0.0,61.45833825,53.95833765
11.0,63.12500505,53.95833765
0.0,63.54167175,53.95833765
0.0,64.79167185,53.95833765
0.0,65.20833855,53.95833765
0.0,66.45833865,53.95833765
0.0,80.20833975,53.95833765
0.0,87.70834035,53.95833765
0.0,89.79167385,53.95833765
0.0,92.29167405,53.95833765
0.0,92.70834075,53.95833765
0.0,93.12500745,53.95833765
0.0,115.20834255,53.95833765
15.0,-124.37500995,53.54167095
0.0,-123.54167655,53.54167095
0.0,-120.20834295,53.54167095
0.0,-117.70834275,53.54167095
0.0,-116.45834265,53.54167095
0.0,-114.79167585,53.54167095
0.0,-106.87500855,53.54167095
5.0,-106.45834185,53.54167095
0.0,58.95833805,53.54167095
0.0,60.20833815,53.54167095
0.0,60.62500485,53.54167095
0.0,61.45833825,53.54167095
0.0,63.54167175,53.54167095
31.0,64.79167185,53.54167095
23.0,76.87500615,53.54167095
5.0,77.70833955,53.54167095
0.0,80.20833975,53.54167095
0.0,87.70834035,53.54167095
0.0,88.54167375,53.54167095
0.0,88.95834045,53.54167095
0.0,89.37500715,53.54167095
0.0,89.79167385,53.54167095
15.0,90.20834055,53.54167095
0.0,91.87500735,53.54167095
0.0,92.70834075,53.54167095
0.0,93.12500745,53.54167095
0.0,93.54167415,53.54167095
0.0,93.95834085,53.54167095
0.0,94.37500755,53.54167095
71.0,94.79167425,53.54167095
0.0,95.20834095,53.54167095
14.0,95.62500765,53.54167095
17.0,96.87500775,53.54167095
1.0,98.54167455,53.54167095
17.0,98.95834125,53.54167095
0.0,119.79167625,53.54167095
0.0,-124.37500995,53.12500425
0.0,-123.54167655,53.12500425
0.0,-122.70834315,53.12500425
16.0,-121.45834305,53.12500425
31.0,-121.04167635,53.12500425
7.0,-120.62500965,53.12500425
15.0,-118.54167615,53.12500425
0.0,-117.29167605,53.12500425
0.0,-116.87500935,53.12500425
16.0,-115.62500925,53.12500425
4.0,-114.79167585,53.12500425
3.0,-113.95834245,53.12500425
3.0,-113.12500905,53.12500425
0.0,-112.70834235,53.12500425
4.0,-111.87500895,53.12500425
23.0,-111.45834225,53.12500425
0.0,-106.87500855,53.12500425
0.0,47.70833715,53.12500425
0.0,48.12500385,53.12500425
0.0,51.45833745,53.12500425
11.0,61.04167155,53.12500425
0.0,61.45833825,53.12500425
50.0,72.70833915,53.12500425
31.0,73.12500585,53.12500425
29.0,75.20833935,53.12500425
29.0,75.62500605,53.12500425
0.0,77.29167285,53.12500425
0.0,87.70834035,53.12500425
0.0,88.54167375,53.12500425
0.0,88.95834045,53.12500425
0.0,92.70834075,53.12500425
0.0,94.79167425,53.12500425
0.0,95.20834095,53.12500425
0.0,95.62500765,53.12500425
0.0,98.54167455,53.12500425
0.0,102.29167485,53.12500425
0.0,106.04167515,53.12500425
0.0,122.29167645,53.12500425
16.0,-124.79167665,52.70833755
0.0,-122.70834315,52.70833755
0.0,-121.04167635,52.70833755
0.0,-120.20834295,52.70833755
0.0,-119.37500955,52.70833755
0.0,-117.70834275,52.70833755
0.0,-116.87500935,52.70833755
44.0,-111.04167555,52.70833755
0.0,-99.37500795,52.70833755
0.0,47.29167045,52.70833755
0.0,48.12500385,52.70833755
52.0,61.45833825,52.70833755
0.0,67.29167205,52.70833755
29.0,72.29167245,52.70833755
30.0,72.70833915,52.70833755
31.0,76.45833945,52.70833755
29.0,77.29167285,52.70833755
29.0,77.70833955,52.70833755
0.0,79.79167305,52.70833755
0.0,81.04167315,52.70833755
0.0,87.29167365,52.70833755
0.0,88.54167375,52.70833755
0.0,88.95834045,52.70833755
0.0,89.79167385,52.70833755
0.0,90.62500725,52.70833755
0.0,91.04167395,52.70833755
0.0,95.20834095,52.70833755
0.0,95.62500765,52.70833755
23.0,100.20834135,52.70833755
0.0,111.04167555,52.70833755
0.0,122.29167645,52.70833755
0.0,-124.37500995,52.29167085
3.0,-122.29167645,52.29167085
0.0,-121.87500975,52.29167085
0.0,-121.04167635,52.29167085
4.0,-105.62500845,52.29167085
0.0,40.20833655,52.29167085
0.0,52.70833755,52.29167085
0.0,53.95833765,52.29167085
0.0,59.37500475,52.29167085
26.0,60.20833815,52.29167085
0.0,67.29167205,52.29167085
27.0,72.70833915,52.29167085
29.0,73.12500585,52.29167085
29.0,76.04167275,52.29167085
29.0,76.45833945,52.29167085
25.0,76.87500615,52.29167085
28.0,77.70833955,52.29167085
0.0,84.37500675,52.29167085
0.0,84.79167345,52.29167085
0.0,86.04167355,52.29167085
0.0,87.29167365,52.29167085
0.0,87.70834035,52.29167085
0.0,88.12500705,52.29167085
0.0,88.95834045,52.29167085
0.0,89.79167385,52.29167085
0.0,90.20834055,52.29167085
0.0,90.62500725,52.29167085
0.0,91.45834065,52.29167085
27.0,91.87500735,52.29167085
0.0,93.12500745,52.29167085
0.0,93.54167415,52.29167085
0.0,94.37500755,52.29167085
26.0,94.79167425,52.29167085
0.0,95.20834095,52.29167085
0.0,95.62500765,52.29167085
0.0,96.04167435,52.29167085
0.0,96.87500775,52.29167085
0.0,97.70834115,52.29167085
42.0,98.54167455,52.29167085
53.0,98.95834125,52.29167085
0.0,108.95834205,52.29167085
34.0,110.62500885,52.29167085
0.0,111.04167555,52.29167085
0.0,-123.12500985,51.87500415
0.0,-121.45834305,51.87500415
0.0,-121.04167635,51.87500415
68.0,-111.45834225,51.87500415
0.0,-99.37500795,51.87500415
0.0,42.29167005,51.87500415
0.0,46.45833705,51.87500415
24.0,59.79167145,51.87500415
31.0,61.45833825,51.87500415
52.0,64.37500515,51.87500415
52.0,64.79167185,51.87500415
52.0,66.87500535,51.87500415
29.0,68.54167215,51.87500415
29.0,72.70833915,51.87500415
29.0,73.12500585,51.87500415
0.0,77.29167285,51.87500415
11.0,79.79167305,51.87500415
29.0,80.20833975,51.87500415
0.0,82.29167325,51.87500415
0.0,82.70833995,51.87500415
0.0,83.54167335,51.87500415
10.0,83.95834005,51.87500415
0.0,84.79167345,51.87500415
0.0,86.04167355,51.87500415
0.0,88.54167375,51.87500415
30.0,88.95834045,51.87500415
38.0,89.37500715,51.87500415
35.0,90.20834055,51.87500415
27.0,90.62500725,51.87500415
16.0,91.04167395,51.87500415
16.0,91.45834065,51.87500415
16.0,92.29167405,51.87500415
0.0,93.12500745,51.87500415
22.0,93.54167415,51.87500415
17.0,93.95834085,51.87500415
50.0,94.37500755,51.87500415
14.0,94.79167425,51.87500415
0.0,95.20834095,51.87500415
31.0,95.62500765,51.87500415
32.0,99.79167465,51.87500415
0.0,107.29167525,51.87500415
0.0,-121.04167635,51.45833745
0.0,-120.62500965,51.45833745
0.0,-118.54167615,51.45833745
21.0,-117.70834275,51.45833745
69.0,-109.79167545,51.45833745
0.0,49.79167065,51.45833745
12.0,50.20833735,51.45833745
29.0,51.04167075,51.45833745
50.0,60.20833815,51.45833745
23.0,60.62500485,51.45833745
31.0,61.04167155,51.45833745
29.0,65.20833855,51.45833745
52.0,66.87500535,51.45833745
31.0,67.70833875,51.45833745
52.0,68.12500545,51.45833745
31.0,68.54167215,51.45833745
52.0,68.95833885,51.45833745
30.0,73.12500585,51.45833745
29.0,74.79167265,51.45833745
29.0,75.20833935,51.45833745
29.0,75.62500605,51.45833745
36.0,78.54167295,51.45833745
0.0,79.79167305,51.45833745
11.0,82.29167325,51.45833745
0.0,83.12500665,51.45833745
30.0,83.54167335,51.45833745
11.0,84.79167345,51.45833745
0.0,86.04167355,51.45833745
0.0,88.54167375,51.45833745
26.0,88.95834045,51.45833745
52.0,89.79167385,51.45833745
54.0,90.20834055,51.45833745
28.0,90.62500725,51.45833745
28.0,91.04167395,51.45833745
51.0,91.45834065,51.45833745
57.0,91.87500735,51.45833745
51.0,92.70834075,51.45833745
26.0,93.12500745,51.45833745
7.0,93.54167415,51.45833745
23.0,93.95834085,51.45833745
52.0,94.79167425,51.45833745
52.0,95.20834095,51.45833745
57.0,95.62500765,51.45833745
17.0,96.04167435,51.45833745
0.0,96.45834105,51.45833745
0.0,96.87500775,51.45833745
0.0,106.04167515,51.45833745
0.0,114.37500915,51.45833745
0.0,-121.45834305,51.04167075
0.0,-121.04167635,51.04167075
0.0,-120.62500965,51.04167075
100.0,-109.79167545,51.04167075
37.0,-109.37500875,51.04167075
38.0,-108.95834205,51.04167075
36.0,48.95833725,51.04167075
29.0,50.20833735,51.04167075
0.0,51.04167075,51.04167075
29.0,53.54167095,51.04167075
0.0,56.87500455,51.04167075
52.0,59.79167145,51.04167075
52.0,61.04167155,51.04167075
52.0,61.45833825,51.04167075
30.0,62.29167165,51.04167075
29.0,62.70833835,51.04167075
52.0,63.95833845,51.04167075
52.0,64.37500515,51.04167075
26.0,64.79167185,51.04167075
28.0,65.62500525,51.04167075
52.0,66.87500535,51.04167075
28.0,67.29167205,51.04167075
29.0,68.12500545,51.04167075
29.0,68.54167215,51.04167075
29.0,71.45833905,51.04167075
30.0,73.12500585,51.04167075
29.0,74.37500595,51.04167075
29.0,75.62500605,51.04167075
29.0,76.45833945,51.04167075
29.0,76.87500615,51.04167075
0.0,82.29167325,51.04167075
0.0,83.54167335,51.04167075
0.0,83.95834005,51.04167075
0.0,85.20834015,51.04167075
28.0,86.87500695,51.04167075
0.0,87.29167365,51.04167075
13.0,87.70834035,51.04167075
53.0,88.12500705,51.04167075
19.0,88.54167375,51.04167075
39.0,88.95834045,51.04167075
55.0,89.37500715,51.04167075
63.0,89.79167385,51.04167075
52.0,90.62500725,51.04167075
38.0,91.04167395,51.04167075
0.0,91.45834065,51.04167075
52.0,92.29167405,51.04167075
50.0,92.70834075,51.04167075
81.0,93.12500745,51.04167075
16.0,93.54167415,51.04167075
0.0,93.95834085,51.04167075
0.0,94.37500755,51.04167075
52.0,94.79167425,51.04167075
28.0,95.20834095,51.04167075
0.0,95.62500765,51.04167075
0.0,96.04167435,51.04167075
0.0,96.87500775,51.04167075
53.0,98.54167455,51.04167075
8.0,-120.62500965,50.62500405
7.0,-120.20834295,50.62500405
0.0,-118.54167615,50.62500405
68.0,-111.04167555,50.62500405
52.0,-110.62500885,50.62500405
74.0,-109.79167545,50.62500405
67.0,-109.37500875,50.62500405
46.0,-108.54167535,50.62500405
28.0,-108.12500865,50.62500405
7.0,-105.20834175,50.62500405
0.0,31.04166915,50.62500405
52.0,55.20833775,50.62500405
31.0,59.37500475,50.62500405
29.0,59.79167145,50.62500405
24.0,60.20833815,50.62500405
31.0,60.62500485,50.62500405
52.0,61.45833825,50.62500405
32.0,62.29167165,50.62500405
50.0,62.70833835,50.62500405
51.0,64.37500515,50.62500405
51.0,64.79167185,50.62500405
52.0,66.87500535,50.62500405
52.0,73.12500585,50.62500405
29.0,74.37500595,50.62500405
30.0,74.79167265,50.62500405
51.0,75.20833935,50.62500405
29.0,76.45833945,50.62500405
29.0,76.87500615,50.62500405
29.0,78.12500625,50.62500405
16.0,87.70834035,50.62500405
0.0,88.12500705,50.62500405
52.0,88.54167375,50.62500405
17.0,88.95834045,50.62500405
14.0,89.37500715,50.62500405
26.0,89.79167385,50.62500405
38.0,90.20834055,50.62500405
32.0,91.45834065,50.62500405
52.0,91.87500735,50.62500405
27.0,92.70834075,50.62500405
27.0,93.54167415,50.62500405
61.0,95.20834095,50.62500405
33.0,95.62500765,50.62500405
55.0,96.04167435,50.62500405
97.0,96.45834105,50.62500405
15.0,96.87500775,50.62500405
17.0,98.12500785,50.62500405
42.0,98.95834125,50.62500405
53.0,107.29167525,50.62500405
53.0,116.87500935,50.62500405
97.0,119.37500955,50.62500405
26.0,-120.20834295,50.20833735
0.0,-117.70834275,50.20833735
0.0,-116.87500935,50.20833735
50.0,-108.12500865,50.20833735
18.0,-107.70834195,50.20833735
5.0,-99.37500795,50.20833735
51.0,52.70833755,50.20833735
52.0,57.70833795,50.20833735
0.0,58.54167135,50.20833735
31.0,58.95833805,50.20833735
52.0,59.37500475,50.20833735
51.0,60.62500485,50.20833735
51.0,61.04167155,50.20833735
52.0,66.87500535,50.20833735
28.0,68.12500545,50.20833735
31.0,70.62500565,50.20833735
31.0,71.45833905,50.20833735
50.0,72.29167245,50.20833735
52.0,73.54167255,50.20833735
30.0,73.95833925,50.20833735
30.0,74.79167265,50.20833735
29.0,75.62500605,50.20833735
29.0,76.45833945,50.20833735
29.0,78.95833965,50.20833735
29.0,79.37500635,50.20833735
52.0,79.79167305,50.20833735
29.0,80.62500645,50.20833735
16.0,83.12500665,50.20833735
0.0,86.87500695,50.20833735
0.0,87.70834035,50.20833735
51.0,88.54167375,50.20833735
40.0,88.95834045,50.20833735
62.0,89.37500715,50.20833735
81.0,89.79167385,50.20833735
54.0,90.20834055,50.20833735
28.0,90.62500725,50.20833735
0.0,91.04167395,50.20833735
27.0,93.54167415,50.20833735
51.0,95.20834095,50.20833735
29.0,95.62500765,50.20833735
24.0,96.04167435,50.20833735
44.0,96.45834105,50.20833735
62.0,96.87500775,50.20833735
0.0,112.29167565,50.20833735
61.0,114.79167585,50.20833735
5.0,-103.54167495,49.79167065
29.0,56.04167115,49.79167065
29.0,56.87500455,49.79167065
52.0,57.29167125,49.79167065
52.0,58.12500465,49.79167065
51.0,58.95833805,49.79167065
52.0,59.37500475,49.79167065
52.0,59.79167145,49.79167065
52.0,60.20833815,49.79167065
51.0,60.62500485,49.79167065
31.0,61.45833825,49.79167065
51.0,66.87500535,49.79167065
31.0,80.20833975,49.79167065
29.0,81.04167315,49.79167065
0.0,83.12500665,49.79167065
92.0,83.54167335,49.79167065
0.0,84.79167345,49.79167065
33.0,85.20834015,49.79167065
0.0,87.70834035,49.79167065
27.0,88.12500705,49.79167065
28.0,88.54167375,49.79167065
52.0,88.95834045,49.79167065
69.0,89.37500715,49.79167065
19.0,89.79167385,49.79167065
27.0,90.62500725,49.79167065
52.0,91.87500735,49.79167065
52.0,92.70834075,49.79167065
52.0,104.79167505,49.79167065
52.0,106.04167515,49.79167065
50.0,106.45834185,49.79167065
4.0,107.70834195,49.79167065
54.0,112.70834235,49.79167065
53.0,114.37500915,49.79167065
52.0,118.54167615,49.79167065
66.0,119.37500955,49.79167065
0.0,-119.79167625,49.37500395
79.0,-108.12500865,49.37500395
11.0,-101.87500815,49.37500395
0.0,-95.62500765,49.37500395
64.0,-1.45833345,49.37500395
4.0,0.208333350000004,49.37500395
0.0,0.625000050000011,49.37500395
50.0,58.54167135,49.37500395
52.0,59.37500475,49.37500395
52.0,59.79167145,49.37500395
52.0,60.20833815,49.37500395
52.0,60.62500485,49.37500395
52.0,61.04167155,49.37500395
52.0,66.87500535,49.37500395
28.0,79.79167305,49.37500395
29.0,80.20833975,49.37500395
27.0,87.70834035,49.37500395
27.0,88.12500705,49.37500395
51.0,88.54167375,49.37500395
27.0,88.95834045,49.37500395
53.0,89.37500715,49.37500395
51.0,91.45834065,49.37500395
0.0,92.70834075,49.37500395
32.0,94.37500755,49.37500395
52.0,96.04167435,49.37500395
54.0,99.79167465,49.37500395
52.0,101.45834145,49.37500395
57.0,104.37500835,49.37500395
52.0,114.79167585,49.37500395
0.0,-120.62500965,48.95833725
0.0,-118.12500945,48.95833725
24.0,-116.45834265,48.95833725
0.0,-115.20834255,48.95833725
0.0,-114.37500915,48.95833725
43.0,-113.12500905,48.95833725
19.0,-103.12500825,48.95833725
19.0,-99.37500795,48.95833725
14.0,-96.87500775,48.95833725
0.0,42.29167005,48.95833725
52.0,58.54167135,48.95833725
52.0,58.95833805,48.95833725
51.0,60.62500485,48.95833725
52.0,69.37500555,48.95833725
0.0,81.87500655,48.95833725
37.0,89.79167385,48.95833725
27.0,91.04167395,48.95833725
51.0,91.87500735,48.95833725
0.0,93.12500745,48.95833725
27.0,94.79167425,48.95833725
52.0,101.45834145,48.95833725
17.0,107.29167525,48.95833725
36.0,113.12500905,48.95833725
0.0,-121.04167635,48.54167055
0.0,-96.87500775,48.54167055
0.0,42.29167005,48.54167055
52.0,71.04167235,48.54167055
29.0,82.29167325,48.54167055
11.0,84.79167345,48.54167055
52.0,85.20834015,48.54167055
51.0,88.95834045,48.54167055
27.0,89.37500715,48.54167055
52.0,90.20834055,48.54167055
0.0,91.45834065,48.54167055
37.0,93.95834085,48.54167055
52.0,101.04167475,48.54167055
51.0,101.45834145,48.54167055
51.0,102.70834155,48.54167055
52.0,112.70834235,48.54167055
52.0,113.12500905,48.54167055
0.0,-113.95834245,48.12500385
52.0,74.37500595,48.12500385
52.0,85.20834015,48.12500385
31.0,88.95834045,48.12500385
52.0,91.45834065,48.12500385
27.0,94.79167425,48.12500385
51.0,99.37500795,48.12500385
51.0,104.79167505,48.12500385
16.0,-118.95834285,47.70833715
29.0,-118.12500945,47.70833715
52.0,-114.37500915,47.70833715
0.0,-113.12500905,47.70833715
7.0,-95.62500765,47.70833715
0.0,5.62500045000002,47.70833715
0.0,21.04166835,47.70833715
29.0,48.12500385,47.70833715
63.0,90.62500725,47.70833715
52.0,91.87500735,47.70833715
0.0,93.12500745,47.70833715
0.0,93.54167415,47.70833715
27.0,95.62500765,47.70833715
50.0,103.12500825,47.70833715
52.0,104.79167505,47.70833715
60.0,108.95834205,47.70833715
51.0,110.62500885,47.70833715
49.0,111.45834225,47.70833715
52.0,113.12500905,47.70833715
34.0,-119.79167625,47.29167045
34.0,-118.95834285,47.29167045
28.0,-118.54167615,47.29167045
40.0,-118.12500945,47.29167045
21.0,-117.29167605,47.29167045
52.0,-114.37500915,47.29167045
17.0,-96.87500775,47.29167045
0.0,20.62500165,47.29167045
0.0,21.04166835,47.29167045
0.0,26.45833545,47.29167045
0.0,36.87500295,47.29167045
0.0,38.54166975,47.29167045
52.0,60.20833815,47.29167045
52.0,60.62500485,47.29167045
51.0,85.20834015,47.29167045
52.0,86.04167355,47.29167045
27.0,88.54167375,47.29167045
52.0,91.87500735,47.29167045
27.0,92.29167405,47.29167045
0.0,92.70834075,47.29167045
52.0,93.12500745,47.29167045
52.0,103.12500825,47.29167045
52.0,103.95834165,47.29167045
52.0,105.20834175,47.29167045
52.0,111.04167555,47.29167045
33.0,-120.20834295,46.87500375
53.0,-119.79167625,46.87500375
27.0,-118.95834285,46.87500375
0.0,-117.70834275,46.87500375
7.0,-117.29167605,46.87500375
0.0,-114.37500915,46.87500375
10.0,-113.54167575,46.87500375
29.0,-112.29167565,46.87500375
0.0,-111.87500895,46.87500375
28.0,-111.45834225,46.87500375
36.0,-96.87500775,46.87500375
0.0,21.45833505,46.87500375
0.0,34.37500275,46.87500375
0.0,36.45833625,46.87500375
27.0,92.70834075,46.87500375
52.0,105.20834175,46.87500375
63.0,-120.20834295,46.45833705
67.0,-117.70834275,46.45833705
61.0,-117.29167605,46.45833705
0.0,-114.79167585,46.45833705
19.0,-114.37500915,46.45833705
0.0,-113.54167575,46.45833705
0.0,-113.12500905,46.45833705
33.0,-112.70834235,46.45833705
0.0,-112.29167565,46.45833705
23.0,-110.62500885,46.45833705
0.0,37.29166965,46.45833705
25.0,42.29167005,46.45833705
27.0,56.04167115,46.45833705
27.0,93.54167415,46.45833705
37.0,94.37500755,46.45833705
54.0,104.37500835,46.45833705
35.0,-120.20834295,46.04167035
15.0,-119.37500955,46.04167035
50.0,-118.12500945,46.04167035
0.0,-114.37500915,46.04167035
39.0,-113.95834245,46.04167035
63.0,-111.87500895,46.04167035
36.0,-110.20834215,46.04167035
10.0,-93.95834085,46.04167035
11.0,-0.208333350000004,46.04167035
0.0,21.45833505,46.04167035
0.0,50.20833735,46.04167035
52.0,58.54167135,46.04167035
0.0,59.79167145,46.04167035
29.0,83.95834005,46.04167035
27.0,93.54167415,46.04167035
27.0,-120.20834295,45.62500365
27.0,-119.37500955,45.62500365
52.0,-116.45834265,45.62500365
52.0,-113.54167575,45.62500365
30.0,-112.70834235,45.62500365
28.0,-111.87500895,45.62500365
0.0,28.95833565,45.62500365
0.0,30.62500245,45.62500365
51.0,43.95833685,45.62500365
52.0,44.79167025,45.62500365
27.0,57.70833795,45.62500365
52.0,58.54167135,45.62500365
0.0,58.95833805,45.62500365
52.0,67.70833875,45.62500365
60.0,-118.54167615,45.20833695
23.0,-118.12500945,45.20833695
31.0,-117.29167605,45.20833695
8.0,-115.62500925,45.20833695
14.0,-114.79167585,45.20833695
6.0,-114.37500915,45.20833695
0.0,-113.54167575,45.20833695
56.0,-112.70834235,45.20833695
56.0,-112.29167565,45.20833695
16.0,-111.45834225,45.20833695
0.0,-111.04167555,45.20833695
49.0,-110.62500885,45.20833695
36.0,-110.20834215,45.20833695
28.0,-109.79167545,45.20833695
62.0,-103.54167495,45.20833695
14.0,27.29166885,45.20833695
0.0,27.70833555,45.20833695
9.0,33.54166935,45.20833695
13.0,44.37500355,45.20833695
0.0,48.95833725,45.20833695
0.0,53.54167095,45.20833695
0.0,54.79167105,45.20833695
27.0,57.29167125,45.20833695
28.0,58.12500465,45.20833695
0.0,58.54167135,45.20833695
30.0,67.29167205,45.20833695
52.0,67.70833875,45.20833695
27.0,68.54167215,45.20833695
52.0,68.95833885,45.20833695
37.0,69.79167225,45.20833695
40.0,70.20833895,45.20833695
29.0,78.12500625,45.20833695
35.0,78.54167295,45.20833695
24.0,-120.20834295,44.79167025
28.0,-115.20834255,44.79167025
52.0,-114.79167585,44.79167025
28.0,-114.37500915,44.79167025
27.0,-113.54167575,44.79167025
54.0,-112.29167565,44.79167025
21.0,-111.87500895,44.79167025
4.0,-111.04167555,44.79167025
36.0,-110.20834215,44.79167025
0.0,-107.29167525,44.79167025
50.0,-102.70834155,44.79167025
0.0,28.54166895,44.79167025
0.0,33.12500265,44.79167025
0.0,38.12500305,44.79167025
0.0,50.20833735,44.79167025
0.0,53.54167095,44.79167025
23.0,56.04167115,44.79167025
52.0,67.29167205,44.79167025
27.0,67.70833875,44.79167025
27.0,68.12500545,44.79167025
27.0,68.54167215,44.79167025
27.0,68.95833885,44.79167025
26.0,69.79167225,44.79167025
28.0,70.20833895,44.79167025
51.0,77.70833955,44.79167025
51.0,78.12500625,44.79167025
7.0,-121.04167635,44.37500355
0.0,-120.62500965,44.37500355
65.0,-120.20834295,44.37500355
0.0,-118.54167615,44.37500355
35.0,-118.12500945,44.37500355
35.0,-113.95834245,44.37500355
30.0,-111.87500895,44.37500355
15.0,-110.20834215,44.37500355
37.0,-107.70834195,44.37500355
0.0,4.37500034999999,44.37500355
0.0,4.79166705,44.37500355
0.0,5.20833375000001,44.37500355
0.0,14.79166785,44.37500355
0.0,29.79166905,44.37500355
0.0,59.37500475,44.37500355
27.0,66.87500535,44.37500355
27.0,68.12500545,44.37500355
27.0,68.54167215,44.37500355
27.0,68.95833885,44.37500355
27.0,69.79167225,44.37500355
26.0,70.20833895,44.37500355
27.0,71.04167235,44.37500355
29.0,77.70833955,44.37500355
33.0,-121.04167635,43.95833685
34.0,-120.20834295,43.95833685
37.0,-119.79167625,43.95833685
72.0,-119.37500955,43.95833685
43.0,-118.12500945,43.95833685
23.0,-115.20834255,43.95833685
33.0,-114.37500915,43.95833685
33.0,-113.95834245,43.95833685
47.0,-111.45834225,43.95833685
0.0,-110.62500885,43.95833685
27.0,-110.20834215,43.95833685
35.0,-109.79167545,43.95833685
24.0,-109.37500875,43.95833685
47.0,-107.29167525,43.95833685
0.0,1.87500015000001,43.95833685
0.0,3.54166695000001,43.95833685
0.0,4.37500034999999,43.95833685
0.0,4.79166705,43.95833685
0.0,8.12500065,43.95833685
0.0,9.79166745000001,43.95833685
0.0,15.62500125,43.95833685
0.0,25.20833535,43.95833685
0.0,26.45833545,43.95833685
0.0,27.29166885,43.95833685
0.0,33.95833605,43.95833685
0.0,58.95833805,43.95833685
27.0,67.29167205,43.95833685
52.0,67.70833875,43.95833685
52.0,68.12500545,43.95833685
52.0,68.54167215,43.95833685
27.0,69.37500555,43.95833685
27.0,69.79167225,43.95833685
35.0,74.37500595,43.95833685
52.0,74.79167265,43.95833685
50.0,75.20833935,43.95833685
52.0,75.62500605,43.95833685
51.0,76.04167275,43.95833685
50.0,76.45833945,43.95833685
51.0,76.87500615,43.95833685
51.0,77.29167285,43.95833685
55.0,77.70833955,43.95833685
0.0,81.45833985,43.95833685
11.0,-120.62500965,43.54167015
37.0,-120.20834295,43.54167015
37.0,-119.79167625,43.54167015
37.0,-118.12500945,43.54167015
34.0,-117.29167605,43.54167015
65.0,-115.62500925,43.54167015
35.0,-113.12500905,43.54167015
6.0,-111.04167555,43.54167015
62.0,-110.20834215,43.54167015
34.0,-108.95834205,43.54167015
84.0,-108.12500865,43.54167015
10.0,-96.87500775,43.54167015
0.0,9.79166745000001,43.54167015
0.0,10.20833415,43.54167015
0.0,11.04166755,43.54167015
0.0,23.95833525,43.54167015
23.0,67.29167205,43.54167015
27.0,67.70833875,43.54167015
45.0,68.12500545,43.54167015
52.0,68.95833885,43.54167015
26.0,70.20833895,43.54167015
27.0,71.87500575,43.54167015
53.0,72.29167245,43.54167015
51.0,75.62500605,43.54167015
51.0,76.45833945,43.54167015
23.0,77.29167285,43.54167015
52.0,78.95833965,43.54167015
27.0,79.79167305,43.54167015
0.0,-121.45834305,43.12500345
23.0,-121.04167635,43.12500345
0.0,-120.62500965,43.12500345
37.0,-120.20834295,43.12500345
37.0,-119.79167625,43.12500345
37.0,-119.37500955,43.12500345
37.0,-118.12500945,43.12500345
37.0,-117.70834275,43.12500345
45.0,-117.29167605,43.12500345
34.0,-116.45834265,43.12500345
31.0,-115.62500925,43.12500345
33.0,-114.79167585,43.12500345
39.0,-114.37500915,43.12500345
29.0,-110.62500885,43.12500345
14.0,-110.20834215,43.12500345
37.0,-107.70834195,43.12500345
80.0,-101.04167475,43.12500345
0.0,2.70833354999999,43.12500345
0.0,5.62500045000002,43.12500345
36.0,6.04166714999999,43.12500345
0.0,6.45833385,43.12500345
0.0,7.29166724999999,43.12500345
0.0,17.29166805,43.12500345
0.0,28.95833565,43.12500345
0.0,41.45833665,43.12500345
0.0,41.87500335,43.12500345
32.0,42.29167005,43.12500345
0.0,42.70833675,43.12500345
33.0,43.12500345,43.12500345
27.0,64.79167185,43.12500345
45.0,67.70833875,43.12500345
31.0,68.12500545,43.12500345
52.0,68.95833885,43.12500345
49.0,69.37500555,43.12500345
50.0,70.20833895,43.12500345
52.0,71.04167235,43.12500345
29.0,71.45833905,43.12500345
64.0,72.29167245,43.12500345
52.0,73.54167255,43.12500345
25.0,73.95833925,43.12500345
60.0,-113.95834245,42.70833675
50.0,-113.12500905,42.70833675
64.0,-112.70834235,42.70833675
57.0,-111.87500895,42.70833675
34.0,-110.62500885,42.70833675
36.0,-110.20834215,42.70833675
36.0,-109.37500875,42.70833675
37.0,-107.70834195,42.70833675
79.0,-106.45834185,42.70833675
57.0,-106.04167515,42.70833675
68.0,-98.54167455,42.70833675
0.0,-97.29167445,42.70833675
16.0,-91.87500735,42.70833675
30.0,-3.95833364999999,42.70833675
0.0,8.95833404999999,42.70833675
0.0,43.95833685,42.70833675
27.0,64.37500515,42.70833675
26.0,64.79167185,42.70833675
52.0,68.12500545,42.70833675
41.0,70.62500565,42.70833675
37.0,-116.87500935,42.29167005
37.0,-116.45834265,42.29167005
30.0,-115.62500925,42.29167005
42.0,-114.79167585,42.29167005
28.0,-110.62500885,42.29167005
37.0,-110.20834215,42.29167005
20.0,-105.62500845,42.29167005
41.0,-98.54167455,42.29167005
17.0,-97.70834115,42.29167005
0.0,-96.04167435,42.29167005
13.0,-92.29167405,42.29167005
0.0,-4.79166705,42.29167005
0.0,-3.95833364999999,42.29167005
0.0,-3.12500025,42.29167005
0.0,-1.45833345,42.29167005
14.0,0.208333350000004,42.29167005
8.0,3.12500025,42.29167005
0.0,12.70833435,42.29167005
0.0,14.79166785,42.29167005
0.0,16.04166795,42.29167005
0.0,53.95833765,42.29167005
0.0,54.79167105,42.29167005
0.0,55.20833775,42.29167005
38.0,68.95833885,42.29167005
38.0,69.37500555,42.29167005
70.0,73.95833925,42.29167005
100.0,74.37500595,42.29167005
27.0,81.45833985,42.29167005
0.0,-122.29167645,41.87500335
6.0,-121.87500975,41.87500335
0.0,-121.45834305,41.87500335
0.0,-120.20834295,41.87500335
35.0,-117.29167605,41.87500335
37.0,-116.87500935,41.87500335
35.0,-116.45834265,41.87500335
80.0,-116.04167595,41.87500335
94.0,-112.29167565,41.87500335
33.0,-111.87500895,41.87500335
37.0,-109.37500875,41.87500335
52.0,-99.79167465,41.87500335
26.0,-97.70834115,41.87500335
12.0,-97.29167445,41.87500335
15.0,-96.87500775,41.87500335
0.0,-6.45833385,41.87500335
0.0,-1.45833345,41.87500335
0.0,-1.04166674999999,41.87500335
0.0,-0.625000050000011,41.87500335
0.0,-0.208333350000004,41.87500335
0.0,14.79166785,41.87500335
0.0,16.45833465,41.87500335
23.0,43.12500345,41.87500335
0.0,53.54167095,41.87500335
0.0,54.37500435,41.87500335
0.0,55.62500445,41.87500335
52.0,68.12500545,41.87500335
37.0,68.95833885,41.87500335
52.0,69.37500555,41.87500335
66.0,73.54167255,41.87500335
65.0,73.95833925,41.87500335
52.0,74.37500595,41.87500335
0.0,-122.29167645,41.45833665
0.0,-121.87500975,41.45833665
0.0,-121.45834305,41.45833665
30.0,-120.20834295,41.45833665
44.0,-118.95834285,41.45833665
33.0,-117.70834275,41.45833665
34.0,-116.87500935,41.45833665
64.0,-116.45834265,41.45833665
37.0,-114.79167585,41.45833665
35.0,-113.95834245,41.45833665
30.0,-112.29167565,41.45833665
40.0,-109.37500875,41.45833665
81.0,-104.79167505,41.45833665
84.0,-104.37500835,41.45833665
14.0,-98.54167455,41.45833665
8.0,-97.70834115,41.45833665
0.0,-4.79166705,41.45833665
0.0,-1.45833345,41.45833665
0.0,-1.04166674999999,41.45833665
0.0,-0.208333350000004,41.45833665
0.0,0.208333350000004,41.45833665
0.0,0.625000050000011,41.45833665
9.0,1.45833345,41.45833665
0.0,3.12500025,41.45833665
0.0,12.70833435,41.45833665
0.0,13.12500105,41.45833665
0.0,15.20833455,41.45833665
0.0,15.62500125,41.45833665
0.0,16.04166795,41.45833665
0.0,19.37500155,41.45833665
0.0,28.54166895,41.45833665
0.0,48.54167055,41.45833665
0.0,48.95833725,41.45833665
26.0,67.29167205,41.45833665
0.0,67.70833875,41.45833665
35.0,68.12500545,41.45833665
35.0,68.95833885,41.45833665
0.0,69.37500555,41.45833665
72.0,70.20833895,41.45833665
51.0,73.95833925,41.45833665
57.0,74.37500595,41.45833665
37.0,-117.29167605,41.04166995
39.0,-116.45834265,41.04166995
33.0,-114.79167585,41.04166995
55.0,-111.04167555,41.04166995
34.0,-109.37500875,41.04166995
26.0,-108.95834205,41.04166995
13.0,-106.87500855,41.04166995
43.0,-106.45834185,41.04166995
62.0,-105.62500845,41.04166995
24.0,-98.54167455,41.04166995
13.0,-98.12500785,41.04166995
13.0,-93.54167415,41.04166995
0.0,-5.62500044999999,41.04166995
0.0,-3.12500025,41.04166995
0.0,-2.70833354999999,41.04166995
0.0,-0.208333350000004,41.04166995
0.0,2.29166685000001,41.04166995
0.0,13.54166775,41.04166995
0.0,14.37500115,41.04166995
0.0,16.87500135,41.04166995
0.0,19.37500155,41.04166995
0.0,38.12500305,41.04166995
0.0,38.54166975,41.04166995
27.0,41.87500335,41.04166995
0.0,53.54167095,41.04166995
0.0,54.37500435,41.04166995
0.0,54.79167105,41.04166995
12.0,68.12500545,41.04166995
52.0,70.62500565,41.04166995
0.0,72.70833915,41.04166995
45.0,73.54167255,41.04166995
30.0,-121.04167635,40.62500325
5.0,-120.62500965,40.62500325
24.0,-120.20834295,40.62500325
24.0,-117.29167605,40.62500325
40.0,-116.87500935,40.62500325
34.0,-114.79167585,40.62500325
30.0,-110.62500885,40.62500325
67.0,-106.45834185,40.62500325
0.0,-91.45834065,40.62500325
5.0,-89.79167385,40.62500325
28.0,-5.20833375000001,40.62500325
0.0,-3.95833364999999,40.62500325
0.0,-2.29166684999998,40.62500325
29.0,0.208333350000004,40.62500325
0.0,8.12500065,40.62500325
0.0,13.95833445,40.62500325
0.0,14.79166785,40.62500325
0.0,15.20833455,40.62500325
0.0,17.29166805,40.62500325
0.0,18.54166815,40.62500325
0.0,18.95833485,40.62500325
0.0,19.37500155,40.62500325
0.0,25.20833535,40.62500325
0.0,27.29166885,40.62500325
0.0,28.95833565,40.62500325
0.0,29.37500235,40.62500325
49.0,33.95833605,40.62500325
0.0,37.70833635,40.62500325
0.0,38.54166975,40.62500325
17.0,42.29167005,40.62500325
0.0,47.29167045,40.62500325
0.0,47.70833715,40.62500325
27.0,48.95833725,40.62500325
27.0,53.12500425,40.62500325
0.0,53.54167095,40.62500325
0.0,53.95833765,40.62500325
0.0,54.37500435,40.62500325
0.0,57.29167125,40.62500325
0.0,68.12500545,40.62500325
7.0,70.62500565,40.62500325
0.0,71.04167235,40.62500325
11.0,71.45833905,40.62500325
0.0,71.87500575,40.62500325
52.0,113.12500905,40.62500325
0.0,-121.04167635,40.20833655
14.0,-120.20834295,40.20833655
37.0,-117.29167605,40.20833655
37.0,-112.70834235,40.20833655
57.0,-106.45834185,40.20833655
19.0,-97.29167445,40.20833655
32.0,-95.62500765,40.20833655
19.0,-94.37500755,40.20833655
0.0,-5.20833375000001,40.20833655
16.0,-4.79166705,40.20833655
0.0,-3.95833364999999,40.20833655
0.0,-3.54166695000001,40.20833655
0.0,-3.12500025,40.20833655
0.0,-2.70833354999999,40.20833655
0.0,2.70833354999999,40.20833655
0.0,3.12500025,40.20833655
0.0,16.04166795,40.20833655
16.0,31.87500255,40.20833655
0.0,36.87500295,40.20833655
38.0,37.29166965,40.20833655
32.0,37.70833635,40.20833655
0.0,48.54167055,40.20833655
0.0,52.70833755,40.20833655
0.0,57.29167125,40.20833655
27.0,71.04167235,40.20833655
13.0,71.87500575,40.20833655
75.0,73.95833925,40.20833655
37.0,-120.20834295,39.79166985
32.0,-119.79167625,39.79166985
37.0,-117.29167605,39.79166985
19.0,-110.62500885,39.79166985
34.0,-110.20834215,39.79166985
8.0,-94.37500755,39.79166985
0.0,-8.12500065,39.79166985
0.0,-7.70833395,39.79166985
0.0,-3.12500025,39.79166985
0.0,-1.04166674999999,39.79166985
10.0,-0.208333350000004,39.79166985
0.0,0.208333350000004,39.79166985
0.0,0.625000050000011,39.79166985
0.0,2.29166685000001,39.79166985
0.0,3.12500025,39.79166985
0.0,8.54166735000001,39.79166985
0.0,16.87500135,39.79166985
0.0,18.95833485,39.79166985
0.0,28.54166895,39.79166985
0.0,56.04167115,39.79166985
0.0,57.29167125,39.79166985
32.0,68.12500545,39.79166985
52.0,69.37500555,39.79166985
0.0,-120.20834295,39.37500315
30.0,-119.79167625,39.37500315
33.0,-111.87500895,39.37500315
13.0,-111.04167555,39.37500315
67.0,-110.20834215,39.37500315
36.0,-109.79167545,39.37500315
13.0,-108.54167535,39.37500315
28.0,-105.20834175,39.37500315
71.0,-97.29167445,39.37500315
10.0,-7.70833395,39.37500315
0.0,-5.20833375000001,39.37500315
0.0,-1.45833345,39.37500315
0.0,-0.208333350000004,39.37500315
0.0,2.29166685000001,39.37500315
0.0,2.70833354999999,39.37500315
0.0,3.12500025,39.37500315
0.0,3.54166695000001,39.37500315
0.0,8.12500065,39.37500315
0.0,9.37500075,39.37500315
0.0,20.62500165,39.37500315
0.0,21.04166835,39.37500315
0.0,22.70833515,39.37500315
0.0,26.45833545,39.37500315
0.0,27.29166885,39.37500315
67.0,37.29166965,39.37500315
51.0,38.54166975,39.37500315
26.0,38.95833645,39.37500315
31.0,39.37500315,39.37500315
0.0,53.12500425,39.37500315
0.0,53.54167095,39.37500315
0.0,55.20833775,39.37500315
37.0,56.04167115,39.37500315
23.0,56.87500455,39.37500315
0.0,57.70833795,39.37500315
0.0,58.54167135,39.37500315
8.0,74.37500595,39.37500315
0.0,76.87500615,39.37500315
16.0,-119.79167625,38.95833645
52.0,-116.45834265,38.95833645
31.0,-95.20834095,38.95833645
0.0,-7.70833395,38.95833645
0.0,-6.87500055000001,38.95833645
0.0,-5.62500044999999,38.95833645
0.0,-5.20833375000001,38.95833645
0.0,-0.208333350000004,38.95833645
0.0,1.87500015000001,38.95833645
0.0,3.12500025,38.95833645
0.0,9.79166745000001,38.95833645
0.0,17.29166805,38.95833645
0.0,25.62500205,38.95833645
0.0,48.54167055,38.95833645
0.0,55.20833775,38.95833645
0.0,58.54167135,38.95833645
0.0,77.29167285,38.95833645
0.0,77.70833955,38.95833645
0.0,78.12500625,38.95833645
6.0,-119.79167625,38.54166975
0.0,-117.70834275,38.54166975
0.0,-117.29167605,38.54166975
0.0,-116.87500935,38.54166975
37.0,-116.45834265,38.54166975
34.0,-114.37500915,38.54166975
59.0,-97.29167445,38.54166975
0.0,-7.70833395,38.54166975
0.0,-5.20833375000001,38.54166975
21.0,-3.95833364999999,38.54166975
12.0,-2.70833354999999,38.54166975
0.0,-1.04166674999999,38.54166975
0.0,-0.208333350000004,38.54166975
0.0,1.87500015000001,38.54166975
0.0,16.87500135,38.54166975
0.0,20.62500165,38.54166975
0.0,25.62500205,38.54166975
12.0,26.04166875,38.54166975
0.0,26.45833545,38.54166975
11.0,28.95833565,38.54166975
0.0,29.37500235,38.54166975
41.0,36.04166955,38.54166975
40.0,39.37500315,38.54166975
49.0,40.20833655,38.54166975
31.0,40.62500325,38.54166975
34.0,41.45833665,38.54166975
29.0,41.87500335,38.54166975
0.0,43.12500345,38.54166975
7.0,48.54167055,38.54166975
0.0,54.79167105,38.54166975
0.0,55.62500445,38.54166975
0.0,58.54167135,38.54166975
0.0,59.79167145,38.54166975
30.0,-119.37500955,38.12500305
11.0,-118.95834285,38.12500305
0.0,-118.54167615,38.12500305
11.0,-117.70834275,38.12500305
0.0,-117.29167605,38.12500305
24.0,-116.87500935,38.12500305
17.0,-112.29167565,38.12500305
25.0,-111.87500895,38.12500305
32.0,-108.95834205,38.12500305
36.0,-108.12500865,38.12500305
12.0,-106.87500855,38.12500305
0.0,-8.95833404999999,38.12500305
0.0,-7.70833395,38.12500305
0.0,-6.45833385,38.12500305
30.0,-6.04166714999999,38.12500305
0.0,-5.20833375000001,38.12500305
0.0,-4.79166705,38.12500305
0.0,-4.37500034999999,38.12500305
0.0,-3.95833364999999,38.12500305
0.0,-3.12500025,38.12500305
0.0,-2.70833354999999,38.12500305
0.0,13.54166775,38.12500305
0.0,13.95833445,38.12500305
0.0,15.20833455,38.12500305
0.0,20.20833495,38.12500305
28.0,20.62500165,38.12500305
0.0,21.45833505,38.12500305
0.0,22.29166845,38.12500305
0.0,22.70833515,38.12500305
0.0,26.04166875,38.12500305
0.0,28.12500225,38.12500305
0.0,28.54166895,38.12500305
14.0,57.29167125,38.12500305
23.0,66.45833865,38.12500305
89.0,71.04167235,38.12500305
12.0,73.54167255,38.12500305
3.0,73.95833925,38.12500305
19.0,74.79167265,38.12500305
16.0,96.45834105,38.12500305
0.0,-118.95834285,37.70833635
11.0,-118.12500945,37.70833635
24.0,-112.29167565,37.70833635
0.0,-93.12500745,37.70833635
0.0,-7.70833395,37.70833635
27.0,-7.29166724999999,37.70833635
0.0,-6.87500055000001,37.70833635
0.0,-6.45833385,37.70833635
0.0,-5.20833375000001,37.70833635
0.0,-4.79166705,37.70833635
0.0,-4.37500034999999,37.70833635
0.0,-3.54166695000001,37.70833635
0.0,-2.29166684999998,37.70833635
0.0,-1.87500015000001,37.70833635
0.0,9.37500075,37.70833635
0.0,10.20833415,37.70833635
0.0,13.54166775,37.70833635
0.0,15.20833455,37.70833635
0.0,20.62500165,37.70833635
0.0,22.70833515,37.70833635
0.0,38.95833645,37.70833635
0.0,39.37500315,37.70833635
0.0,40.20833655,37.70833635
0.0,40.62500325,37.70833635
27.0,41.87500335,37.70833635
0.0,49.37500395,37.70833635
0.0,54.37500435,37.70833635
52.0,57.29167125,37.70833635
14.0,57.70833795,37.70833635
76.0,58.12500465,37.70833635
49.0,71.87500575,37.70833635
0.0,73.54167255,37.70833635
6.0,73.95833925,37.70833635
6.0,74.37500595,37.70833635
10.0,74.79167265,37.70833635
0.0,75.20833935,37.70833635
20.0,75.62500605,37.70833635
0.0,105.20834175,37.70833635
66.0,107.70834195,37.70833635
0.0,-118.54167615,37.29166965
24.0,-118.12500945,37.29166965
0.0,-117.70834275,37.29166965
0.0,-113.12500905,37.29166965
8.0,-107.29167525,37.29166965
0.0,-105.20834175,37.29166965
28.0,-104.79167505,37.29166965
65.0,-96.04167435,37.29166965
0.0,-5.20833375000001,37.29166965
0.0,-4.79166705,37.29166965
0.0,-4.37500034999999,37.29166965
0.0,-2.29166684999998,37.29166965
0.0,-1.04166674999999,37.29166965
0.0,3.12500025,37.29166965
0.0,3.54166695000001,37.29166965
0.0,3.95833365000001,37.29166965
0.0,4.37500034999999,37.29166965
0.0,4.79166705,37.29166965
0.0,5.20833375000001,37.29166965
0.0,6.45833385,37.29166965
0.0,8.95833404999999,37.29166965
3.0,15.20833455,37.29166965
0.0,15.62500125,37.29166965
0.0,22.70833515,37.29166965
0.0,26.45833545,37.29166965
0.0,35.62500285,37.29166965
0.0,36.04166955,37.29166965
23.0,36.45833625,37.29166965
0.0,37.29166965,37.29166965
0.0,38.54166975,37.29166965
0.0,40.20833655,37.29166965
12.0,40.62500325,37.29166965
0.0,49.37500395,37.29166965
0.0,49.79167065,37.29166965
0.0,50.20833735,37.29166965
0.0,53.54167095,37.29166965
25.0,57.70833795,37.29166965
32.0,58.54167135,37.29166965
0.0,60.62500485,37.29166965
7.0,72.70833915,37.29166965
31.0,73.54167255,37.29166965
45.0,74.79167265,37.29166965
23.0,75.20833935,37.29166965
33.0,75.62500605,37.29166965
2.0,76.04167275,37.29166965
72.0,101.45834145,37.29166965
77.0,102.70834155,37.29166965
27.0,104.37500835,37.29166965
42.0,105.62500845,37.29166965
19.0,106.04167515,37.29166965
51.0,106.87500855,37.29166965
54.0,107.29167525,37.29166965
36.0,-118.12500945,36.87500295
0.0,-117.70834275,36.87500295
23.0,-104.79167505,36.87500295
71.0,-104.37500835,36.87500295
58.0,-103.95834165,36.87500295
43.0,-96.04167435,36.87500295
0.0,-8.12500065,36.87500295
0.0,-5.62500044999999,36.87500295
0.0,-5.20833375000001,36.87500295
0.0,-4.37500034999999,36.87500295
0.0,-3.95833364999999,36.87500295
0.0,-2.29166684999998,36.87500295
0.0,0.625000050000011,36.87500295
0.0,1.45833345,36.87500295
0.0,1.87500015000001,36.87500295
0.0,2.29166685000001,36.87500295
0.0,2.70833354999999,36.87500295
0.0,3.12500025,36.87500295
0.0,3.95833365000001,36.87500295
0.0,4.37500034999999,36.87500295
0.0,4.79166705,36.87500295
0.0,5.20833375000001,36.87500295
0.0,5.62500045000002,36.87500295
0.0,6.45833385,36.87500295
0.0,7.29166724999999,36.87500295
0.0,8.54166735000001,36.87500295
0.0,14.79166785,36.87500295
0.0,15.62500125,36.87500295
0.0,26.04166875,36.87500295
0.0,31.04166915,36.87500295
30.0,43.54167015,36.87500295
0.0,49.79167065,36.87500295
13.0,50.20833735,36.87500295
0.0,51.04167075,36.87500295
0.0,57.29167125,36.87500295
0.0,67.70833875,36.87500295
17.0,73.95833925,36.87500295
28.0,75.62500605,36.87500295
0.0,100.20834135,36.87500295
54.0,101.45834145,36.87500295
52.0,101.87500815,36.87500295
29.0,106.87500855,36.87500295
51.0,107.29167525,36.87500295
21.0,-118.12500945,36.45833625
37.0,-117.70834275,36.45833625
0.0,-117.29167605,36.45833625
28.0,-106.87500855,36.45833625
0.0,-96.04167435,36.45833625
0.0,-93.12500745,36.45833625
0.0,-6.04166714999999,36.45833625
0.0,-4.37500034999999,36.45833625
0.0,-2.70833354999999,36.45833625
0.0,-2.29166684999998,36.45833625
0.0,-0.208333350000004,36.45833625
0.0,0.208333350000004,36.45833625
0.0,0.625000050000011,36.45833625
0.0,1.04166674999999,36.45833625
0.0,1.45833345,36.45833625
0.0,1.87500015000001,36.45833625
0.0,2.29166685000001,36.45833625
0.0,3.12500025,36.45833625
0.0,3.54166695000001,36.45833625
0.0,3.95833365000001,36.45833625
0.0,4.37500034999999,36.45833625
0.0,4.79166705,36.45833625
0.0,5.20833375000001,36.45833625
0.0,5.62500045000002,36.45833625
0.0,6.45833385,36.45833625
0.0,6.87500055000001,36.45833625
0.0,14.79166785,36.45833625
0.0,28.95833565,36.45833625
0.0,29.37500235,36.45833625
0.0,30.62500245,36.45833625
0.0,31.04166915,36.45833625
13.0,32.70833595,36.45833625
0.0,33.54166935,36.45833625
0.0,37.29166965,36.45833625
0.0,42.70833675,36.45833625
0.0,43.54167015,36.45833625
51.0,46.87500375,36.45833625
53.0,48.54167055,36.45833625
0.0,51.87500415,36.45833625
0.0,52.70833755,36.45833625
27.0,57.70833795,36.45833625
50.0,58.95833805,36.45833625
29.0,63.95833845,36.45833625
29.0,65.62500525,36.45833625
56.0,71.04167235,36.45833625
9.0,72.70833915,36.45833625
27.0,73.12500585,36.45833625
100.0,73.54167255,36.45833625
12.0,73.95833925,36.45833625
15.0,74.79167265,36.45833625
47.0,75.62500605,36.45833625
18.0,76.04167275,36.45833625
32.0,76.87500615,36.45833625
52.0,107.29167525,36.45833625
52.0,107.70834195,36.45833625
0.0,-118.12500945,36.04166955
0.0,-117.70834275,36.04166955
0.0,-117.29167605,36.04166955
0.0,-106.87500855,36.04166955
84.0,-104.79167505,36.04166955
63.0,-97.29167445,36.04166955
0.0,-6.45833385,36.04166955
0.0,-0.625000050000011,36.04166955
0.0,-0.208333350000004,36.04166955
0.0,0.208333350000004,36.04166955
13.0,0.625000050000011,36.04166955
0.0,1.87500015000001,36.04166955
0.0,3.12500025,36.04166955
0.0,4.37500034999999,36.04166955
0.0,5.62500045000002,36.04166955
0.0,6.45833385,36.04166955
0.0,14.37500115,36.04166955
0.0,29.37500235,36.04166955
0.0,29.79166905,36.04166955
0.0,30.20833575,36.04166955
0.0,30.62500245,36.04166955
0.0,32.29166925,36.04166955
0.0,32.70833595,36.04166955
0.0,33.12500265,36.04166955
0.0,33.54166935,36.04166955
0.0,42.70833675,36.04166955
0.0,43.54167015,36.04166955
23.0,44.79167025,36.04166955
51.0,48.54167055,36.04166955
52.0,48.95833725,36.04166955
0.0,49.79167065,36.04166955
25.0,51.04167075,36.04166955
48.0,52.70833755,36.04166955
43.0,63.12500505,36.04166955
29.0,63.54167175,36.04166955
29.0,64.37500515,36.04166955
5.0,65.20833855,36.04166955
17.0,68.12500545,36.04166955
9.0,71.87500575,36.04166955
36.0,73.95833925,36.04166955
13.0,74.37500595,36.04166955
35.0,74.79167265,36.04166955
17.0,75.20833935,36.04166955
0.0,75.62500605,36.04166955
8.0,76.04167275,36.04166955
18.0,76.87500615,36.04166955
16.0,77.29167285,36.04166955
7.0,88.95834045,36.04166955
17.0,89.79167385,36.04166955
17.0,90.20834055,36.04166955
18.0,90.62500725,36.04166955
52.0,101.87500815,36.04166955
57.0,102.70834155,36.04166955
51.0,106.04167515,36.04166955
28.0,108.54167535,36.04166955
0.0,-118.12500945,35.62500285
0.0,-106.87500855,35.62500285
18.0,-105.62500845,35.62500285
0.0,-96.45834105,35.62500285
0.0,-6.45833385,35.62500285
0.0,-4.79166705,35.62500285
0.0,-4.37500034999999,35.62500285
0.0,-1.45833345,35.62500285
0.0,-1.04166674999999,35.62500285
0.0,-0.625000050000011,35.62500285
0.0,-0.208333350000004,35.62500285
0.0,0.625000050000011,35.62500285
0.0,6.04166714999999,35.62500285
0.0,6.45833385,35.62500285
0.0,25.62500205,35.62500285
0.0,32.70833595,35.62500285
0.0,33.12500265,35.62500285
0.0,33.95833605,35.62500285
13.0,34.37500275,35.62500285
26.0,47.70833715,35.62500285
11.0,51.04167075,35.62500285
27.0,52.70833755,35.62500285
0.0,53.12500425,35.62500285
29.0,61.87500495,35.62500285
29.0,62.70833835,35.62500285
53.0,64.79167185,35.62500285
52.0,68.12500545,35.62500285
6.0,71.04167235,35.62500285
0.0,73.95833925,35.62500285
49.0,74.37500595,35.62500285
8.0,74.79167265,35.62500285
79.0,75.20833935,35.62500285
13.0,75.62500605,35.62500285
29.0,76.04167275,35.62500285
14.0,76.45833945,35.62500285
0.0,76.87500615,35.62500285
13.0,77.29167285,35.62500285
100.0,91.87500735,35.62500285
64.0,102.70834155,35.62500285
52.0,103.95834165,35.62500285
0.0,108.95834205,35.62500285
0.0,-118.12500945,35.20833615
0.0,-105.62500845,35.20833615
0.0,-5.20833375000001,35.20833615
0.0,-4.37500034999999,35.20833615
0.0,-3.54166695000001,35.20833615
0.0,-2.70833354999999,35.20833615
0.0,-1.04166674999999,35.20833615
0.0,-0.208333350000004,35.20833615
0.0,0.208333350000004,35.20833615
0.0,1.04166674999999,35.20833615
17.0,2.70833354999999,35.20833615
0.0,3.54166695000001,35.20833615
0.0,11.45833425,35.20833615
0.0,27.29166885,35.20833615
0.0,32.29166925,35.20833615
28.0,33.12500265,35.20833615
0.0,34.37500275,35.20833615
0.0,51.04167075,35.20833615
0.0,52.29167085,35.20833615
13.0,62.70833835,35.20833615
35.0,63.12500505,35.20833615
56.0,65.62500525,35.20833615
70.0,66.04167195,35.20833615
85.0,66.45833865,35.20833615
100.0,67.29167205,35.20833615
27.0,71.45833905,35.20833615
89.0,74.79167265,35.20833615
17.0,75.62500605,35.20833615
23.0,76.04167275,35.20833615
27.0,76.45833945,35.20833615
9.0,76.87500615,35.20833615
0.0,77.29167285,35.20833615
15.0,77.70833955,35.20833615
8.0,78.12500625,35.20833615
70.0,88.95834045,35.20833615
32.0,89.79167385,35.20833615
52.0,90.20834055,35.20833615
58.0,91.04167395,35.20833615
85.0,95.20834095,35.20833615
75.0,95.62500765,35.20833615
53.0,96.04167435,35.20833615
100.0,96.45834105,35.20833615
60.0,97.29167445,35.20833615
79.0,98.12500785,35.20833615
92.0,98.54167455,35.20833615
74.0,98.95834125,35.20833615
67.0,103.12500825,35.20833615
67.0,103.54167495,35.20833615
52.0,103.95834165,35.20833615
0.0,106.87500855,35.20833615
32.0,-97.29167445,34.79166945
0.0,-6.87500055000001,34.79166945
0.0,-5.20833375000001,34.79166945
0.0,-4.37500034999999,34.79166945
0.0,-3.12500025,34.79166945
0.0,-2.70833354999999,34.79166945
0.0,-1.87500015000001,34.79166945
0.0,-1.04166674999999,34.79166945
0.0,-0.625000050000011,34.79166945
0.0,11.45833425,34.79166945
0.0,32.29166925,34.79166945
0.0,32.70833595,34.79166945
0.0,33.12500265,34.79166945
0.0,33.54166935,34.79166945
0.0,34.37500275,34.79166945
0.0,35.62500285,34.79166945
0.0,36.04166955,34.79166945
0.0,38.95833645,34.79166945
0.0,52.70833755,34.79166945
0.0,53.54167095,34.79166945
0.0,54.79167105,34.79166945
53.0,66.04167195,34.79166945
42.0,66.45833865,34.79166945
89.0,67.29167205,34.79166945
72.0,67.70833875,34.79166945
73.0,73.95833925,34.79166945
53.0,74.37500595,34.79166945
64.0,74.79167265,34.79166945
42.0,75.20833935,34.79166945
39.0,75.62500605,34.79166945
8.0,76.04167275,34.79166945
16.0,76.45833945,34.79166945
6.0,76.87500615,34.79166945
0.0,77.29167285,34.79166945
0.0,77.70833955,34.79166945
20.0,78.12500625,34.79166945
22.0,78.54167295,34.79166945
3.0,78.95833965,34.79166945
85.0,90.20834055,34.79166945
94.0,90.62500725,34.79166945
70.0,91.04167395,34.79166945
100.0,91.87500735,34.79166945
53.0,95.62500765,34.79166945
55.0,96.04167435,34.79166945
71.0,96.45834105,34.79166945
100.0,96.87500775,34.79166945
83.0,97.29167445,34.79166945
56.0,97.70834115,34.79166945
81.0,98.54167455,34.79166945
100.0,98.95834125,34.79166945
53.0,102.29167485,34.79166945
52.0,102.70834155,34.79166945
55.0,103.95834165,34.79166945
31.0,105.20834175,34.79166945
0.0,106.87500855,34.79166945
0.0,109.79167545,34.79166945
0.0,-6.87500055000001,34.37500275
0.0,-6.45833385,34.37500275
0.0,-5.62500044999999,34.37500275
0.0,-5.20833375000001,34.37500275
0.0,-4.79166705,34.37500275
0.0,-4.37500034999999,34.37500275
0.0,-3.95833364999999,34.37500275
0.0,-3.54166695000001,34.37500275
0.0,-3.12500025,34.37500275
0.0,32.70833595,34.37500275
0.0,33.12500265,34.37500275
0.0,35.20833615,34.37500275
0.0,36.04166955,34.37500275
0.0,36.45833625,34.37500275
0.0,44.37500355,34.37500275
0.0,52.29167085,34.37500275
0.0,52.70833755,34.37500275
0.0,53.95833765,34.37500275
53.0,65.20833855,34.37500275
97.0,65.62500525,34.37500275
86.0,67.29167205,34.37500275
51.0,68.12500545,34.37500275
2.0,74.79167265,34.37500275
36.0,75.20833935,34.37500275
6.0,76.45833945,34.37500275
19.0,76.87500615,34.37500275
8.0,77.29167285,34.37500275
52.0,78.12500625,34.37500275
27.0,78.54167295,34.37500275
72.0,90.62500725,34.37500275
64.0,91.45834065,34.37500275
97.0,91.87500735,34.37500275
65.0,93.95834085,34.37500275
89.0,96.45834105,34.37500275
63.0,97.29167445,34.37500275
52.0,97.70834115,34.37500275
70.0,98.12500785,34.37500275
58.0,98.95834125,34.37500275
52.0,101.04167475,34.37500275
76.0,102.70834155,34.37500275
54.0,103.95834165,34.37500275
52.0,105.20834175,34.37500275
38.0,105.62500845,34.37500275
0.0,106.87500855,34.37500275
0.0,107.29167525,34.37500275
0.0,108.95834205,34.37500275
0.0,109.37500875,34.37500275
0.0,109.79167545,34.37500275
31.0,-108.54167535,33.95833605
33.0,-108.12500865,33.95833605
37.0,-107.70834195,33.95833605
80.0,-96.45834105,33.95833605
0.0,-7.70833395,33.95833605
0.0,-7.29166724999999,33.95833605
0.0,-6.87500055000001,33.95833605
0.0,-6.45833385,33.95833605
0.0,-6.04166714999999,33.95833605
0.0,-5.62500044999999,33.95833605
0.0,-5.20833375000001,33.95833605
0.0,-2.29166684999998,33.95833605
0.0,0.625000050000011,33.95833605
0.0,3.54166695000001,33.95833605
0.0,35.20833615,33.95833605
0.0,35.62500285,33.95833605
0.0,36.04166955,33.95833605
0.0,44.37500355,33.95833605
0.0,52.29167085,33.95833605
0.0,53.12500425,33.95833605
68.0,67.29167205,33.95833605
8.0,76.45833945,33.95833605
4.0,76.87500615,33.95833605
18.0,77.29167285,33.95833605
15.0,77.70833955,33.95833605
24.0,78.12500625,33.95833605
24.0,78.95833965,33.95833605
63.0,91.45834065,33.95833605
100.0,91.87500735,33.95833605
63.0,94.37500755,33.95833605
67.0,94.79167425,33.95833605
70.0,95.20834095,33.95833605
97.0,95.62500765,33.95833605
54.0,97.29167445,33.95833605
100.0,97.70834115,33.95833605
52.0,98.12500785,33.95833605
52.0,98.54167455,33.95833605
52.0,101.45834145,33.95833605
74.0,101.87500815,33.95833605
21.0,103.54167495,33.95833605
1.0,103.95834165,33.95833605
0.0,104.37500835,33.95833605
0.0,105.20834175,33.95833605
23.0,-96.45834105,33.54166935
0.0,-8.12500065,33.54166935
0.0,-7.29166724999999,33.54166935
0.0,-6.87500055000001,33.54166935
0.0,-6.45833385,33.54166935
0.0,-6.04166714999999,33.54166935
0.0,-5.62500044999999,33.54166935
0.0,6.45833385,33.54166935
0.0,10.20833415,33.54166935
0.0,11.04166755,33.54166935
0.0,11.45833425,33.54166935
0.0,11.87500095,33.54166935
0.0,35.20833615,33.54166935
34.0,48.54167055,33.54166935
49.0,67.29167205,33.54166935
82.0,67.70833875,33.54166935
37.0,75.62500605,33.54166935
10.0,76.87500615,33.54166935
24.0,77.29167285,33.54166935
33.0,77.70833955,33.54166935
11.0,78.95833965,33.54166935
45.0,88.95834045,33.54166935
83.0,90.20834055,33.54166935
75.0,91.45834065,33.54166935
52.0,93.95834085,33.54166935
40.0,94.79167425,33.54166935
52.0,95.20834095,33.54166935
67.0,98.95834125,33.54166935
59.0,101.45834145,33.54166935
67.0,101.87500815,33.54166935
0.0,103.54167495,33.54166935
31.0,105.20834175,33.54166935
0.0,-8.95833404999999,33.12500265
0.0,-8.54166735000001,33.12500265
0.0,-8.12500065,33.12500265
0.0,-6.87500055000001,33.12500265
0.0,-6.45833385,33.12500265
0.0,-6.04166714999999,33.12500265
0.0,-5.62500044999999,33.12500265
0.0,6.04166714999999,33.12500265
0.0,9.79166745000001,33.12500265
0.0,11.04166755,33.12500265
0.0,12.70833435,33.12500265
0.0,13.95833445,33.12500265
0.0,21.45833505,33.12500265
0.0,21.87500175,33.12500265
0.0,22.29166845,33.12500265
0.0,35.62500285,33.12500265
0.0,39.37500315,33.12500265
0.0,41.45833665,33.12500265
0.0,48.12500385,33.12500265
51.0,50.20833735,33.12500265
16.0,65.62500525,33.12500265
0.0,70.62500565,33.12500265
13.0,77.29167285,33.12500265
67.0,88.54167375,33.12500265
51.0,89.79167385,33.12500265
75.0,90.20834055,33.12500265
66.0,90.62500725,33.12500265
100.0,91.45834065,33.12500265
52.0,91.87500735,33.12500265
52.0,92.29167405,33.12500265
55.0,92.70834075,33.12500265
52.0,93.95834085,33.12500265
52.0,94.37500755,33.12500265
74.0,94.79167425,33.12500265
83.0,101.04167475,33.12500265
63.0,101.45834145,33.12500265
78.0,102.29167485,33.12500265
34.0,104.37500835,33.12500265
0.0,106.04167515,33.12500265
0.0,-9.37500075,32.70833595
0.0,-8.54166735000001,32.70833595
0.0,-7.70833395,32.70833595
0.0,-7.29166724999999,32.70833595
0.0,-6.87500055000001,32.70833595
0.0,-6.45833385,32.70833595
0.0,-6.04166714999999,32.70833595
0.0,-3.12500025,32.70833595
0.0,9.79166745000001,32.70833595
0.0,10.20833415,32.70833595
0.0,12.70833435,32.70833595
11.0,13.12500105,32.70833595
0.0,20.62500165,32.70833595
0.0,45.20833695,32.70833595
0.0,69.79167225,32.70833595
0.0,75.20833935,32.70833595
0.0,78.95833965,32.70833595
13.0,86.04167355,32.70833595
97.0,88.12500705,32.70833595
8.0,88.54167375,32.70833595
76.0,88.95834045,32.70833595
60.0,89.37500715,32.70833595
82.0,90.62500725,32.70833595
55.0,91.87500735,32.70833595
69.0,92.29167405,32.70833595
61.0,93.12500745,32.70833595
57.0,94.37500755,32.70833595
52.0,94.79167425,32.70833595
54.0,98.95834125,32.70833595
68.0,100.62500805,32.70833595
55.0,101.45834145,32.70833595
49.0,101.87500815,32.70833595
56.0,103.12500825,32.70833595
80.0,103.95834165,32.70833595
0.0,105.62500845,32.70833595
0.0,-9.37500075,32.29166925
0.0,-8.95833404999999,32.29166925
0.0,-6.87500055000001,32.29166925
0.0,-6.45833385,32.29166925
0.0,5.20833375000001,32.29166925
0.0,6.04166714999999,32.29166925
0.0,6.45833385,32.29166925
0.0,11.04166755,32.29166925
0.0,11.45833425,32.29166925
0.0,13.54166775,32.29166925
0.0,20.62500165,32.29166925
0.0,21.87500175,32.29166925
0.0,34.37500275,32.29166925
0.0,36.45833625,32.29166925
0.0,45.62500365,32.29166925
0.0,46.04167035,32.29166925
0.0,68.95833885,32.29166925
8.0,69.37500555,32.29166925
0.0,70.20833895,32.29166925
52.0,76.87500615,32.29166925
37.0,78.95833965,32.29166925
14.0,85.20834015,32.29166925
54.0,87.70834035,32.29166925
53.0,91.45834065,32.29166925
55.0,91.87500735,32.29166925
53.0,92.29167405,32.29166925
52.0,92.70834075,32.29166925
81.0,93.12500745,32.29166925
70.0,99.37500795,32.29166925
57.0,100.62500805,32.29166925
69.0,101.45834145,32.29166925
54.0,101.87500815,32.29166925
42.0,-101.04167475,31.87500255
0.0,-9.79166745000001,31.87500255
0.0,-9.37500075,31.87500255
0.0,-6.45833385,31.87500255
0.0,-1.87500015000001,31.87500255
0.0,6.04166714999999,31.87500255
0.0,6.45833385,31.87500255
0.0,7.29166724999999,31.87500255
0.0,11.04166755,31.87500255
11.0,12.29166765,31.87500255
0.0,13.54166775,31.87500255
0.0,15.62500125,31.87500255
0.0,19.79166825,31.87500255
0.0,20.62500165,31.87500255
0.0,21.87500175,31.87500255
0.0,35.62500285,31.87500255
0.0,36.45833625,31.87500255
0.0,45.20833695,31.87500255
0.0,46.04167035,31.87500255
0.0,47.29167045,31.87500255
0.0,49.37500395,31.87500255
7.0,68.95833885,31.87500255
12.0,70.20833895,31.87500255
38.0,78.95833965,31.87500255
18.0,79.37500635,31.87500255
38.0,85.20834015,31.87500255
0.0,85.62500685,31.87500255
15.0,86.04167355,31.87500255
13.0,86.87500695,31.87500255
52.0,91.45834065,31.87500255
71.0,91.87500735,31.87500255
77.0,100.20834135,31.87500255
57.0,101.04167475,31.87500255
65.0,101.45834145,31.87500255
67.0,102.70834155,31.87500255
28.0,103.12500825,31.87500255
0.0,-9.37500075,31.45833585
0.0,-8.95833404999999,31.45833585
37.0,-6.04166714999999,31.45833585
0.0,-0.625000050000011,31.45833585
0.0,12.70833435,31.45833585
0.0,14.37500115,31.45833585
0.0,16.04166795,31.45833585
0.0,16.87500135,31.45833585
0.0,21.87500175,31.45833585
0.0,34.37500275,31.45833585
0.0,34.79166945,31.45833585
0.0,46.04167035,31.45833585
0.0,48.12500385,31.45833585
0.0,49.37500395,31.45833585
4.0,68.95833885,31.45833585
17.0,79.37500635,31.45833585
56.0,80.62500645,31.45833585
58.0,81.04167315,31.45833585
49.0,84.79167345,31.45833585
67.0,85.62500685,31.45833585
91.0,86.04167355,31.45833585
59.0,86.45834025,31.45833585
89.0,86.87500695,31.45833585
79.0,88.12500705,31.45833585
56.0,88.54167375,31.45833585
67.0,88.95834045,31.45833585
50.0,89.37500715,31.45833585
83.0,89.79167385,31.45833585
94.0,90.20834055,31.45833585
69.0,90.62500725,31.45833585
100.0,91.04167395,31.45833585
91.0,91.45834065,31.45833585
59.0,92.29167405,31.45833585
61.0,98.12500785,31.45833585
7.0,100.20834135,31.45833585
78.0,101.87500815,31.45833585
11.0,103.54167495,31.45833585
27.0,-108.12500865,31.04166915
73.0,-99.79167465,31.04166915
0.0,-9.37500075,31.04166915
0.0,-8.95833404999999,31.04166915
0.0,-8.54166735000001,31.04166915
0.0,-1.45833345,31.04166915
0.0,6.04166714999999,31.04166915
0.0,6.45833385,31.04166915
0.0,10.20833415,31.04166915
0.0,11.04166755,31.04166915
0.0,13.95833445,31.04166915
0.0,16.04166795,31.04166915
0.0,21.87500175,31.04166915
0.0,41.87500335,31.04166915
0.0,68.12500545,31.04166915
41.0,83.12500665,31.04166915
16.0,85.20834015,31.04166915
62.0,87.70834035,31.04166915
91.0,88.12500705,31.04166915
21.0,88.54167375,31.04166915
55.0,88.95834045,31.04166915
67.0,96.87500775,31.04166915
43.0,98.95834125,31.04166915
53.0,99.79167465,31.04166915
56.0,100.20834135,31.04166915
53.0,101.04167475,31.04166915
32.0,101.45834145,31.04166915
82.0,-98.95834125,30.62500245
0.0,-9.37500075,30.62500245
0.0,-8.95833404999999,30.62500245
0.0,-8.54166735000001,30.62500245
0.0,-8.12500065,30.62500245
0.0,13.95833445,30.62500245
0.0,14.79166785,30.62500245
0.0,16.04166795,30.62500245
0.0,21.87500175,30.62500245
0.0,28.54166895,30.62500245
0.0,34.37500275,30.62500245
0.0,37.29166965,30.62500245
0.0,38.12500305,30.62500245
0.0,40.62500325,30.62500245
0.0,41.45833665,30.62500245
0.0,41.87500335,30.62500245
0.0,58.12500465,30.62500245
0.0,58.54167135,30.62500245
8.0,68.12500545,30.62500245
0.0,81.45833985,30.62500245
70.0,82.29167325,30.62500245
53.0,86.04167355,30.62500245
11.0,86.45834025,30.62500245
60.0,88.95834045,30.62500245
55.0,101.45834145,30.62500245
0.0,-8.95833404999999,30.20833575
0.0,-8.54166735000001,30.20833575
0.0,-7.29166724999999,30.20833575
0.0,8.95833404999999,30.20833575
0.0,11.04166755,30.20833575
0.0,14.79166785,30.20833575
0.0,15.20833455,30.20833575
0.0,16.04166795,30.20833575
0.0,19.79166825,30.20833575
0.0,21.04166835,30.20833575
0.0,21.45833505,30.20833575
0.0,22.70833515,30.20833575
0.0,23.95833525,30.20833575
0.0,26.04166875,30.20833575
0.0,27.29166885,30.20833575
0.0,27.70833555,30.20833575
0.0,28.54166895,30.20833575
0.0,28.95833565,30.20833575
0.0,39.37500315,30.20833575
0.0,39.79166985,30.20833575
0.0,41.45833665,30.20833575
0.0,41.87500335,30.20833575
0.0,42.29167005,30.20833575
0.0,50.20833735,30.20833575
0.0,56.45833785,30.20833575
0.0,79.37500635,30.20833575
77.0,82.70833995,30.20833575
71.0,83.54167335,30.20833575
58.0,84.37500675,30.20833575
0.0,84.79167345,30.20833575
57.0,86.45834025,30.20833575
81.0,86.87500695,30.20833575
57.0,97.70834115,30.20833575
52.0,98.12500785,30.20833575
56.0,99.37500795,30.20833575
66.0,99.79167465,30.20833575
63.0,100.20834135,30.20833575
1.0,100.62500805,30.20833575
59.0,102.29167485,30.20833575
0.0,103.12500825,30.20833575
0.0,-7.70833395,29.79166905
0.0,8.12500065,29.79166905
0.0,12.70833435,29.79166905
0.0,14.79166785,29.79166905
0.0,15.20833455,29.79166905
0.0,19.79166825,29.79166905
0.0,21.04166835,29.79166905
0.0,21.45833505,29.79166905
0.0,22.70833515,29.79166905
0.0,23.54166855,29.79166905
0.0,28.54166895,29.79166905
0.0,38.54166975,29.79166905
0.0,38.95833645,29.79166905
0.0,42.70833675,29.79166905
0.0,43.12500345,29.79166905
0.0,43.54167015,29.79166905
0.0,44.37500355,29.79166905
0.0,44.79167025,29.79166905
0.0,45.20833695,29.79166905
0.0,45.62500365,29.79166905
0.0,46.45833705,29.79166905
0.0,49.37500395,29.79166905
0.0,49.79167065,29.79166905
0.0,79.79167305,29.79166905
23.0,80.62500645,29.79166905
10.0,83.54167335,29.79166905
100.0,86.45834025,29.79166905
43.0,86.87500695,29.79166905
56.0,100.62500805,29.79166905
27.0,101.04167475,29.79166905
0.0,103.12500825,29.79166905
0.0,-5.20833375000001,29.37500235
0.0,12.70833435,29.37500235
0.0,14.79166785,29.37500235
0.0,18.95833485,29.37500235
0.0,21.45833505,29.37500235
0.0,22.70833515,29.37500235
0.0,23.54166855,29.37500235
0.0,28.54166895,29.37500235
0.0,37.70833635,29.37500235
0.0,38.12500305,29.37500235
0.0,38.54166975,29.37500235
0.0,38.95833645,29.37500235
0.0,40.62500325,29.37500235
0.0,45.62500365,29.37500235
0.0,46.04167035,29.37500235
0.0,46.45833705,29.37500235
0.0,46.87500375,29.37500235
0.0,47.29167045,29.37500235
0.0,47.70833715,29.37500235
0.0,55.62500445,29.37500235
87.0,86.04167355,29.37500235
53.0,98.95834125,29.37500235
0.0,-115.20834255,28.95833565
0.0,5.62500045000002,28.95833565
0.0,20.20833495,28.95833565
0.0,22.70833515,28.95833565
0.0,23.95833525,28.95833565
0.0,37.29166965,28.95833565
0.0,38.12500305,28.95833565
0.0,38.54166975,28.95833565
0.0,38.95833645,28.95833565
0.0,50.20833735,28.95833565
0.0,53.12500425,28.95833565
44.0,84.79167345,28.95833565
33.0,85.20834015,28.95833565
37.0,86.45834025,28.95833565
57.0,98.12500785,28.95833565
17.0,98.54167455,28.95833565
29.0,98.95834125,28.95833565
32.0,101.87500815,28.95833565
0.0,-7.70833395,28.54166895
0.0,-5.62500044999999,28.54166895
0.0,-0.208333350000004,28.54166895
0.0,11.87500095,28.54166895
0.0,36.87500295,28.54166895
0.0,41.87500335,28.54166895
0.0,43.54167015,28.54166895
0.0,53.54167095,28.54166895
51.0,86.04167355,28.54166895
57.0,86.45834025,28.54166895
77.0,86.87500695,28.54166895
69.0,99.79167465,28.54166895
13.0,101.87500815,28.54166895
12.0,-102.29167485,28.12500225
0.0,-4.79166705,28.12500225
0.0,12.70833435,28.12500225
0.0,14.79166785,28.12500225
0.0,34.37500275,28.12500225
0.0,35.62500285,28.12500225
0.0,48.12500385,28.12500225
0.0,57.70833795,28.12500225
54.0,102.29167485,28.12500225
0.0,103.54167495,28.12500225
0.0,-3.54166695000001,27.70833555
0.0,11.87500095,27.70833555
0.0,56.87500455,27.70833555
0.0,57.29167125,27.70833555
37.0,57.70833795,27.70833555
0.0,59.79167145,27.70833555
0.0,89.79167385,27.70833555
1.0,99.79167465,27.70833555
1.0,101.45834145,27.70833555
56.0,102.70834155,27.70833555
52.0,103.54167495,27.70833555
0.0,-3.95833364999999,27.29166885
0.0,56.04167115,27.29166885
0.0,56.87500455,27.29166885
11.0,57.29167125,27.29166885
23.0,57.70833795,27.29166885
0.0,58.95833805,27.29166885
14.0,99.79167465,27.29166885
9.0,101.45834145,27.29166885
0.0,101.87500815,27.29166885
0.0,-6.45833385,26.87500215
0.0,-1.45833345,26.87500215
0.0,53.54167095,26.87500215
0.0,53.95833765,26.87500215
0.0,56.04167115,26.87500215
0.0,56.45833785,26.87500215
0.0,57.29167125,26.87500215
0.0,57.70833795,26.87500215
0.0,-105.62500845,26.45833545
0.0,53.95833765,26.45833545
0.0,55.20833775,26.45833545
0.0,57.29167125,26.45833545
0.0,57.70833795,26.45833545
0.0,58.54167135,26.45833545
0.0,59.37500475,26.45833545
0.0,59.79167145,26.45833545
0.0,60.62500485,26.45833545
25.0,101.45834145,26.45833545
0.0,102.70834155,26.45833545
0.0,50.20833735,26.04166875
0.0,51.45833745,26.04166875
0.0,54.79167105,26.04166875
0.0,55.20833775,26.04166875
0.0,56.87500455,26.04166875
0.0,57.29167125,26.04166875
0.0,57.70833795,26.04166875
0.0,58.12500465,26.04166875
0.0,58.54167135,26.04166875
0.0,59.79167145,26.04166875
0.0,60.62500485,26.04166875
0.0,61.45833825,26.04166875
0.0,61.87500495,26.04166875
0.0,62.29167165,26.04166875
0.0,62.70833835,26.04166875
0.0,51.45833745,25.62500205
0.0,55.20833775,25.62500205
0.0,57.29167125,25.62500205
0.0,57.70833795,25.62500205
0.0,58.12500465,25.62500205
0.0,58.54167135,25.62500205
0.0,58.95833805,25.62500205
0.0,59.37500475,25.62500205
0.0,59.79167145,25.62500205
0.0,60.62500485,25.62500205
26.0,61.04167155,25.62500205
14.0,61.45833825,25.62500205
0.0,61.87500495,25.62500205
0.0,62.29167165,25.62500205
0.0,62.70833835,25.62500205
0.0,63.12500505,25.62500205
13.0,98.54167455,25.62500205
6.0,103.54167495,25.62500205
0.0,-8.12500065,25.20833535
0.0,51.04167075,25.20833535
0.0,54.37500435,25.20833535
0.0,59.79167145,25.20833535
0.0,60.20833815,25.20833535
12.0,61.04167155,25.20833535
16.0,61.45833825,25.20833535
0.0,62.29167165,25.20833535
0.0,62.70833835,25.20833535
0.0,49.79167065,24.79166865
0.0,54.37500435,24.79166865
0.0,55.20833775,24.79166865
0.0,-6.04166714999999,24.37500195
17.0,-100.20834135,23.95833525
0.0,49.37500395,23.95833525
0.0,50.20833735,23.95833525
0.0,-6.87500055000001,23.54166855
0.0,58.54167135,23.54166855
0.0,58.95833805,23.54166855
0.0,48.54167055,23.12500185
0.0,-101.04167475,22.70833515
0.0,-7.29166724999999,22.70833515
0.0,-6.87500055000001,22.70833515
0.0,3.12500025,22.70833515
0.0,59.79167145,22.29166845
0.0,-5.20833375000001,21.87500175
0.0,-0.208333350000004,21.45833505
0.0,59.37500475,21.45833505
0.0,-13.12500105,21.04166835
21.0,-98.95834125,19.79166825
31.0,-98.54167455,19.79166825
24.0,-98.12500785,19.79166825
0.0,9.37500075,19.79166825
0.0,-0.208333350000004,16.87500135
13.0,0.208333350000004,16.87500135
12.0,0.625000050000011,16.87500135
71.0,-79.37500635,-6.04166715000001
0.0,-78.95833965,-6.04166715000001
2.0,-78.54167295,-6.04166715000001
0.0,-77.29167285,-6.04166715000001
28.0,-77.70833955,-6.87500055000001
24.0,-77.70833955,-7.70833395000001
11.0,-77.29167285,-7.70833395000001
54.0,-75.62500605,-10.62500085
35.0,-71.87500575,-13.12500105
2.0,-75.62500605,-13.54166775
28.0,-75.20833935,-13.54166775
49.0,-74.37500595,-13.54166775
100.0,-73.54167255,-13.54166775
22.0,-71.87500575,-13.54166775
48.0,-71.45833905,-13.54166775
40.0,-74.37500595,-13.95833445
56.0,-73.54167255,-13.95833445
59.0,-73.12500585,-13.95833445
74.0,-72.70833915,-13.95833445
23.0,-71.87500575,-13.95833445
54.0,-71.45833905,-13.95833445
52.0,-71.04167235,-13.95833445
57.0,-70.62500565,-13.95833445
97.0,-70.20833895,-13.95833445
49.0,-73.95833925,-14.37500115
59.0,-73.54167255,-14.37500115
58.0,-73.12500585,-14.37500115
92.0,-71.87500575,-14.37500115
49.0,-71.45833905,-14.37500115
53.0,-71.04167235,-14.37500115
70.0,-70.62500565,-14.37500115
59.0,-70.20833895,-14.37500115
13.0,-73.54167255,-14.79166785
55.0,-73.12500585,-14.79166785
56.0,-71.87500575,-14.79166785
57.0,-71.45833905,-14.79166785
59.0,-71.04167235,-14.79166785
51.0,-70.20833895,-14.79166785
24.0,-68.95833885,-14.79166785
58.0,-72.29167245,-15.20833455
54.0,-71.45833905,-15.20833455
27.0,-71.04167235,-15.20833455
54.0,-70.20833895,-15.20833455
70.0,-69.79167225,-15.20833455
55.0,-69.37500555,-15.20833455
57.0,-68.95833885,-15.20833455
21.0,-71.45833905,-15.62500125
39.0,-70.62500565,-15.62500125
30.0,-70.20833895,-15.62500125
0.0,-69.79167225,-15.62500125
39.0,-68.95833885,-15.62500125
14.0,-70.62500565,-16.04166795
27.0,-70.20833895,-16.04166795
55.0,-69.79167225,-16.04166795
0.0,-68.95833885,-16.04166795
100.0,-68.54167215,-16.04166795
31.0,-68.54167215,-16.45833465
0.0,-68.12500545,-16.45833465
14.0,-70.20833895,-16.87500135
0.0,-68.95833885,-16.87500135
27.0,-68.12500545,-16.87500135
0.0,-67.70833875,-16.87500135
73.0,-66.45833865,-16.87500135
0.0,-68.95833885,-17.29166805
0.0,-68.54167215,-17.29166805
11.0,-68.12500545,-17.29166805
24.0,-67.70833875,-17.29166805
15.0,-67.29167205,-17.29166805
14.0,-66.87500535,-17.29166805
59.0,-66.45833865,-17.29166805
66.0,-66.04167195,-17.29166805
0.0,-68.95833885,-17.70833475
4.0,-68.12500545,-17.70833475
0.0,-67.70833875,-17.70833475
0.0,-66.87500535,-17.70833475
55.0,-66.45833865,-17.70833475
27.0,-66.04167195,-17.70833475
59.0,-65.62500525,-17.70833475
0.0,-68.54167215,-18.12500145
0.0,-67.70833875,-18.12500145
0.0,-67.29167205,-18.12500145
12.0,-66.45833865,-18.12500145
0.0,-65.62500525,-18.12500145
0.0,-68.95833885,-18.54166815
0.0,-68.54167215,-18.54166815
0.0,-68.12500545,-18.54166815
0.0,-67.70833875,-18.54166815
16.0,-66.87500535,-18.54166815
0.0,-66.45833865,-18.54166815
0.0,-66.04167195,-18.54166815
0.0,-65.62500525,-18.54166815
0.0,-68.54167215,-18.95833485
0.0,-68.12500545,-18.95833485
0.0,-67.70833875,-18.95833485
0.0,-67.29167205,-18.95833485
0.0,-66.87500535,-18.95833485
0.0,-66.45833865,-18.95833485
0.0,-66.04167195,-18.95833485
0.0,-68.54167215,-19.37500155
0.0,-68.12500545,-19.37500155
0.0,-67.70833875,-19.37500155
0.0,-67.29167205,-19.37500155
0.0,-66.87500535,-19.37500155
0.0,-66.45833865,-19.37500155
0.0,-66.04167195,-19.37500155
30.0,-65.20833855,-19.37500155
0.0,-64.79167185,-19.37500155
0.0,-68.54167215,-19.79166825
0.0,-68.12500545,-19.79166825
0.0,-67.70833875,-19.79166825
0.0,-67.29167205,-19.79166825
0.0,-66.87500535,-19.79166825
0.0,-66.45833865,-19.79166825
0.0,-66.04167195,-19.79166825
12.0,-64.79167185,-19.79166825
0.0,-68.54167215,-20.20833495
0.0,-68.12500545,-20.20833495
0.0,-67.70833875,-20.20833495
0.0,-66.87500535,-20.20833495
30.0,-64.79167185,-20.20833495
0.0,-68.54167215,-20.62500165
0.0,-68.12500545,-20.62500165
0.0,-67.70833875,-20.62500165
0.0,-67.29167205,-20.62500165
0.0,-66.87500535,-20.62500165
0.0,-66.45833865,-20.62500165
0.0,-65.62500525,-20.62500165
0.0,-64.79167185,-20.62500165
0.0,-68.12500545,-21.04166835
0.0,-67.70833875,-21.04166835
0.0,-67.29167205,-21.04166835
0.0,-66.87500535,-21.04166835
0.0,-66.45833865,-21.04166835
0.0,-68.12500545,-21.45833505
0.0,-67.70833875,-21.45833505
0.0,-67.29167205,-21.45833505
0.0,-67.70833875,-21.87500175
0.0,-67.70833875,-22.29166845
0.0,-66.87500535,-23.12500185
0.0,-66.45833865,-23.12500185
0.0,-65.62500525,-23.54166855
0.0,-67.29167205,-23.95833525
14.0,-65.62500525,-23.95833525
26.0,-65.62500525,-24.37500195
0.0,-66.45833865,-24.79166865
0.0,-66.04167195,-24.79166865
30.0,-66.45833865,-25.20833535
0.0,-66.45833865,-25.62500205
0.0,-67.29167205,-26.04166875
0.0,-67.29167205,-26.45833545
0.0,-66.04167195,-26.45833545
9.0,-65.62500525,-26.45833545
0.0,-66.87500535,-26.87500215
0.0,-66.45833865,-26.87500215
27.0,-66.04167195,-26.87500215
0.0,-68.54167215,-27.70833555
0.0,-70.62500565,-28.12500225
0.0,-71.45833905,-29.37500235
0.0,-71.87500575,-30.20833575
0.0,-71.87500575,-30.62500245
0.0,-71.87500575,-31.04166915
0.0,-71.87500575,-31.45833585
0.0,-71.87500575,-31.87500255
0.0,-71.87500575,-32.29166925
0.0,-71.87500575,-32.70833595
0.0,-68.54167215,-32.70833595
0.0,-71.87500575,-33.12500265
0.0,-71.87500575,-33.54166935
0.0,-72.29167245,-33.95833605
38.0,-71.45833905,-33.95833605
0.0,-72.29167245,-34.37500275
0.0,-70.20833895,-34.37500275
0.0,-72.29167245,-34.79166945
30.0,-71.87500575,-34.79166945
0.0,-72.70833915,-35.20833615
0.0,-72.29167245,-35.20833615
0.0,-72.70833915,-35.62500285
0.0,-73.12500585,-36.04166955
0.0,-70.20833895,-36.04166955
0.0,-69.79167225,-36.04166955
0.0,-73.54167255,-36.87500295
11.0,-73.54167255,-37.29166965
0.0,-73.12500585,-37.29166965
0.0,-73.54167255,-37.70833635
0.0,-71.87500575,-38.12500305
0.0,-73.54167255,-38.54166975
0.0,-73.54167255,-38.95833645
0.0,-73.54167255,-39.37500315
0.0,-71.87500575,-39.37500315
0.0,-71.45833905,-39.37500315
0.0,-73.54167255,-39.79166985
0.0,-73.12500585,-39.79166985
0.0,-71.87500575,-39.79166985
0.0,-73.54167255,-40.20833655
0.0,-72.70833915,-40.20833655
0.0,-72.29167245,-40.20833655
16.0,-71.87500575,-40.20833655
0.0,-73.54167255,-40.62500325
18.0,-71.87500575,-40.62500325
0.0,-71.45833905,-40.62500325
13.0,-71.45833905,-41.45833665
0.0,-70.20833895,-41.45833665
3.0,-71.87500575,-41.87500335
26.0,-71.45833905,-42.70833675
0.0,-70.62500565,-42.70833675
15.0,-70.20833895,-42.70833675
14.0,-71.45833905,-46.04167035
