soiltype_mostprobable,x,y
255.0,100.62500805,76.87500615
255.0,88.12500705,75.62500605
6.0,90.20834055,74.79167265
6.0,91.04167395,74.79167265
6.0,96.87500775,74.79167265
6.0,89.79167385,74.37500595
6.0,90.62500725,74.37500595
6.0,93.95834085,74.37500595
14.0,100.20834135,73.95833925
14.0,102.29167485,73.54167255
6.0,-114.37500915,71.87500575
255.0,-154.37501235,71.45833905
255.0,-153.95834565,71.45833905
255.0,-115.62500925,71.45833905
8.0,-116.45834265,70.62500565
255.0,-114.37500915,70.62500565
255.0,-113.95834245,70.62500565
255.0,-140.62501125,70.20833895
6.0,-114.37500915,70.20833895
6.0,-147.70834515,69.79167225
6.0,-115.20834255,69.79167225
6.0,-114.37500915,69.79167225
6.0,-120.20834295,69.37500555
8.0,-113.95834245,69.37500555
8.0,-127.70834355,68.95833885
6.0,-118.12500945,68.95833885
255.0,-117.29167605,68.95833885
255.0,-114.79167585,68.95833885
8.0,-126.45834345,68.54167215
255.0,-139.79167785,68.12500545
255.0,-163.95834645,67.29167205
8.0,-139.37501115,67.29167205
6.0,-140.20834455,66.45833865
8.0,86.04167355,62.70833835
14.0,86.45834025,62.70833835
14.0,-164.79167985,62.29167165
8.0,85.62500685,62.29167165
14.0,84.79167345,61.87500495
14.0,85.20834015,61.87500495
23.0,85.62500685,61.87500495
14.0,86.04167355,61.87500495
14.0,86.45834025,61.87500495
8.0,86.87500695,61.87500495
14.0,84.37500675,61.45833825
14.0,84.79167345,61.45833825
14.0,85.20834015,61.45833825
8.0,85.62500685,61.45833825
23.0,86.04167355,61.45833825
23.0,86.45834025,61.45833825
8.0,86.87500695,61.45833825
14.0,87.29167365,61.45833825
8.0,87.70834035,61.45833825
23.0,83.54167335,61.04167155
8.0,83.95834005,61.04167155
23.0,84.37500675,61.04167155
14.0,84.79167345,61.04167155
14.0,85.20834015,61.04167155
14.0,85.62500685,61.04167155
14.0,86.04167355,61.04167155
6.0,86.45834025,61.04167155
8.0,86.87500695,61.04167155
8.0,87.29167365,61.04167155
8.0,87.70834035,61.04167155
14.0,88.12500705,61.04167155
255.0,-135.20834415,60.62500485
14.0,82.70833995,60.62500485
14.0,83.12500665,60.62500485
14.0,83.54167335,60.62500485
23.0,83.95834005,60.62500485
1.0,84.37500675,60.62500485
14.0,84.79167345,60.62500485
14.0,85.20834015,60.62500485
23.0,85.62500685,60.62500485
1.0,86.04167355,60.62500485
14.0,86.45834025,60.62500485
8.0,86.87500695,60.62500485
23.0,87.29167365,60.62500485
8.0,87.70834035,60.62500485
1.0,88.12500705,60.62500485
6.0,17.29166805,60.20833815
6.0,17.70833475,60.20833815
1.0,81.87500655,60.20833815
14.0,83.12500665,60.20833815
1.0,84.37500675,60.20833815
14.0,85.62500685,60.20833815
1.0,86.87500695,60.20833815
23.0,88.12500705,60.20833815
1.0,33.95833605,59.79167145
18.0,-156.45834585,59.37500475
6.0,-130.20834375,59.37500475
1.0,70.20833895,59.37500475
1.0,70.62500565,59.37500475
14.0,71.45833905,59.37500475
1.0,71.87500575,59.37500475
1.0,78.12500625,59.37500475
14.0,79.37500635,59.37500475
14.0,80.62500645,59.37500475
14.0,81.87500655,59.37500475
14.0,83.12500665,59.37500475
14.0,84.37500675,59.37500475
14.0,85.62500685,59.37500475
14.0,86.87500695,59.37500475
6.0,-156.45834585,58.95833805
255.0,-136.45834425,58.95833805
6.0,-132.70834395,58.95833805
18.0,62.29167165,58.95833805
14.0,76.87500615,58.95833805
1.0,78.12500625,58.95833805
1.0,79.37500635,58.95833805
14.0,80.62500645,58.95833805
255.0,81.87500655,58.95833805
14.0,83.12500665,58.95833805
14.0,84.37500675,58.95833805
14.0,85.62500685,58.95833805
14.0,86.87500695,58.95833805
6.0,-157.29167925,58.54167135
6.0,-128.12501025,58.54167135
255.0,18.12500145,58.54167135
1.0,49.79167065,58.54167135
1.0,50.62500405,58.54167135
6.0,59.79167145,58.54167135
1.0,69.79167225,58.54167135
14.0,71.04167235,58.54167135
14.0,72.29167245,58.54167135
14.0,73.54167255,58.54167135
14.0,74.79167265,58.54167135
14.0,76.04167275,58.54167135
1.0,76.45833945,58.54167135
1.0,76.87500615,58.54167135
1.0,77.29167285,58.54167135
1.0,77.70833955,58.54167135
1.0,78.12500625,58.54167135
1.0,78.54167295,58.54167135
1.0,78.95833965,58.54167135
14.0,79.37500635,58.54167135
14.0,79.79167305,58.54167135
14.0,80.20833975,58.54167135
1.0,80.62500645,58.54167135
1.0,81.04167315,58.54167135
14.0,81.45833985,58.54167135
14.0,81.87500655,58.54167135
14.0,82.29167325,58.54167135
1.0,82.70833995,58.54167135
1.0,83.12500665,58.54167135
1.0,83.54167335,58.54167135
14.0,83.95834005,58.54167135
14.0,84.37500675,58.54167135
1.0,84.79167345,58.54167135
1.0,85.20834015,58.54167135
1.0,85.62500685,58.54167135
1.0,86.04167355,58.54167135
1.0,86.45834025,58.54167135
1.0,86.87500695,58.54167135
1.0,87.29167365,58.54167135
6.0,96.04167435,58.54167135
255.0,19.79166825,58.12500465
1.0,49.79167065,58.12500465
6.0,59.79167145,58.12500465
6.0,60.62500485,58.12500465
20.0,68.54167215,58.12500465
1.0,68.95833885,58.12500465
1.0,69.37500555,58.12500465
1.0,69.79167225,58.12500465
1.0,70.20833895,58.12500465
6.0,70.62500565,58.12500465
14.0,71.04167235,58.12500465
14.0,72.29167245,58.12500465
14.0,72.70833915,58.12500465
14.0,73.12500585,58.12500465
1.0,73.54167255,58.12500465
1.0,73.95833925,58.12500465
1.0,74.37500595,58.12500465
14.0,74.79167265,58.12500465
1.0,75.20833935,58.12500465
1.0,75.62500605,58.12500465
14.0,76.04167275,58.12500465
14.0,76.45833945,58.12500465
1.0,78.54167295,58.12500465
1.0,78.95833965,58.12500465
14.0,82.29167325,58.12500465
14.0,82.70833995,58.12500465
255.0,83.12500665,58.12500465
1.0,83.54167335,58.12500465
1.0,83.95834005,58.12500465
1.0,84.37500675,58.12500465
1.0,84.79167345,58.12500465
1.0,85.20834015,58.12500465
1.0,85.62500685,58.12500465
1.0,86.04167355,58.12500465
1.0,86.45834025,58.12500465
1.0,86.87500695,58.12500465
1.0,87.29167365,58.12500465
255.0,94.79167425,58.12500465
255.0,19.79166825,57.70833795
1.0,45.20833695,57.70833795
1.0,45.62500365,57.70833795
1.0,50.20833735,57.70833795
1.0,54.79167105,57.70833795
18.0,68.54167215,57.70833795
1.0,72.29167245,57.70833795
1.0,73.54167255,57.70833795
1.0,74.79167265,57.70833795
1.0,83.12500665,57.70833795
14.0,83.54167335,57.70833795
14.0,83.95834005,57.70833795
1.0,84.37500675,57.70833795
1.0,84.79167345,57.70833795
1.0,85.20834015,57.70833795
1.0,85.62500685,57.70833795
1.0,86.04167355,57.70833795
1.0,86.45834025,57.70833795
1.0,86.87500695,57.70833795
1.0,87.29167365,57.70833795
1.0,91.87500735,57.70833795
1.0,92.70834075,57.70833795
1.0,93.54167415,57.70833795
6.0,-125.20834335,57.29167125
255.0,19.37500155,57.29167125
1.0,45.20833695,57.29167125
1.0,52.70833755,57.29167125
20.0,53.95833765,57.29167125
1.0,58.54167135,57.29167125
18.0,63.95833845,57.29167125
1.0,73.95833925,57.29167125
1.0,74.37500595,57.29167125
1.0,75.20833935,57.29167125
1.0,84.37500675,57.29167125
1.0,85.20834015,57.29167125
1.0,85.62500685,57.29167125
1.0,86.87500695,57.29167125
1.0,87.29167365,57.29167125
255.0,18.95833485,56.87500455
12.0,22.29166845,56.87500455
18.0,22.70833515,56.87500455
1.0,26.87500215,56.87500455
1.0,44.37500355,56.87500455
1.0,45.62500365,56.87500455
1.0,46.87500375,56.87500455
1.0,48.12500385,56.87500455
1.0,49.37500395,56.87500455
1.0,51.87500415,56.87500455
1.0,55.20833775,56.87500455
1.0,56.87500455,56.87500455
1.0,58.12500465,56.87500455
1.0,58.54167135,56.87500455
6.0,59.37500475,56.87500455
1.0,74.79167265,56.87500455
20.0,75.20833935,56.87500455
20.0,75.62500605,56.87500455
20.0,83.95834005,56.87500455
1.0,84.37500675,56.87500455
1.0,84.79167345,56.87500455
1.0,85.20834015,56.87500455
1.0,85.62500685,56.87500455
20.0,86.04167355,56.87500455
20.0,86.45834025,56.87500455
1.0,86.87500695,56.87500455
1.0,87.70834035,56.87500455
1.0,88.54167375,56.87500455
1.0,90.20834055,56.87500455
20.0,91.45834065,56.87500455
1.0,91.87500735,56.87500455
20.0,93.54167415,56.87500455
6.0,23.95833525,56.45833785
1.0,38.95833645,56.45833785
20.0,68.12500545,56.45833785
20.0,84.37500675,56.45833785
1.0,85.62500685,56.45833785
1.0,86.04167355,56.45833785
20.0,86.45834025,56.45833785
1.0,88.54167375,56.45833785
1.0,88.95834045,56.45833785
20.0,89.37500715,56.45833785
1.0,89.79167385,56.45833785
7.0,93.12500745,56.45833785
7.0,93.54167415,56.45833785
255.0,16.87500135,56.04167115
255.0,36.87500295,56.04167115
1.0,37.29166965,56.04167115
1.0,37.70833635,56.04167115
1.0,38.12500305,56.04167115
1.0,38.95833645,56.04167115
1.0,39.37500315,56.04167115
20.0,54.79167105,56.04167115
20.0,84.79167345,56.04167115
1.0,85.20834015,56.04167115
20.0,85.62500685,56.04167115
20.0,86.04167355,56.04167115
1.0,86.45834025,56.04167115
20.0,87.29167365,56.04167115
20.0,88.12500705,56.04167115
1.0,88.95834045,56.04167115
255.0,93.12500745,56.04167115
6.0,93.54167415,56.04167115
1.0,36.87500295,55.62500445
1.0,38.12500305,55.62500445
1.0,39.37500315,55.62500445
1.0,42.70833675,55.62500445
20.0,48.54167055,55.62500445
6.0,59.37500475,55.62500445
1.0,83.54167335,55.62500445
20.0,83.95834005,55.62500445
20.0,84.37500675,55.62500445
20.0,84.79167345,55.62500445
20.0,85.20834015,55.62500445
20.0,85.62500685,55.62500445
1.0,86.04167355,55.62500445
6.0,86.45834025,55.62500445
1.0,86.87500695,55.62500445
6.0,91.04167395,55.62500445
255.0,92.29167405,55.62500445
20.0,92.70834075,55.62500445
20.0,93.12500745,55.62500445
255.0,14.37500115,55.20833775
1.0,36.87500295,55.20833775
1.0,37.29166965,55.20833775
20.0,38.54166975,55.20833775
1.0,38.95833645,55.20833775
20.0,46.04167035,55.20833775
20.0,48.54167055,55.20833775
20.0,51.04167075,55.20833775
20.0,63.54167175,55.20833775
20.0,73.12500585,55.20833775
20.0,77.29167285,55.20833775
20.0,78.12500625,55.20833775
20.0,79.79167305,55.20833775
20.0,83.54167335,55.20833775
20.0,83.95834005,55.20833775
20.0,84.37500675,55.20833775
20.0,84.79167345,55.20833775
20.0,85.20834015,55.20833775
20.0,85.62500685,55.20833775
20.0,86.04167355,55.20833775
20.0,86.45834025,55.20833775
1.0,86.87500695,55.20833775
23.0,87.29167365,55.20833775
23.0,88.54167375,55.20833775
23.0,88.95834045,55.20833775
12.0,93.12500745,55.20833775
6.0,93.54167415,55.20833775
6.0,93.95834085,55.20833775
255.0,12.70833435,54.79167105
255.0,13.54166775,54.79167105
255.0,15.20833455,54.79167105
255.0,16.87500135,54.79167105
18.0,20.62500165,54.79167105
23.0,21.45833505,54.79167105
6.0,21.87500175,54.79167105
6.0,22.29166845,54.79167105
1.0,23.95833525,54.79167105
1.0,36.87500295,54.79167105
20.0,43.54167015,54.79167105
20.0,46.04167035,54.79167105
20.0,48.12500385,54.79167105
20.0,48.54167055,54.79167105
255.0,48.95833725,54.79167105
20.0,50.62500405,54.79167105
20.0,51.04167075,54.79167105
20.0,51.45833745,54.79167105
20.0,51.87500415,54.79167105
6.0,52.70833755,54.79167105
20.0,60.62500485,54.79167105
20.0,61.87500495,54.79167105
20.0,80.62500645,54.79167105
20.0,81.45833985,54.79167105
20.0,82.29167325,54.79167105
20.0,82.70833995,54.79167105
20.0,83.54167335,54.79167105
20.0,83.95834005,54.79167105
20.0,84.79167345,54.79167105
20.0,85.20834015,54.79167105
20.0,86.04167355,54.79167105
20.0,86.45834025,54.79167105
1.0,86.87500695,54.79167105
23.0,87.29167365,54.79167105
23.0,88.95834045,54.79167105
7.0,89.79167385,54.79167105
6.0,93.12500745,54.79167105
12.0,93.54167415,54.79167105
6.0,93.95834085,54.79167105
12.0,94.37500755,54.79167105
6.0,94.79167425,54.79167105
6.0,95.20834095,54.79167105
255.0,-3.95833364999999,54.37500435
1.0,36.87500295,54.37500435
20.0,37.29166965,54.37500435
20.0,51.04167075,54.37500435
20.0,69.37500555,54.37500435
20.0,81.45833985,54.37500435
7.0,81.87500655,54.37500435
18.0,82.29167325,54.37500435
20.0,82.70833995,54.37500435
20.0,83.12500665,54.37500435
20.0,83.54167335,54.37500435
20.0,83.95834005,54.37500435
20.0,84.37500675,54.37500435
1.0,85.20834015,54.37500435
20.0,85.62500685,54.37500435
20.0,86.45834025,54.37500435
23.0,87.70834035,54.37500435
23.0,88.12500705,54.37500435
23.0,88.54167375,54.37500435
23.0,88.95834045,54.37500435
6.0,89.37500715,54.37500435
20.0,92.70834075,54.37500435
6.0,93.12500745,54.37500435
6.0,93.54167415,54.37500435
6.0,94.37500755,54.37500435
23.0,94.79167425,54.37500435
23.0,95.20834095,54.37500435
1.0,36.87500295,53.95833765
20.0,39.79166985,53.95833765
20.0,41.87500335,53.95833765
6.0,57.29167125,53.95833765
7.0,68.54167215,53.95833765
20.0,81.04167315,53.95833765
20.0,81.45833985,53.95833765
20.0,82.70833995,53.95833765
20.0,83.12500665,53.95833765
20.0,84.37500675,53.95833765
6.0,85.62500685,53.95833765
20.0,86.45834025,53.95833765
20.0,86.87500695,53.95833765
18.0,87.29167365,53.95833765
23.0,88.12500705,53.95833765
23.0,88.54167375,53.95833765
23.0,88.95834045,53.95833765
6.0,89.37500715,53.95833765
6.0,89.79167385,53.95833765
7.0,91.87500735,53.95833765
6.0,93.95834085,53.95833765
6.0,94.79167425,53.95833765
16.0,95.20834095,53.95833765
255.0,-5.62500044999999,53.54167095
1.0,28.54166895,53.54167095
1.0,30.20833575,53.54167095
1.0,30.62500245,53.54167095
1.0,31.04166915,53.54167095
1.0,36.04166955,53.54167095
1.0,36.45833625,53.54167095
1.0,37.29166965,53.54167095
20.0,37.70833635,53.54167095
20.0,38.54166975,53.54167095
20.0,43.95833685,53.54167095
20.0,44.79167025,53.54167095
6.0,46.04167035,53.54167095
6.0,46.45833705,53.54167095
6.0,47.29167045,53.54167095
20.0,48.54167055,53.54167095
20.0,49.37500395,53.54167095
6.0,49.79167065,53.54167095
7.0,50.20833735,53.54167095
7.0,50.62500405,53.54167095
20.0,51.45833745,53.54167095
7.0,51.87500415,53.54167095
7.0,56.45833785,53.54167095
6.0,57.70833795,53.54167095
20.0,67.29167205,53.54167095
7.0,71.04167235,53.54167095
20.0,78.95833965,53.54167095
12.0,79.37500635,53.54167095
20.0,79.79167305,53.54167095
7.0,81.04167315,53.54167095
7.0,81.45833985,53.54167095
20.0,81.87500655,53.54167095
20.0,82.29167325,53.54167095
18.0,82.70833995,53.54167095
20.0,83.12500665,53.54167095
18.0,83.54167335,53.54167095
20.0,83.95834005,53.54167095
20.0,84.37500675,53.54167095
20.0,84.79167345,53.54167095
20.0,85.20834015,53.54167095
20.0,85.62500685,53.54167095
20.0,86.04167355,53.54167095
6.0,86.45834025,53.54167095
255.0,86.87500695,53.54167095
23.0,87.29167365,53.54167095
23.0,88.12500705,53.54167095
6.0,89.37500715,53.54167095
6.0,89.79167385,53.54167095
7.0,90.62500725,53.54167095
6.0,93.95834085,53.54167095
23.0,94.37500755,53.54167095
7.0,23.12500185,53.12500425
1.0,23.54166855,53.12500425
1.0,28.12500225,53.12500425
1.0,28.54166895,53.12500425
1.0,30.62500245,53.12500425
20.0,36.87500295,53.12500425
20.0,39.37500315,53.12500425
1.0,41.87500335,53.12500425
20.0,43.12500345,53.12500425
7.0,61.04167155,53.12500425
7.0,61.87500495,53.12500425
255.0,63.12500505,53.12500425
7.0,63.54167175,53.12500425
15.0,73.12500585,53.12500425
15.0,75.20833935,53.12500425
7.0,79.37500635,53.12500425
12.0,80.62500645,53.12500425
20.0,81.87500655,53.12500425
7.0,82.70833995,53.12500425
7.0,83.12500665,53.12500425
1.0,83.95834005,53.12500425
1.0,84.37500675,53.12500425
20.0,85.62500685,53.12500425
20.0,86.04167355,53.12500425
6.0,86.45834025,53.12500425
23.0,86.87500695,53.12500425
1.0,87.29167365,53.12500425
23.0,87.70834035,53.12500425
23.0,88.12500705,53.12500425
23.0,88.54167375,53.12500425
23.0,89.37500715,53.12500425
6.0,89.79167385,53.12500425
7.0,90.20834055,53.12500425
18.0,90.62500725,53.12500425
20.0,92.29167405,53.12500425
18.0,-116.45834265,52.70833755
255.0,-55.62500445,52.70833755
1.0,23.12500185,52.70833755
1.0,23.54166855,52.70833755
1.0,30.62500245,52.70833755
20.0,35.62500285,52.70833755
20.0,36.04166955,52.70833755
7.0,61.87500495,52.70833755
20.0,68.54167215,52.70833755
7.0,68.95833885,52.70833755
15.0,75.20833935,52.70833755
15.0,78.12500625,52.70833755
15.0,79.37500635,52.70833755
7.0,80.62500645,52.70833755
7.0,81.87500655,52.70833755
7.0,83.12500665,52.70833755
6.0,83.95834005,52.70833755
18.0,84.37500675,52.70833755
20.0,85.62500685,52.70833755
20.0,86.04167355,52.70833755
6.0,86.45834025,52.70833755
6.0,86.87500695,52.70833755
6.0,87.29167365,52.70833755
23.0,88.12500705,52.70833755
23.0,88.54167375,52.70833755
23.0,88.95834045,52.70833755
6.0,89.37500715,52.70833755
7.0,89.79167385,52.70833755
6.0,90.62500725,52.70833755
6.0,91.45834065,52.70833755
6.0,91.87500735,52.70833755
6.0,100.20834135,52.70833755
255.0,-55.62500445,52.29167085
255.0,-55.20833775,52.29167085
11.0,16.87500135,52.29167085
7.0,18.95833485,52.29167085
1.0,23.95833525,52.29167085
1.0,29.79166905,52.29167085
1.0,31.04166915,52.29167085
1.0,32.29166925,52.29167085
1.0,35.62500285,52.29167085
20.0,36.04166955,52.29167085
20.0,36.87500295,52.29167085
20.0,37.29166965,52.29167085
7.0,39.37500315,52.29167085
7.0,41.87500335,52.29167085
7.0,43.12500345,52.29167085
7.0,44.37500355,52.29167085
7.0,46.87500375,52.29167085
7.0,47.29167045,52.29167085
255.0,48.12500385,52.29167085
7.0,51.04167075,52.29167085
7.0,53.54167095,52.29167085
7.0,53.95833765,52.29167085
7.0,55.20833775,52.29167085
7.0,55.62500445,52.29167085
7.0,56.45833785,52.29167085
18.0,57.70833795,52.29167085
7.0,58.12500465,52.29167085
7.0,58.54167135,52.29167085
7.0,58.95833805,52.29167085
7.0,59.37500475,52.29167085
15.0,64.37500515,52.29167085
15.0,64.79167185,52.29167085
7.0,67.29167205,52.29167085
15.0,73.12500585,52.29167085
15.0,75.62500605,52.29167085
15.0,78.12500625,52.29167085
15.0,78.54167295,52.29167085
15.0,78.95833965,52.29167085
15.0,79.37500635,52.29167085
26.0,79.79167305,52.29167085
7.0,80.20833975,52.29167085
7.0,80.62500645,52.29167085
6.0,81.04167315,52.29167085
6.0,81.45833985,52.29167085
7.0,81.87500655,52.29167085
7.0,82.29167325,52.29167085
7.0,82.70833995,52.29167085
7.0,83.12500665,52.29167085
7.0,83.54167335,52.29167085
20.0,83.95834005,52.29167085
20.0,84.37500675,52.29167085
7.0,84.79167345,52.29167085
7.0,85.20834015,52.29167085
20.0,85.62500685,52.29167085
20.0,86.04167355,52.29167085
6.0,86.45834025,52.29167085
6.0,86.87500695,52.29167085
23.0,87.29167365,52.29167085
6.0,88.12500705,52.29167085
6.0,88.54167375,52.29167085
6.0,88.95834045,52.29167085
23.0,89.37500715,52.29167085
6.0,90.62500725,52.29167085
6.0,91.45834065,52.29167085
6.0,93.54167415,52.29167085
6.0,-116.04167595,51.87500415
255.0,-55.20833775,51.87500415
6.0,10.62500085,51.87500415
1.0,26.87500215,51.87500415
1.0,28.54166895,51.87500415
1.0,29.79166905,51.87500415
1.0,30.20833575,51.87500415
1.0,32.70833595,51.87500415
1.0,33.95833605,51.87500415
20.0,34.37500275,51.87500415
20.0,35.20833615,51.87500415
20.0,35.62500285,51.87500415
20.0,36.45833625,51.87500415
20.0,36.87500295,51.87500415
7.0,47.70833715,51.87500415
7.0,48.12500385,51.87500415
7.0,56.45833785,51.87500415
7.0,58.95833805,51.87500415
7.0,59.37500475,51.87500415
7.0,59.79167145,51.87500415
15.0,61.45833825,51.87500415
15.0,64.37500515,51.87500415
15.0,64.79167185,51.87500415
7.0,66.87500535,51.87500415
7.0,68.54167215,51.87500415
15.0,78.12500625,51.87500415
15.0,79.37500635,51.87500415
6.0,80.62500645,51.87500415
7.0,81.04167315,51.87500415
7.0,81.87500655,51.87500415
7.0,82.29167325,51.87500415
20.0,83.54167335,51.87500415
18.0,83.95834005,51.87500415
6.0,84.79167345,51.87500415
18.0,85.20834015,51.87500415
20.0,85.62500685,51.87500415
6.0,86.04167355,51.87500415
18.0,86.45834025,51.87500415
6.0,86.87500695,51.87500415
23.0,87.29167365,51.87500415
6.0,87.70834035,51.87500415
23.0,88.12500705,51.87500415
6.0,88.54167375,51.87500415
6.0,89.79167385,51.87500415
6.0,91.04167395,51.87500415
6.0,91.87500735,51.87500415
23.0,101.04167475,51.87500415
26.0,-111.04167555,51.45833745
23.0,-56.04167115,51.45833745
23.0,-55.62500445,51.45833745
255.0,-55.20833775,51.45833745
1.0,26.87500215,51.45833745
1.0,31.87500255,51.45833745
1.0,33.95833605,51.45833745
6.0,34.37500275,51.45833745
1.0,34.79166945,51.45833745
7.0,36.04166955,51.45833745
7.0,36.45833625,51.45833745
7.0,37.29166965,51.45833745
7.0,50.20833735,51.45833745
7.0,55.62500445,51.45833745
7.0,56.87500455,51.45833745
7.0,60.20833815,51.45833745
7.0,60.62500485,51.45833745
7.0,61.04167155,51.45833745
7.0,65.20833855,51.45833745
7.0,66.87500535,51.45833745
7.0,67.70833875,51.45833745
7.0,68.12500545,51.45833745
7.0,68.54167215,51.45833745
7.0,68.95833885,51.45833745
7.0,73.12500585,51.45833745
15.0,74.79167265,51.45833745
15.0,75.20833935,51.45833745
15.0,78.12500625,51.45833745
15.0,79.37500635,51.45833745
15.0,80.20833975,51.45833745
6.0,80.62500645,51.45833745
7.0,81.04167315,51.45833745
7.0,81.87500655,51.45833745
6.0,83.95834005,51.45833745
6.0,84.37500675,51.45833745
18.0,84.79167345,51.45833745
6.0,91.04167395,51.45833745
20.0,91.87500735,51.45833745
6.0,-115.20834255,51.04167075
18.0,-114.37500915,51.04167075
7.0,-103.95834165,51.04167075
23.0,-56.04167115,51.04167075
255.0,-55.62500445,51.04167075
255.0,-55.20833775,51.04167075
1.0,31.45833585,51.04167075
7.0,31.87500255,51.04167075
7.0,32.70833595,51.04167075
7.0,34.37500275,51.04167075
7.0,36.04166955,51.04167075
7.0,37.29166965,51.04167075
7.0,43.95833685,51.04167075
15.0,46.87500375,51.04167075
7.0,56.87500455,51.04167075
7.0,59.37500475,51.04167075
7.0,59.79167145,51.04167075
15.0,61.04167155,51.04167075
15.0,64.37500515,51.04167075
15.0,64.79167185,51.04167075
15.0,65.62500525,51.04167075
7.0,66.87500535,51.04167075
15.0,67.29167205,51.04167075
15.0,68.12500545,51.04167075
7.0,68.54167215,51.04167075
7.0,73.12500585,51.04167075
15.0,76.45833945,51.04167075
15.0,78.12500625,51.04167075
15.0,78.95833965,51.04167075
15.0,79.37500635,51.04167075
15.0,79.79167305,51.04167075
15.0,80.20833975,51.04167075
15.0,80.62500645,51.04167075
7.0,81.87500655,51.04167075
7.0,82.29167325,51.04167075
6.0,83.12500665,51.04167075
6.0,83.95834005,51.04167075
6.0,84.37500675,51.04167075
6.0,84.79167345,51.04167075
15.0,91.04167395,51.04167075
6.0,91.87500735,51.04167075
6.0,-115.62500925,50.62500405
15.0,-107.29167525,50.62500405
255.0,-63.95833845,50.62500405
255.0,-57.70833795,50.62500405
255.0,-57.29167125,50.62500405
23.0,-56.87500455,50.62500405
23.0,-56.45833785,50.62500405
255.0,-55.62500445,50.62500405
6.0,7.70833395,50.62500405
7.0,33.12500265,50.62500405
7.0,33.95833605,50.62500405
7.0,34.37500275,50.62500405
1.0,34.79166945,50.62500405
7.0,37.29166965,50.62500405
7.0,38.54166975,50.62500405
7.0,38.95833645,50.62500405
7.0,39.79166985,50.62500405
7.0,40.62500325,50.62500405
7.0,41.04166995,50.62500405
7.0,42.29167005,50.62500405
7.0,43.12500345,50.62500405
15.0,49.79167065,50.62500405
15.0,50.62500405,50.62500405
15.0,51.04167075,50.62500405
15.0,51.45833745,50.62500405
7.0,56.04167115,50.62500405
15.0,56.45833785,50.62500405
7.0,56.87500455,50.62500405
7.0,57.29167125,50.62500405
15.0,58.95833805,50.62500405
7.0,59.37500475,50.62500405
7.0,59.79167145,50.62500405
7.0,60.20833815,50.62500405
15.0,60.62500485,50.62500405
15.0,61.45833825,50.62500405
15.0,62.29167165,50.62500405
15.0,64.37500515,50.62500405
15.0,64.79167185,50.62500405
15.0,65.20833855,50.62500405
15.0,65.62500525,50.62500405
7.0,66.04167195,50.62500405
7.0,66.87500535,50.62500405
15.0,76.87500615,50.62500405
15.0,77.70833955,50.62500405
15.0,78.54167295,50.62500405
7.0,78.95833965,50.62500405
15.0,79.37500635,50.62500405
15.0,79.79167305,50.62500405
7.0,80.20833975,50.62500405
7.0,81.45833985,50.62500405
7.0,81.87500655,50.62500405
7.0,82.29167325,50.62500405
6.0,82.70833995,50.62500405
6.0,83.54167335,50.62500405
6.0,84.37500675,50.62500405
6.0,84.79167345,50.62500405
6.0,85.20834015,50.62500405
6.0,86.04167355,50.62500405
7.0,86.45834025,50.62500405
8.0,89.37500715,50.62500405
255.0,89.79167385,50.62500405
8.0,91.45834065,50.62500405
15.0,92.29167405,50.62500405
15.0,94.37500755,50.62500405
20.0,128.12501025,50.62500405
15.0,-106.87500855,50.20833735
255.0,-63.95833845,50.20833735
255.0,-57.70833795,50.20833735
23.0,-57.29167125,50.20833735
23.0,-56.87500455,50.20833735
255.0,-56.45833785,50.20833735
255.0,-56.04167115,50.20833735
255.0,-55.62500445,50.20833735
255.0,-55.20833775,50.20833735
6.0,5.62500045000002,50.20833735
6.0,6.87500055000001,50.20833735
6.0,7.29166724999999,50.20833735
6.0,10.62500085,50.20833735
6.0,19.37500155,50.20833735
6.0,19.79166825,50.20833735
7.0,20.62500165,50.20833735
6.0,26.04166875,50.20833735
1.0,26.45833545,50.20833735
1.0,27.29166885,50.20833735
1.0,27.70833555,50.20833735
1.0,28.95833565,50.20833735
20.0,29.37500235,50.20833735
1.0,29.79166905,50.20833735
7.0,33.12500265,50.20833735
7.0,33.54166935,50.20833735
7.0,37.29166965,50.20833735
15.0,49.79167065,50.20833735
15.0,50.20833735,50.20833735
15.0,57.70833795,50.20833735
15.0,58.95833805,50.20833735
15.0,59.37500475,50.20833735
15.0,60.62500485,50.20833735
15.0,61.04167155,50.20833735
7.0,66.87500535,50.20833735
15.0,68.12500545,50.20833735
7.0,70.62500565,50.20833735
15.0,76.87500615,50.20833735
15.0,77.29167285,50.20833735
15.0,78.12500625,50.20833735
15.0,78.95833965,50.20833735
15.0,79.37500635,50.20833735
15.0,79.79167305,50.20833735
255.0,81.87500655,50.20833735
6.0,83.95834005,50.20833735
6.0,84.37500675,50.20833735
6.0,84.79167345,50.20833735
6.0,85.20834015,50.20833735
15.0,91.87500735,50.20833735
20.0,127.70834355,50.20833735
15.0,-106.87500855,49.79167065
23.0,-57.70833795,49.79167065
255.0,-54.79167105,49.79167065
6.0,8.95833404999999,49.79167065
6.0,11.45833425,49.79167065
6.0,21.87500175,49.79167065
6.0,22.29166845,49.79167065
6.0,22.70833515,49.79167065
6.0,23.12500185,49.79167065
20.0,23.54166855,49.79167065
18.0,23.95833525,49.79167065
20.0,24.37500195,49.79167065
6.0,24.79166865,49.79167065
20.0,25.20833535,49.79167065
1.0,25.62500205,49.79167065
20.0,26.87500215,49.79167065
7.0,28.54166895,49.79167065
7.0,40.62500325,49.79167065
15.0,47.29167045,49.79167065
15.0,49.79167065,49.79167065
7.0,56.87500455,49.79167065
15.0,58.12500465,49.79167065
15.0,59.37500475,49.79167065
15.0,59.79167145,49.79167065
15.0,60.20833815,49.79167065
15.0,60.62500485,49.79167065
7.0,61.45833825,49.79167065
15.0,66.04167195,49.79167065
15.0,66.87500535,49.79167065
7.0,74.37500595,49.79167065
7.0,74.79167265,49.79167065
7.0,75.20833935,49.79167065
7.0,75.62500605,49.79167065
7.0,76.04167275,49.79167065
7.0,76.87500615,49.79167065
15.0,77.70833955,49.79167065
15.0,80.20833975,49.79167065
7.0,81.04167315,49.79167065
7.0,81.87500655,49.79167065
7.0,84.37500675,49.79167065
6.0,84.79167345,49.79167065
6.0,85.62500685,49.79167065
6.0,86.04167355,49.79167065
8.0,91.45834065,49.79167065
15.0,94.37500755,49.79167065
6.0,136.04167755,49.79167065
6.0,136.45834425,49.79167065
6.0,136.87501095,49.79167065
23.0,-57.70833795,49.37500395
23.0,-56.45833785,49.37500395
23.0,-55.62500445,49.37500395
255.0,-55.20833775,49.37500395
6.0,11.87500095,49.37500395
6.0,19.37500155,49.37500395
6.0,19.79166825,49.37500395
6.0,20.20833495,49.37500395
6.0,23.12500185,49.37500395
6.0,24.79166865,49.37500395
20.0,25.20833535,49.37500395
1.0,28.54166895,49.37500395
18.0,32.70833595,49.37500395
7.0,38.12500305,49.37500395
15.0,58.54167135,49.37500395
15.0,59.37500475,49.37500395
15.0,59.79167145,49.37500395
15.0,60.20833815,49.37500395
15.0,60.62500485,49.37500395
5.0,61.04167155,49.37500395
15.0,66.04167195,49.37500395
15.0,66.45833865,49.37500395
7.0,66.87500535,49.37500395
15.0,74.79167265,49.37500395
7.0,75.20833935,49.37500395
15.0,75.62500605,49.37500395
15.0,76.04167275,49.37500395
15.0,76.87500615,49.37500395
15.0,77.29167285,49.37500395
15.0,77.70833955,49.37500395
15.0,79.79167305,49.37500395
15.0,80.20833975,49.37500395
7.0,81.87500655,49.37500395
7.0,84.37500675,49.37500395
7.0,84.79167345,49.37500395
7.0,85.20834015,49.37500395
7.0,86.45834025,49.37500395
6.0,88.12500705,49.37500395
6.0,94.37500755,49.37500395
6.0,134.79167745,49.37500395
6.0,135.20834415,49.37500395
12.0,135.62501085,49.37500395
12.0,136.04167755,49.37500395
6.0,136.45834425,49.37500395
7.0,-113.12500905,48.95833725
23.0,-56.45833785,48.95833725
23.0,-55.62500445,48.95833725
15.0,49.79167065,48.95833725
15.0,59.79167145,48.95833725
15.0,60.62500485,48.95833725
26.0,65.62500525,48.95833725
15.0,68.12500545,48.95833725
15.0,69.37500555,48.95833725
15.0,75.20833935,48.95833725
7.0,75.62500605,48.95833725
7.0,76.04167275,48.95833725
7.0,76.87500615,48.95833725
7.0,81.87500655,48.95833725
6.0,85.20834015,48.95833725
6.0,86.04167355,48.95833725
8.0,86.45834025,48.95833725
8.0,86.87500695,48.95833725
8.0,88.12500705,48.95833725
6.0,133.54167735,48.95833725
6.0,134.37501075,48.95833725
6.0,135.20834415,48.95833725
6.0,135.62501085,48.95833725
6.0,13.95833445,48.54167055
6.0,22.70833515,48.54167055
6.0,23.54166855,48.54167055
20.0,26.04166875,48.54167055
15.0,57.29167125,48.54167055
26.0,59.79167145,48.54167055
15.0,71.04167235,48.54167055
15.0,89.79167385,48.54167055
16.0,90.62500725,48.54167055
12.0,132.29167725,48.54167055
6.0,133.12501065,48.54167055
12.0,134.37501075,48.54167055
18.0,135.20834415,48.54167055
6.0,-113.12500905,48.12500385
7.0,-101.87500815,48.12500385
6.0,5.62500045000002,48.12500385
6.0,7.29166724999999,48.12500385
6.0,10.62500085,48.12500385
7.0,21.87500175,48.12500385
4.0,22.29166845,48.12500385
6.0,24.37500195,48.12500385
6.0,24.79166865,48.12500385
7.0,36.87500295,48.12500385
15.0,50.20833735,48.12500385
15.0,57.29167125,48.12500385
5.0,59.79167145,48.12500385
15.0,66.45833865,48.12500385
15.0,74.37500595,48.12500385
8.0,91.04167395,48.12500385
6.0,92.70834075,48.12500385
12.0,131.87501055,48.12500385
18.0,132.29167725,48.12500385
6.0,132.70834395,48.12500385
255.0,133.12501065,48.12500385
255.0,133.54167735,48.12500385
12.0,133.95834405,48.12500385
12.0,134.37501075,48.12500385
6.0,134.79167745,48.12500385
255.0,-120.20834295,47.70833715
6.0,10.62500085,47.70833715
6.0,11.04166755,47.70833715
4.0,22.29166845,47.70833715
6.0,23.95833525,47.70833715
6.0,24.37500195,47.70833715
23.0,24.79166865,47.70833715
6.0,25.20833535,47.70833715
7.0,34.79166945,47.70833715
7.0,35.62500285,47.70833715
7.0,36.04166955,47.70833715
5.0,50.20833735,47.70833715
5.0,50.62500405,47.70833715
5.0,51.04167075,47.70833715
5.0,51.45833745,47.70833715
5.0,52.70833755,47.70833715
26.0,56.87500455,47.70833715
15.0,57.29167125,47.70833715
5.0,57.70833795,47.70833715
15.0,58.12500465,47.70833715
15.0,58.54167135,47.70833715
26.0,58.95833805,47.70833715
26.0,60.20833815,47.70833715
26.0,60.62500485,47.70833715
5.0,85.62500685,47.70833715
15.0,92.70834075,47.70833715
20.0,131.04167715,47.70833715
20.0,131.45834385,47.70833715
20.0,131.87501055,47.70833715
12.0,132.29167725,47.70833715
20.0,132.70834395,47.70833715
20.0,133.12501065,47.70833715
12.0,133.54167735,47.70833715
12.0,133.95834405,47.70833715
7.0,-110.62500885,47.29167045
6.0,8.95833404999999,47.29167045
18.0,24.37500195,47.29167045
6.0,24.79166865,47.29167045
6.0,40.20833655,47.29167045
5.0,53.54167095,47.29167045
26.0,53.95833765,47.29167045
26.0,54.37500435,47.29167045
26.0,58.95833805,47.29167045
26.0,60.20833815,47.29167045
26.0,60.62500485,47.29167045
26.0,66.04167195,47.29167045
15.0,84.37500675,47.29167045
7.0,85.20834015,47.29167045
15.0,86.45834025,47.29167045
8.0,91.45834065,47.29167045
20.0,131.04167715,47.29167045
20.0,132.29167725,47.29167045
12.0,132.70834395,47.29167045
6.0,-118.95834285,46.87500375
18.0,-113.12500905,46.87500375
18.0,3.54166695000001,46.87500375
255.0,6.87500055000001,46.87500375
6.0,7.70833395,46.87500375
23.0,8.12500065,46.87500375
5.0,53.54167095,46.87500375
26.0,65.62500525,46.87500375
26.0,66.04167195,46.87500375
26.0,66.87500535,46.87500375
26.0,67.29167205,46.87500375
15.0,81.04167315,46.87500375
7.0,84.79167345,46.87500375
15.0,91.04167395,46.87500375
15.0,92.70834075,46.87500375
6.0,93.12500745,46.87500375
20.0,132.29167725,46.87500375
20.0,132.70834395,46.87500375
15.0,-117.70834275,46.45833705
6.0,5.62500045000002,46.45833705
6.0,15.62500125,46.45833705
2.0,16.87500135,46.45833705
2.0,17.29166805,46.45833705
18.0,17.70833475,46.45833705
7.0,24.37500195,46.45833705
6.0,25.20833535,46.45833705
7.0,39.37500315,46.45833705
7.0,40.62500325,46.45833705
15.0,41.87500335,46.45833705
5.0,53.54167095,46.45833705
5.0,53.95833765,46.45833705
5.0,54.37500435,46.45833705
26.0,66.87500535,46.45833705
6.0,67.29167205,46.45833705
20.0,132.70834395,46.45833705
6.0,133.95834405,46.45833705
6.0,-0.208333350000004,46.04167035
6.0,8.54166735000001,46.04167035
6.0,8.95833404999999,46.04167035
6.0,11.45833425,46.04167035
6.0,14.79166785,46.04167035
18.0,16.45833465,46.04167035
2.0,17.29166805,46.04167035
18.0,24.37500195,46.04167035
7.0,24.79166865,46.04167035
18.0,25.62500205,46.04167035
7.0,27.70833555,46.04167035
255.0,38.54166975,46.04167035
7.0,38.95833645,46.04167035
7.0,39.37500315,46.04167035
7.0,39.79166985,46.04167035
7.0,40.20833655,46.04167035
7.0,40.62500325,46.04167035
7.0,41.04166995,46.04167035
7.0,41.87500335,46.04167035
5.0,53.54167095,46.04167035
5.0,53.95833765,46.04167035
5.0,54.37500435,46.04167035
5.0,54.79167105,46.04167035
15.0,83.54167335,46.04167035
15.0,84.37500675,46.04167035
5.0,84.79167345,46.04167035
11.0,91.45834065,46.04167035
15.0,92.29167405,46.04167035
12.0,133.12501065,46.04167035
12.0,133.54167735,46.04167035
15.0,-116.87500935,45.62500365
6.0,-113.12500905,45.62500365
5.0,-112.70834235,45.62500365
6.0,-0.208333350000004,45.62500365
6.0,0.625000050000011,45.62500365
6.0,1.04166674999999,45.62500365
6.0,1.87500015000001,45.62500365
6.0,2.29166685000001,45.62500365
6.0,2.70833354999999,45.62500365
6.0,3.12500025,45.62500365
6.0,5.62500045000002,45.62500365
6.0,10.20833415,45.62500365
255.0,10.62500085,45.62500365
6.0,11.04166755,45.62500365
11.0,11.87500095,45.62500365
12.0,16.45833465,45.62500365
18.0,23.12500185,45.62500365
6.0,24.37500195,45.62500365
6.0,26.04166875,45.62500365
7.0,27.29166885,45.62500365
7.0,38.95833645,45.62500365
7.0,39.37500315,45.62500365
7.0,39.79166985,45.62500365
7.0,41.04166995,45.62500365
15.0,43.12500345,45.62500365
26.0,66.45833865,45.62500365
26.0,66.87500535,45.62500365
24.0,67.70833875,45.62500365
7.0,80.20833975,45.62500365
13.0,91.87500735,45.62500365
13.0,92.70834075,45.62500365
6.0,-116.04167595,45.20833695
7.0,-107.29167525,45.20833695
6.0,2.70833354999999,45.20833695
6.0,9.79166745000001,45.20833695
11.0,11.04166755,45.20833695
6.0,11.45833425,45.20833695
7.0,26.87500215,45.20833695
6.0,29.37500235,45.20833695
7.0,39.37500315,45.20833695
7.0,66.87500535,45.20833695
7.0,79.79167305,45.20833695
255.0,132.29167725,45.20833695
255.0,132.70834395,45.20833695
12.0,133.12501065,45.20833695
7.0,-112.29167565,44.79167025
6.0,3.12500025,44.79167025
6.0,4.37500034999999,44.79167025
6.0,7.70833395,44.79167025
6.0,15.20833455,44.79167025
6.0,16.04166795,44.79167025
6.0,17.29166805,44.79167025
18.0,24.79166865,44.79167025
7.0,25.62500205,44.79167025
7.0,26.45833545,44.79167025
7.0,26.87500215,44.79167025
18.0,39.37500315,44.79167025
7.0,41.04166995,44.79167025
15.0,44.37500355,44.79167025
15.0,44.79167025,44.79167025
255.0,132.29167725,44.79167025
12.0,132.70834395,44.79167025
12.0,133.12501065,44.79167025
18.0,-103.54167495,44.37500355
6.0,1.04166674999999,44.37500355
6.0,3.95833365000001,44.37500355
6.0,11.04166755,44.37500355
255.0,14.37500115,44.37500355
6.0,14.79166785,44.37500355
6.0,18.12500145,44.37500355
7.0,20.20833495,44.37500355
18.0,23.12500185,44.37500355
7.0,24.79166865,44.37500355
255.0,29.79166905,44.37500355
18.0,41.04166995,44.37500355
6.0,66.87500535,44.37500355
6.0,135.62501085,44.37500355
255.0,136.04167755,44.37500355
7.0,-114.79167585,43.95833685
6.0,-110.62500885,43.95833685
6.0,1.04166674999999,43.95833685
6.0,1.87500015000001,43.95833685
6.0,2.29166685000001,43.95833685
6.0,2.70833354999999,43.95833685
6.0,3.54166695000001,43.95833685
6.0,16.04166795,43.95833685
255.0,19.37500155,43.95833685
7.0,23.12500185,43.95833685
7.0,23.54166855,43.95833685
18.0,23.95833525,43.95833685
7.0,24.79166865,43.95833685
7.0,25.62500205,43.95833685
7.0,26.04166875,43.95833685
6.0,40.20833655,43.95833685
6.0,41.04166995,43.95833685
7.0,41.87500335,43.95833685
15.0,44.37500355,43.95833685
255.0,48.12500385,43.95833685
6.0,83.54167335,43.95833685
6.0,84.37500675,43.95833685
7.0,85.20834015,43.95833685
15.0,85.62500685,43.95833685
15.0,86.04167355,43.95833685
5.0,92.29167405,43.95833685
15.0,-115.62500925,43.54167015
5.0,-108.95834205,43.54167015
15.0,-108.12500865,43.54167015
255.0,-5.20833375000001,43.54167015
255.0,-3.54166695000001,43.54167015
6.0,3.12500025,43.54167015
6.0,4.79166705,43.54167015
6.0,6.45833385,43.54167015
255.0,8.12500065,43.54167015
255.0,10.20833415,43.54167015
16.0,16.45833465,43.54167015
6.0,19.79166825,43.54167015
7.0,24.37500195,43.54167015
6.0,40.20833655,43.54167015
23.0,40.62500325,43.54167015
23.0,41.87500335,43.54167015
6.0,42.29167005,43.54167015
255.0,47.70833715,43.54167015
255.0,48.12500385,43.54167015
5.0,80.20833975,43.54167015
5.0,80.62500645,43.54167015
7.0,83.54167335,43.54167015
8.0,84.37500675,43.54167015
6.0,84.79167345,43.54167015
6.0,86.45834025,43.54167015
18.0,86.87500695,43.54167015
26.0,-107.70834195,43.12500345
6.0,-6.87500055000001,43.12500345
6.0,-6.04166714999999,43.12500345
6.0,-5.62500044999999,43.12500345
6.0,-5.20833375000001,43.12500345
6.0,-3.54166695000001,43.12500345
6.0,-2.29166684999998,43.12500345
6.0,1.04166674999999,43.12500345
6.0,1.87500015000001,43.12500345
6.0,2.29166685000001,43.12500345
6.0,2.70833354999999,43.12500345
18.0,6.04166714999999,43.12500345
255.0,7.29166724999999,43.12500345
6.0,10.62500085,43.12500345
16.0,13.12500105,43.12500345
255.0,14.37500115,43.12500345
6.0,16.87500135,43.12500345
6.0,17.29166805,43.12500345
6.0,20.20833495,43.12500345
6.0,20.62500165,43.12500345
7.0,21.87500175,43.12500345
7.0,26.87500215,43.12500345
23.0,41.45833665,43.12500345
23.0,42.29167005,43.12500345
255.0,42.70833675,43.12500345
6.0,43.12500345,43.12500345
255.0,48.12500385,43.12500345
18.0,80.62500645,43.12500345
7.0,81.04167315,43.12500345
5.0,81.87500655,43.12500345
6.0,83.12500665,43.12500345
6.0,83.54167335,43.12500345
8.0,84.37500675,43.12500345
15.0,85.20834015,43.12500345
255.0,131.87501055,43.12500345
6.0,132.70834395,43.12500345
23.0,133.54167735,43.12500345
6.0,134.37501075,43.12500345
255.0,134.79167745,43.12500345
5.0,-107.70834195,42.70833675
15.0,-106.45834185,42.70833675
15.0,-106.04167515,42.70833675
15.0,-103.12500825,42.70833675
15.0,-98.54167455,42.70833675
255.0,10.62500085,42.70833675
255.0,16.04166795,42.70833675
6.0,20.62500165,42.70833675
18.0,21.87500175,42.70833675
6.0,24.37500195,42.70833675
18.0,25.20833535,42.70833675
18.0,26.87500215,42.70833675
6.0,41.87500335,42.70833675
23.0,42.70833675,42.70833675
18.0,43.95833685,42.70833675
6.0,44.79167025,42.70833675
6.0,45.20833695,42.70833675
7.0,46.04167035,42.70833675
7.0,81.04167315,42.70833675
6.0,81.87500655,42.70833675
16.0,82.29167325,42.70833675
18.0,131.04167715,42.70833675
6.0,133.12501065,42.70833675
255.0,133.54167735,42.70833675
255.0,133.95834405,42.70833675
15.0,-116.87500935,42.29167005
15.0,-115.62500925,42.29167005
18.0,-106.45834185,42.29167005
7.0,-105.62500845,42.29167005
15.0,-98.54167455,42.29167005
6.0,-6.04166714999999,42.29167005
6.0,-5.62500044999999,42.29167005
6.0,-5.20833375000001,42.29167005
16.0,-1.87500015000001,42.29167005
6.0,-1.45833345,42.29167005
6.0,-1.04166674999999,42.29167005
6.0,-0.208333350000004,42.29167005
6.0,0.208333350000004,42.29167005
18.0,3.12500025,42.29167005
255.0,14.79166785,42.29167005
255.0,15.20833455,42.29167005
255.0,17.70833475,42.29167005
255.0,18.12500145,42.29167005
6.0,21.04166835,42.29167005
6.0,21.87500175,42.29167005
6.0,24.37500195,42.29167005
18.0,24.79166865,42.29167005
29.0,26.45833545,42.29167005
18.0,26.87500215,42.29167005
23.0,45.20833695,42.29167005
18.0,130.62501045,42.29167005
15.0,-104.79167505,41.87500335
15.0,-100.62500805,41.87500335
15.0,-99.79167465,41.87500335
20.0,-96.04167435,41.87500335
6.0,-6.04166714999999,41.87500335
18.0,-5.62500044999999,41.87500335
5.0,-1.45833345,41.87500335
16.0,-1.04166674999999,41.87500335
5.0,-0.625000050000011,41.87500335
6.0,-0.208333350000004,41.87500335
6.0,0.208333350000004,41.87500335
6.0,0.625000050000011,41.87500335
6.0,1.04166674999999,41.87500335
6.0,1.45833345,41.87500335
6.0,13.54166775,41.87500335
6.0,14.79166785,41.87500335
18.0,15.20833455,41.87500335
6.0,24.37500195,41.87500335
6.0,24.79166865,41.87500335
29.0,25.62500205,41.87500335
29.0,26.04166875,41.87500335
6.0,47.70833715,41.87500335
20.0,122.70834315,41.87500335
20.0,123.12500985,41.87500335
6.0,-121.87500975,41.45833665
6.0,-106.45834185,41.45833665
15.0,-104.79167505,41.45833665
15.0,-97.29167445,41.45833665
16.0,-1.45833345,41.45833665
16.0,-1.04166674999999,41.45833665
6.0,-0.625000050000011,41.45833665
5.0,-0.208333350000004,41.45833665
5.0,0.208333350000004,41.45833665
5.0,0.625000050000011,41.45833665
18.0,1.87500015000001,41.45833665
255.0,8.54166735000001,41.45833665
255.0,8.95833404999999,41.45833665
6.0,12.70833435,41.45833665
6.0,13.95833445,41.45833665
6.0,14.79166785,41.45833665
18.0,15.20833455,41.45833665
29.0,15.62500125,41.45833665
255.0,19.37500155,41.45833665
18.0,21.45833505,41.45833665
18.0,22.29166845,41.45833665
6.0,22.70833515,41.45833665
18.0,23.12500185,41.45833665
6.0,25.20833535,41.45833665
18.0,25.62500205,41.45833665
18.0,26.04166875,41.45833665
6.0,26.45833545,41.45833665
18.0,26.87500215,41.45833665
29.0,27.70833555,41.45833665
18.0,28.12500225,41.45833665
255.0,28.95833565,41.45833665
255.0,29.79166905,41.45833665
255.0,30.20833575,41.45833665
5.0,79.37500635,41.45833665
5.0,80.20833975,41.45833665
20.0,122.29167645,41.45833665
20.0,122.70834315,41.45833665
7.0,-108.95834205,41.04166995
6.0,-106.87500855,41.04166995
7.0,-105.62500845,41.04166995
15.0,-98.12500785,41.04166995
18.0,-5.62500044999999,41.04166995
5.0,-5.20833375000001,41.04166995
15.0,-2.29166684999998,41.04166995
6.0,-1.87500015000001,41.04166995
6.0,-1.45833345,41.04166995
18.0,-1.04166674999999,41.04166995
6.0,-0.625000050000011,41.04166995
5.0,-0.208333350000004,41.04166995
18.0,0.208333350000004,41.04166995
255.0,2.29166685000001,41.04166995
255.0,8.12500065,41.04166995
255.0,8.54166735000001,41.04166995
6.0,8.95833404999999,41.04166995
255.0,13.12500105,41.04166995
255.0,18.12500145,41.04166995
255.0,19.37500155,41.04166995
6.0,21.87500175,41.04166995
18.0,22.70833515,41.04166995
18.0,23.54166855,41.04166995
18.0,23.95833525,41.04166995
18.0,24.79166865,41.04166995
18.0,26.04166875,41.04166995
18.0,26.87500215,41.04166995
18.0,27.70833555,41.04166995
6.0,44.79167025,41.04166995
18.0,45.20833695,41.04166995
15.0,46.04167035,41.04166995
6.0,48.54167055,41.04166995
255.0,77.29167285,41.04166995
255.0,77.70833955,41.04166995
6.0,79.37500635,41.04166995
25.0,121.87500975,41.04166995
255.0,141.45834465,41.04166995
18.0,-110.20834215,40.62500325
7.0,-106.87500855,40.62500325
18.0,-6.45833385,40.62500325
6.0,-6.04166714999999,40.62500325
6.0,-5.62500044999999,40.62500325
6.0,-5.20833375000001,40.62500325
16.0,-4.79166705,40.62500325
6.0,-3.95833364999999,40.62500325
18.0,-3.54166695000001,40.62500325
6.0,-0.625000050000011,40.62500325
18.0,-0.208333350000004,40.62500325
255.0,8.12500065,40.62500325
18.0,8.95833404999999,40.62500325
6.0,9.37500075,40.62500325
255.0,9.79166745000001,40.62500325
255.0,10.20833415,40.62500325
255.0,13.95833445,40.62500325
255.0,14.79166785,40.62500325
18.0,17.29166805,40.62500325
255.0,18.54166815,40.62500325
255.0,18.95833485,40.62500325
11.0,19.37500155,40.62500325
6.0,21.87500175,40.62500325
29.0,22.29166845,40.62500325
18.0,22.70833515,40.62500325
18.0,23.12500185,40.62500325
255.0,23.54166855,40.62500325
18.0,26.87500215,40.62500325
255.0,27.29166885,40.62500325
18.0,27.70833555,40.62500325
255.0,28.54166895,40.62500325
255.0,28.95833565,40.62500325
6.0,29.79166905,40.62500325
6.0,30.20833575,40.62500325
6.0,46.04167035,40.62500325
255.0,50.62500405,40.62500325
24.0,66.87500535,40.62500325
16.0,76.87500615,40.62500325
16.0,77.29167285,40.62500325
5.0,78.54167295,40.62500325
255.0,129.79167705,40.62500325
255.0,141.45834465,40.62500325
255.0,141.87501135,40.62500325
5.0,-112.70834235,40.20833655
6.0,-105.20834175,40.20833655
18.0,-6.45833385,40.20833655
18.0,-6.04166714999999,40.20833655
6.0,-5.62500044999999,40.20833655
6.0,-5.20833375000001,40.20833655
18.0,-4.79166705,40.20833655
6.0,-1.04166674999999,40.20833655
6.0,-0.625000050000011,40.20833655
6.0,-0.208333350000004,40.20833655
255.0,3.12500025,40.20833655
255.0,3.54166695000001,40.20833655
255.0,3.95833365000001,40.20833655
255.0,4.37500034999999,40.20833655
255.0,8.12500065,40.20833655
18.0,8.54166735000001,40.20833655
18.0,8.95833404999999,40.20833655
6.0,9.37500075,40.20833655
255.0,18.95833485,40.20833655
255.0,19.37500155,40.20833655
255.0,22.70833515,40.20833655
255.0,23.12500185,40.20833655
255.0,26.45833545,40.20833655
18.0,26.87500215,40.20833655
18.0,27.70833555,40.20833655
18.0,28.54166895,40.20833655
18.0,28.95833565,40.20833655
6.0,48.54167055,40.20833655
255.0,49.79167065,40.20833655
255.0,50.62500405,40.20833655
5.0,54.37500435,40.20833655
6.0,65.20833855,40.20833655
24.0,75.20833935,40.20833655
16.0,75.62500605,40.20833655
16.0,76.04167275,40.20833655
6.0,76.87500615,40.20833655
5.0,77.70833955,40.20833655
5.0,78.12500625,40.20833655
6.0,140.62501125,40.20833655
255.0,142.29167805,40.20833655
26.0,-109.79167545,39.79166985
6.0,-8.12500065,39.79166985
6.0,-7.70833395,39.79166985
18.0,-7.29166724999999,39.79166985
18.0,-6.87500055000001,39.79166985
6.0,-6.45833385,39.79166985
18.0,-6.04166714999999,39.79166985
18.0,-5.20833375000001,39.79166985
5.0,-2.29166684999998,39.79166985
18.0,-1.45833345,39.79166985
6.0,-1.04166674999999,39.79166985
18.0,-0.208333350000004,39.79166985
255.0,0.208333350000004,39.79166985
255.0,2.29166685000001,39.79166985
6.0,2.70833354999999,39.79166985
255.0,3.12500025,39.79166985
255.0,3.54166695000001,39.79166985
255.0,3.95833365000001,39.79166985
255.0,4.37500034999999,39.79166985
255.0,4.79166705,39.79166985
255.0,8.54166735000001,39.79166985
18.0,8.95833404999999,39.79166985
6.0,9.37500075,39.79166985
255.0,16.87500135,39.79166985
255.0,18.95833485,39.79166985
255.0,19.37500155,39.79166985
6.0,20.20833495,39.79166985
18.0,26.45833545,39.79166985
18.0,26.87500215,39.79166985
18.0,27.70833555,39.79166985
6.0,28.95833565,39.79166985
6.0,38.12500305,39.79166985
6.0,44.79167025,39.79166985
6.0,46.87500375,39.79166985
255.0,52.70833755,39.79166985
24.0,54.37500435,39.79166985
5.0,54.79167105,39.79166985
255.0,64.79167185,39.79166985
6.0,65.20833855,39.79166985
6.0,66.87500535,39.79166985
6.0,74.37500595,39.79166985
5.0,74.79167265,39.79166985
15.0,75.20833935,39.79166985
255.0,121.04167635,39.79166985
11.0,123.54167655,39.79166985
255.0,128.54167695,39.79166985
6.0,140.20834455,39.79166985
6.0,141.87501135,39.79166985
26.0,-113.12500905,39.37500315
20.0,-94.37500755,39.37500315
18.0,-7.70833395,39.37500315
18.0,-7.29166724999999,39.37500315
18.0,-6.87500055000001,39.37500315
18.0,-6.45833385,39.37500315
18.0,-6.04166714999999,39.37500315
6.0,-5.20833375000001,39.37500315
6.0,-4.79166705,39.37500315
18.0,-3.54166695000001,39.37500315
5.0,-3.12500025,39.37500315
18.0,-0.625000050000011,39.37500315
255.0,-0.208333350000004,39.37500315
255.0,2.70833354999999,39.37500315
18.0,3.12500025,39.37500315
255.0,3.54166695000001,39.37500315
255.0,8.12500065,39.37500315
18.0,8.95833404999999,39.37500315
18.0,9.37500075,39.37500315
255.0,17.29166805,39.37500315
255.0,19.79166825,39.37500315
255.0,20.20833495,39.37500315
255.0,25.62500205,39.37500315
255.0,26.45833545,39.37500315
6.0,27.29166885,39.37500315
6.0,27.70833555,39.37500315
18.0,28.12500225,39.37500315
24.0,37.70833635,39.37500315
16.0,38.12500305,39.37500315
18.0,48.95833725,39.37500315
6.0,64.79167185,39.37500315
6.0,65.20833855,39.37500315
5.0,65.62500525,39.37500315
24.0,66.87500535,39.37500315
6.0,74.37500595,39.37500315
13.0,75.20833935,39.37500315
5.0,75.62500605,39.37500315
4.0,91.04167395,39.37500315
255.0,121.04167635,39.37500315
25.0,122.29167645,39.37500315
255.0,122.70834315,39.37500315
255.0,123.12500985,39.37500315
6.0,140.62501125,39.37500315
255.0,142.29167805,39.37500315
29.0,-121.87500975,38.95833645
15.0,-113.54167575,38.95833645
18.0,-8.12500065,38.95833645
18.0,-7.70833395,38.95833645
18.0,-7.29166724999999,38.95833645
18.0,-6.87500055000001,38.95833645
18.0,-6.45833385,38.95833645
11.0,-6.04166714999999,38.95833645
18.0,-5.20833375000001,38.95833645
16.0,-2.29166684999998,38.95833645
255.0,1.87500015000001,38.95833645
255.0,3.12500025,38.95833645
255.0,8.54166735000001,38.95833645
18.0,8.95833404999999,38.95833645
255.0,9.79166745000001,38.95833645
255.0,15.20833455,38.95833645
255.0,16.04166795,38.95833645
255.0,17.29166805,38.95833645
255.0,20.62500165,38.95833645
6.0,21.45833505,38.95833645
6.0,22.70833515,38.95833645
18.0,23.12500185,38.95833645
255.0,23.54166855,38.95833645
255.0,25.20833535,38.95833645
255.0,25.62500205,38.95833645
6.0,26.87500215,38.95833645
18.0,27.70833555,38.95833645
5.0,33.12500265,38.95833645
5.0,33.54166935,38.95833645
5.0,37.70833635,38.95833645
5.0,47.29167045,38.95833645
6.0,56.45833785,38.95833645
6.0,63.95833845,38.95833645
24.0,64.37500515,38.95833645
5.0,64.79167185,38.95833645
6.0,65.20833855,38.95833645
6.0,65.62500525,38.95833645
11.0,77.70833955,38.95833645
4.0,78.12500625,38.95833645
18.0,121.87500975,38.95833645
255.0,122.29167645,38.95833645
255.0,122.70834315,38.95833645
255.0,123.12500985,38.95833645
255.0,123.54167655,38.95833645
255.0,139.37501115,38.95833645
6.0,140.20834455,38.95833645
6.0,140.62501125,38.95833645
6.0,141.04167795,38.95833645
255.0,141.87501135,38.95833645
26.0,-117.70834275,38.54166975
18.0,-117.29167605,38.54166975
15.0,-116.87500935,38.54166975
15.0,-116.45834265,38.54166975
26.0,-116.04167595,38.54166975
5.0,-109.79167545,38.54166975
18.0,-7.70833395,38.54166975
255.0,-7.29166724999999,38.54166975
18.0,-6.87500055000001,38.54166975
18.0,-6.45833385,38.54166975
6.0,-6.04166714999999,38.54166975
18.0,-5.20833375000001,38.54166975
6.0,-3.95833364999999,38.54166975
18.0,-2.70833354999999,38.54166975
16.0,-2.29166684999998,38.54166975
5.0,-1.45833345,38.54166975
18.0,-0.208333350000004,38.54166975
255.0,1.45833345,38.54166975
255.0,1.87500015000001,38.54166975
18.0,16.04166795,38.54166975
255.0,16.87500135,38.54166975
255.0,20.62500165,38.54166975
6.0,21.04166835,38.54166975
255.0,21.45833505,38.54166975
255.0,25.62500205,38.54166975
6.0,26.04166875,38.54166975
18.0,26.45833545,38.54166975
255.0,26.87500215,38.54166975
18.0,27.70833555,38.54166975
18.0,28.95833565,38.54166975
5.0,29.37500235,38.54166975
5.0,33.12500265,38.54166975
13.0,53.95833765,38.54166975
25.0,54.37500435,38.54166975
5.0,63.95833845,38.54166975
6.0,64.37500515,38.54166975
5.0,64.79167185,38.54166975
5.0,65.20833855,38.54166975
6.0,65.62500525,38.54166975
11.0,77.29167285,38.54166975
4.0,77.70833955,38.54166975
4.0,78.12500625,38.54166975
16.0,95.62500765,38.54166975
255.0,120.62500965,38.54166975
255.0,121.04167635,38.54166975
255.0,121.45834305,38.54166975
255.0,124.37500995,38.54166975
255.0,139.37501115,38.54166975
6.0,139.79167785,38.54166975
11.0,141.04167795,38.54166975
18.0,-121.87500975,38.12500305
18.0,-117.70834275,38.12500305
18.0,-117.29167605,38.12500305
6.0,-116.87500935,38.12500305
18.0,-106.87500855,38.12500305
255.0,-8.95833404999999,38.12500305
18.0,-8.54166735000001,38.12500305
18.0,-8.12500065,38.12500305
18.0,-7.70833395,38.12500305
18.0,-7.29166724999999,38.12500305
18.0,-6.45833385,38.12500305
18.0,-6.04166714999999,38.12500305
18.0,-5.62500044999999,38.12500305
18.0,-5.20833375000001,38.12500305
6.0,-4.79166705,38.12500305
18.0,-4.37500034999999,38.12500305
18.0,-3.95833364999999,38.12500305
18.0,-3.54166695000001,38.12500305
18.0,-3.12500025,38.12500305
6.0,-2.70833354999999,38.12500305
16.0,-2.29166684999998,38.12500305
6.0,-1.45833345,38.12500305
255.0,16.45833465,38.12500305
255.0,16.87500135,38.12500305
255.0,20.20833495,38.12500305
6.0,20.62500165,38.12500305
255.0,21.04166835,38.12500305
18.0,21.45833505,38.12500305
18.0,21.87500175,38.12500305
255.0,22.70833515,38.12500305
255.0,26.04166875,38.12500305
18.0,27.70833555,38.12500305
18.0,28.12500225,38.12500305
6.0,28.54166895,38.12500305
18.0,28.95833565,38.12500305
6.0,29.79166905,38.12500305
25.0,53.95833765,38.12500305
24.0,63.54167175,38.12500305
6.0,64.37500515,38.12500305
6.0,64.79167185,38.12500305
24.0,65.20833855,38.12500305
6.0,65.62500525,38.12500305
7.0,71.45833905,38.12500305
6.0,72.29167245,38.12500305
255.0,73.12500585,38.12500305
15.0,76.04167275,38.12500305
16.0,95.62500765,38.12500305
16.0,96.87500775,38.12500305
16.0,98.12500785,38.12500305
12.0,98.54167455,38.12500305
16.0,98.95834125,38.12500305
16.0,100.20834135,38.12500305
255.0,138.54167775,38.12500305
255.0,138.95834445,38.12500305
6.0,139.79167785,38.12500305
6.0,140.20834455,38.12500305
6.0,140.62501125,38.12500305
255.0,141.04167795,38.12500305
255.0,141.45834465,38.12500305
18.0,-109.79167545,37.70833635
18.0,-7.70833395,37.70833635
18.0,-7.29166724999999,37.70833635
18.0,-6.87500055000001,37.70833635
18.0,-6.45833385,37.70833635
18.0,-6.04166714999999,37.70833635
18.0,-5.62500044999999,37.70833635
18.0,-5.20833375000001,37.70833635
29.0,-4.79166705,37.70833635
29.0,-4.37500034999999,37.70833635
16.0,-3.95833364999999,37.70833635
6.0,-3.54166695000001,37.70833635
5.0,-2.29166684999998,37.70833635
5.0,-1.87500015000001,37.70833635
5.0,-1.45833345,37.70833635
255.0,8.95833404999999,37.70833635
255.0,9.37500075,37.70833635
255.0,9.79166745000001,37.70833635
18.0,12.70833435,37.70833635
18.0,13.12500105,37.70833635
6.0,13.54166775,37.70833635
6.0,13.95833445,37.70833635
18.0,14.37500115,37.70833635
255.0,15.62500125,37.70833635
255.0,16.04166795,37.70833635
255.0,16.45833465,37.70833635
255.0,20.62500165,37.70833635
255.0,21.04166835,37.70833635
18.0,21.87500175,37.70833635
18.0,28.12500225,37.70833635
6.0,28.54166895,37.70833635
6.0,33.54166935,37.70833635
24.0,41.87500335,37.70833635
6.0,45.20833695,37.70833635
24.0,54.37500435,37.70833635
11.0,62.29167165,37.70833635
24.0,62.70833835,37.70833635
24.0,63.54167175,37.70833635
7.0,71.04167235,37.70833635
15.0,72.29167245,37.70833635
8.0,72.70833915,37.70833635
24.0,73.12500585,37.70833635
5.0,97.29167445,37.70833635
15.0,98.54167455,37.70833635
255.0,121.45834305,37.70833635
255.0,122.29167645,37.70833635
255.0,124.79167665,37.70833635
255.0,125.20834335,37.70833635
255.0,125.62501005,37.70833635
255.0,137.70834435,37.70833635
255.0,138.12501105,37.70833635
255.0,138.54167775,37.70833635
6.0,139.37501115,37.70833635
6.0,139.79167785,37.70833635
6.0,140.62501125,37.70833635
255.0,141.04167795,37.70833635
5.0,-118.54167615,37.29166965
18.0,-118.12500945,37.29166965
24.0,-110.20834215,37.29166965
5.0,-109.79167545,37.29166965
5.0,-109.37500875,37.29166965
18.0,-6.45833385,37.29166965
29.0,-6.04166714999999,37.29166965
29.0,-5.62500044999999,37.29166965
29.0,-5.20833375000001,37.29166965
18.0,-4.79166705,37.29166965
18.0,-4.37500034999999,37.29166965
18.0,-3.95833364999999,37.29166965
16.0,-1.87500015000001,37.29166965
255.0,-1.45833345,37.29166965
255.0,3.12500025,37.29166965
255.0,3.54166695000001,37.29166965
255.0,3.95833365000001,37.29166965
255.0,4.37500034999999,37.29166965
255.0,4.79166705,37.29166965
255.0,5.20833375000001,37.29166965
255.0,5.62500045000002,37.29166965
255.0,6.04166714999999,37.29166965
255.0,6.45833385,37.29166965
255.0,7.70833395,37.29166965
29.0,9.79166745000001,37.29166965
255.0,13.12500105,37.29166965
29.0,13.54166775,37.29166965
18.0,13.95833445,37.29166965
255.0,15.20833455,37.29166965
255.0,21.45833505,37.29166965
6.0,49.37500395,37.29166965
18.0,49.79167065,37.29166965
6.0,50.20833735,37.29166965
255.0,53.95833765,37.29166965
5.0,54.37500435,37.29166965
5.0,61.45833825,37.29166965
5.0,61.87500495,37.29166965
6.0,62.29167165,37.29166965
24.0,62.70833835,37.29166965
24.0,63.95833845,37.29166965
7.0,71.04167235,37.29166965
24.0,71.45833905,37.29166965
255.0,71.87500575,37.29166965
6.0,72.70833915,37.29166965
8.0,73.12500585,37.29166965
8.0,73.54167255,37.29166965
7.0,74.37500595,37.29166965
15.0,98.95834125,37.29166965
18.0,121.45834305,37.29166965
11.0,122.29167645,37.29166965
255.0,138.12501105,37.29166965
6.0,138.54167775,37.29166965
6.0,138.95834445,37.29166965
6.0,139.79167785,37.29166965
6.0,140.20834455,37.29166965
18.0,140.62501125,37.29166965
255.0,141.04167795,37.29166965
18.0,-110.62500885,36.87500295
5.0,-110.20834215,36.87500295
7.0,-106.04167515,36.87500295
255.0,-8.12500065,36.87500295
255.0,-6.45833385,36.87500295
29.0,-6.04166714999999,36.87500295
29.0,-5.62500044999999,36.87500295
18.0,-4.37500034999999,36.87500295
6.0,-3.95833364999999,36.87500295
18.0,-3.54166695000001,36.87500295
18.0,-3.12500025,36.87500295
255.0,-1.87500015000001,36.87500295
255.0,0.625000050000011,36.87500295
255.0,1.04166674999999,36.87500295
255.0,1.45833345,36.87500295
255.0,1.87500015000001,36.87500295
255.0,2.29166685000001,36.87500295
255.0,3.12500025,36.87500295
255.0,3.54166695000001,36.87500295
18.0,4.37500034999999,36.87500295
6.0,4.79166705,36.87500295
255.0,6.04166714999999,36.87500295
6.0,6.45833385,36.87500295
29.0,7.29166724999999,36.87500295
18.0,7.70833395,36.87500295
18.0,8.12500065,36.87500295
255.0,13.95833445,36.87500295
255.0,14.37500115,36.87500295
18.0,14.79166785,36.87500295
255.0,15.62500125,36.87500295
255.0,21.45833505,36.87500295
6.0,29.37500235,36.87500295
18.0,31.04166915,36.87500295
5.0,48.95833725,36.87500295
6.0,49.79167065,36.87500295
6.0,50.20833735,36.87500295
255.0,51.04167075,36.87500295
255.0,53.54167095,36.87500295
255.0,53.95833765,36.87500295
5.0,54.37500435,36.87500295
5.0,58.12500465,36.87500295
5.0,58.54167135,36.87500295
24.0,58.95833805,36.87500295
24.0,60.20833815,36.87500295
24.0,62.70833835,36.87500295
8.0,72.29167245,36.87500295
255.0,72.70833915,36.87500295
255.0,73.54167255,36.87500295
255.0,74.37500595,36.87500295
6.0,78.95833965,36.87500295
11.0,121.45834305,36.87500295
255.0,121.87500975,36.87500295
18.0,122.29167645,36.87500295
255.0,122.70834315,36.87500295
255.0,136.45834425,36.87500295
6.0,137.70834435,36.87500295
6.0,138.12501105,36.87500295
6.0,140.20834455,36.87500295
6.0,140.62501125,36.87500295
255.0,141.04167795,36.87500295
18.0,-117.70834275,36.45833625
18.0,-5.20833375000001,36.45833625
255.0,-4.37500034999999,36.45833625
255.0,-3.95833364999999,36.45833625
255.0,-2.70833354999999,36.45833625
255.0,-0.208333350000004,36.45833625
6.0,2.29166685000001,36.45833625
18.0,3.12500025,36.45833625
18.0,3.54166695000001,36.45833625
6.0,3.95833365000001,36.45833625
18.0,4.37500034999999,36.45833625
18.0,4.79166705,36.45833625
18.0,5.20833375000001,36.45833625
18.0,6.45833385,36.45833625
18.0,7.70833395,36.45833625
29.0,8.54166735000001,36.45833625
29.0,8.95833404999999,36.45833625
29.0,9.37500075,36.45833625
29.0,10.20833415,36.45833625
18.0,10.62500085,36.45833625
255.0,14.37500115,36.45833625
255.0,24.37500195,36.45833625
255.0,24.79166865,36.45833625
18.0,29.37500235,36.45833625
255.0,30.62500245,36.45833625
255.0,31.04166915,36.45833625
24.0,41.87500335,36.45833625
16.0,49.37500395,36.45833625
16.0,49.79167065,36.45833625
16.0,50.20833735,36.45833625
16.0,50.62500405,36.45833625
6.0,51.04167075,36.45833625
6.0,51.45833745,36.45833625
6.0,51.87500415,36.45833625
18.0,52.29167085,36.45833625
6.0,52.70833755,36.45833625
5.0,58.95833805,36.45833625
6.0,71.04167235,36.45833625
255.0,71.87500575,36.45833625
6.0,72.29167245,36.45833625
255.0,74.37500595,36.45833625
8.0,88.54167375,36.45833625
16.0,88.95834045,36.45833625
8.0,90.62500725,36.45833625
16.0,91.04167395,36.45833625
25.0,95.62500765,36.45833625
25.0,96.04167435,36.45833625
18.0,120.62500965,36.45833625
255.0,121.04167635,36.45833625
255.0,121.45834305,36.45833625
255.0,133.54167735,36.45833625
11.0,136.45834425,36.45833625
6.0,138.12501105,36.45833625
6.0,138.54167775,36.45833625
6.0,140.20834455,36.45833625
15.0,-118.12500945,36.04166955
18.0,-117.70834275,36.04166955
6.0,-106.87500855,36.04166955
255.0,-6.45833385,36.04166955
6.0,-5.62500044999999,36.04166955
255.0,-5.20833375000001,36.04166955
255.0,-0.208333350000004,36.04166955
18.0,0.208333350000004,36.04166955
29.0,0.625000050000011,36.04166955
29.0,1.04166674999999,36.04166955
5.0,8.54166735000001,36.04166955
255.0,14.37500115,36.04166955
255.0,14.79166785,36.04166955
255.0,28.12500225,36.04166955
255.0,29.37500235,36.04166955
255.0,29.79166905,36.04166955
255.0,30.20833575,36.04166955
255.0,30.62500245,36.04166955
255.0,33.12500265,36.04166955
6.0,39.79166985,36.04166955
6.0,49.79167065,36.04166955
6.0,50.20833735,36.04166955
5.0,50.62500405,36.04166955
16.0,51.04167075,36.04166955
16.0,51.45833745,36.04166955
16.0,51.87500415,36.04166955
16.0,52.29167085,36.04166955
6.0,52.70833755,36.04166955
6.0,59.79167145,36.04166955
24.0,61.87500495,36.04166955
24.0,63.12500505,36.04166955
16.0,71.04167235,36.04166955
7.0,71.87500575,36.04166955
6.0,72.70833915,36.04166955
6.0,73.12500585,36.04166955
8.0,76.87500615,36.04166955
16.0,77.29167285,36.04166955
16.0,88.12500705,36.04166955
16.0,88.54167375,36.04166955
8.0,91.87500735,36.04166955
16.0,92.29167405,36.04166955
16.0,93.54167415,36.04166955
8.0,93.95834085,36.04166955
255.0,121.04167635,36.04166955
6.0,136.04167755,36.04166955
6.0,136.45834425,36.04166955
11.0,139.37501115,36.04166955
255.0,141.04167795,36.04166955
15.0,-118.95834285,35.62500285
18.0,-115.20834255,35.62500285
255.0,-6.45833385,35.62500285
255.0,-1.87500015000001,35.62500285
255.0,-1.45833345,35.62500285
29.0,-0.208333350000004,35.62500285
5.0,7.70833395,35.62500285
16.0,9.37500075,35.62500285
255.0,14.79166785,35.62500285
255.0,23.12500185,35.62500285
255.0,23.95833525,35.62500285
255.0,24.37500195,35.62500285
255.0,24.79166865,35.62500285
255.0,25.62500205,35.62500285
255.0,33.12500265,35.62500285
6.0,51.04167075,35.62500285
24.0,51.45833745,35.62500285
24.0,51.87500415,35.62500285
6.0,52.29167085,35.62500285
5.0,52.70833755,35.62500285
24.0,58.12500465,35.62500285
24.0,58.54167135,35.62500285
24.0,58.95833805,35.62500285
5.0,59.37500475,35.62500285
24.0,60.20833815,35.62500285
5.0,65.20833855,35.62500285
8.0,71.04167235,35.62500285
16.0,71.87500575,35.62500285
6.0,73.12500585,35.62500285
15.0,73.54167255,35.62500285
255.0,133.12501065,35.62500285
255.0,133.95834405,35.62500285
6.0,134.79167745,35.62500285
6.0,135.20834415,35.62500285
11.0,136.04167755,35.62500285
6.0,136.87501095,35.62500285
6.0,138.95834445,35.62500285
6.0,139.37501115,35.62500285
12.0,139.79167785,35.62500285
0.0,140.20834455,35.62500285
255.0,140.62501125,35.62500285
255.0,141.04167795,35.62500285
255.0,-121.04167635,35.20833615
11.0,-118.95834285,35.20833615
15.0,-102.29167485,35.20833615
29.0,-5.62500044999999,35.20833615
6.0,-5.20833375000001,35.20833615
18.0,-4.79166705,35.20833615
255.0,-2.29166684999998,35.20833615
255.0,-1.87500015000001,35.20833615
6.0,0.625000050000011,35.20833615
5.0,11.04166755,35.20833615
6.0,24.79166865,35.20833615
18.0,25.20833535,35.20833615
18.0,25.62500205,35.20833615
255.0,32.29166925,35.20833615
255.0,32.70833595,35.20833615
29.0,33.12500265,35.20833615
255.0,34.79166945,35.20833615
5.0,49.79167065,35.20833615
24.0,51.04167075,35.20833615
6.0,52.29167085,35.20833615
24.0,57.29167125,35.20833615
6.0,58.54167135,35.20833615
24.0,61.04167155,35.20833615
6.0,71.45833905,35.20833615
255.0,72.70833915,35.20833615
255.0,77.29167285,35.20833615
8.0,77.70833955,35.20833615
8.0,78.12500625,35.20833615
16.0,101.87500815,35.20833615
16.0,102.29167485,35.20833615
6.0,102.70834155,35.20833615
6.0,107.29167525,35.20833615
6.0,107.70834195,35.20833615
6.0,108.12500865,35.20833615
6.0,109.37500875,35.20833615
255.0,119.79167625,35.20833615
255.0,132.29167725,35.20833615
6.0,132.70834395,35.20833615
6.0,133.54167735,35.20833615
6.0,133.95834405,35.20833615
6.0,135.62501085,35.20833615
255.0,136.04167755,35.20833615
6.0,136.45834425,35.20833615
6.0,137.29167765,35.20833615
6.0,137.70834435,35.20833615
255.0,139.79167785,35.20833615
255.0,-121.04167635,34.79166945
255.0,-6.87500055000001,34.79166945
255.0,-6.45833385,34.79166945
29.0,-5.62500044999999,34.79166945
18.0,-5.20833375000001,34.79166945
18.0,-4.37500034999999,34.79166945
18.0,-3.95833364999999,34.79166945
5.0,-3.54166695000001,34.79166945
5.0,-3.12500025,34.79166945
5.0,-1.87500015000001,34.79166945
18.0,-1.04166674999999,34.79166945
5.0,1.87500015000001,34.79166945
16.0,2.29166685000001,34.79166945
5.0,2.70833354999999,34.79166945
16.0,6.04166714999999,34.79166945
255.0,11.04166755,34.79166945
255.0,23.95833525,34.79166945
255.0,24.79166865,34.79166945
255.0,25.20833535,34.79166945
255.0,33.54166935,34.79166945
255.0,34.37500275,34.79166945
24.0,49.79167065,34.79166945
24.0,51.87500415,34.79166945
24.0,52.29167085,34.79166945
13.0,56.87500455,34.79166945
24.0,57.29167125,34.79166945
25.0,57.70833795,34.79166945
5.0,63.54167175,34.79166945
18.0,72.70833915,34.79166945
8.0,78.12500625,34.79166945
16.0,99.79167465,34.79166945
16.0,103.12500825,34.79166945
6.0,107.29167525,34.79166945
6.0,107.70834195,34.79166945
6.0,108.12500865,34.79166945
6.0,108.54167535,34.79166945
6.0,108.95834205,34.79166945
255.0,119.37500955,34.79166945
255.0,119.79167625,34.79166945
255.0,120.20834295,34.79166945
255.0,131.45834385,34.79166945
255.0,131.87501055,34.79166945
6.0,132.29167725,34.79166945
6.0,133.54167735,34.79166945
6.0,133.95834405,34.79166945
11.0,135.62501085,34.79166945
6.0,136.87501095,34.79166945
6.0,138.12501105,34.79166945
255.0,138.54167775,34.79166945
6.0,138.95834445,34.79166945
255.0,-6.87500055000001,34.37500275
29.0,-6.45833385,34.37500275
18.0,-6.04166714999999,34.37500275
29.0,-5.62500044999999,34.37500275
29.0,-5.20833375000001,34.37500275
29.0,-4.79166705,34.37500275
29.0,-4.37500034999999,34.37500275
16.0,-3.95833364999999,34.37500275
16.0,-3.12500025,34.37500275
16.0,-0.625000050000011,34.37500275
16.0,1.87500015000001,34.37500275
16.0,2.70833354999999,34.37500275
16.0,3.54166695000001,34.37500275
16.0,3.95833365000001,34.37500275
16.0,4.79166705,34.37500275
4.0,6.87500055000001,34.37500275
5.0,7.29166724999999,34.37500275
255.0,33.12500265,34.37500275
255.0,35.20833615,34.37500275
6.0,36.04166955,34.37500275
5.0,50.20833735,34.37500275
13.0,51.87500415,34.37500275
13.0,52.29167085,34.37500275
13.0,52.70833755,34.37500275
25.0,53.12500425,34.37500275
25.0,53.54167095,34.37500275
25.0,53.95833765,34.37500275
24.0,56.45833785,34.37500275
24.0,56.87500455,34.37500275
24.0,57.29167125,34.37500275
13.0,57.70833795,34.37500275
24.0,63.54167175,34.37500275
6.0,74.79167265,34.37500275
6.0,76.04167275,34.37500275
16.0,102.29167485,34.37500275
16.0,102.70834155,34.37500275
16.0,103.12500825,34.37500275
6.0,108.54167535,34.37500275
11.0,108.95834205,34.37500275
11.0,118.95834285,34.37500275
11.0,119.37500955,34.37500275
255.0,125.62501005,34.37500275
255.0,126.45834345,34.37500275
6.0,131.87501055,34.37500275
6.0,132.29167725,34.37500275
6.0,132.70834395,34.37500275
255.0,133.12501065,34.37500275
6.0,134.79167745,34.37500275
6.0,136.45834425,34.37500275
255.0,136.87501095,34.37500275
255.0,137.70834435,34.37500275
255.0,138.54167775,34.37500275
255.0,-7.70833395,33.95833605
255.0,-7.29166724999999,33.95833605
18.0,-6.87500055000001,33.95833605
18.0,-6.45833385,33.95833605
29.0,-6.04166714999999,33.95833605
29.0,-5.62500044999999,33.95833605
18.0,-5.20833375000001,33.95833605
5.0,-0.625000050000011,33.95833605
5.0,0.208333350000004,33.95833605
5.0,0.625000050000011,33.95833605
16.0,2.29166685000001,33.95833605
16.0,2.70833354999999,33.95833605
16.0,3.12500025,33.95833605
11.0,3.54166695000001,33.95833605
16.0,3.95833365000001,33.95833605
16.0,4.37500034999999,33.95833605
16.0,5.20833375000001,33.95833605
255.0,6.04166714999999,33.95833605
16.0,6.45833385,33.95833605
4.0,6.87500055000001,33.95833605
4.0,7.29166724999999,33.95833605
4.0,7.70833395,33.95833605
25.0,8.54166735000001,33.95833605
255.0,10.20833415,33.95833605
24.0,49.79167065,33.95833605
13.0,52.29167085,33.95833605
13.0,53.54167095,33.95833605
24.0,54.79167105,33.95833605
25.0,56.04167115,33.95833605
24.0,57.29167125,33.95833605
24.0,58.54167135,33.95833605
255.0,78.95833965,33.95833605
12.0,94.37500755,33.95833605
6.0,102.70834155,33.95833605
16.0,103.12500825,33.95833605
255.0,126.45834345,33.95833605
255.0,129.37501035,33.95833605
255.0,130.20834375,33.95833605
255.0,131.04167715,33.95833605
255.0,131.45834385,33.95833605
255.0,132.29167725,33.95833605
255.0,133.12501065,33.95833605
6.0,133.54167735,33.95833605
6.0,133.95834405,33.95833605
6.0,135.20834415,33.95833605
6.0,135.62501085,33.95833605
6.0,136.04167755,33.95833605
255.0,136.87501095,33.95833605
255.0,139.37501115,33.95833605
29.0,-7.70833395,33.54166935
18.0,-5.62500044999999,33.54166935
5.0,0.625000050000011,33.54166935
16.0,3.54166695000001,33.54166935
16.0,4.79166705,33.54166935
4.0,6.87500055000001,33.54166935
5.0,46.45833705,33.54166935
25.0,52.70833755,33.54166935
24.0,53.12500425,33.54166935
24.0,53.54167095,33.54166935
24.0,53.95833765,33.54166935
24.0,54.37500435,33.54166935
24.0,54.79167105,33.54166935
24.0,55.20833775,33.54166935
25.0,55.62500445,33.54166935
13.0,56.04167115,33.54166935
24.0,56.45833785,33.54166935
11.0,56.87500455,33.54166935
24.0,57.29167125,33.54166935
13.0,57.70833795,33.54166935
24.0,58.95833805,33.54166935
24.0,59.37500475,33.54166935
18.0,74.37500595,33.54166935
7.0,78.12500625,33.54166935
16.0,78.95833965,33.54166935
16.0,88.54167375,33.54166935
255.0,91.04167395,33.54166935
16.0,92.29167405,33.54166935
16.0,94.37500755,33.54166935
255.0,94.79167425,33.54166935
16.0,96.45834105,33.54166935
6.0,98.54167455,33.54166935
6.0,102.70834155,33.54166935
16.0,103.12500825,33.54166935
255.0,121.04167635,33.54166935
255.0,126.87501015,33.54166935
255.0,129.37501035,33.54166935
255.0,131.87501055,33.54166935
255.0,132.29167725,33.54166935
11.0,133.54167735,33.54166935
255.0,134.79167745,33.54166935
255.0,135.20834415,33.54166935
255.0,-8.95833404999999,33.12500265
29.0,-6.04166714999999,33.12500265
16.0,-4.37500034999999,33.12500265
16.0,-3.12500025,33.12500265
5.0,-1.87500015000001,33.12500265
5.0,-1.45833345,33.12500265
16.0,-0.208333350000004,33.12500265
5.0,0.625000050000011,33.12500265
16.0,3.54166695000001,33.12500265
16.0,4.79166705,33.12500265
4.0,6.87500055000001,33.12500265
255.0,21.04166835,33.12500265
255.0,21.45833505,33.12500265
255.0,34.79166945,33.12500265
24.0,46.87500375,33.12500265
24.0,52.70833755,33.12500265
24.0,53.12500425,33.12500265
24.0,53.54167095,33.12500265
24.0,53.95833765,33.12500265
24.0,54.37500435,33.12500265
24.0,54.79167105,33.12500265
24.0,55.20833775,33.12500265
24.0,55.62500445,33.12500265
24.0,56.04167115,33.12500265
24.0,56.45833785,33.12500265
13.0,56.87500455,33.12500265
24.0,57.29167125,33.12500265
24.0,57.70833795,33.12500265
24.0,60.20833815,33.12500265
255.0,79.37500635,33.12500265
16.0,97.70834115,33.12500265
16.0,98.12500785,33.12500265
6.0,98.95834125,33.12500265
16.0,99.37500795,33.12500265
16.0,101.87500815,33.12500265
255.0,121.04167635,33.12500265
255.0,126.04167675,33.12500265
255.0,128.95834365,33.12500265
255.0,130.20834375,33.12500265
6.0,131.04167715,33.12500265
255.0,131.87501055,33.12500265
6.0,133.12501065,33.12500265
255.0,133.54167735,33.12500265
255.0,135.62501085,33.12500265
5.0,-113.12500905,32.70833595
18.0,-8.95833404999999,32.70833595
24.0,-6.45833385,32.70833595
5.0,-4.79166705,32.70833595
16.0,-1.87500015000001,32.70833595
5.0,-1.45833345,32.70833595
5.0,-1.04166674999999,32.70833595
16.0,-0.625000050000011,32.70833595
5.0,-0.208333350000004,32.70833595
16.0,0.208333350000004,32.70833595
16.0,0.625000050000011,32.70833595
16.0,1.04166674999999,32.70833595
16.0,1.45833345,32.70833595
16.0,1.87500015000001,32.70833595
16.0,2.29166685000001,32.70833595
16.0,2.70833354999999,32.70833595
16.0,3.12500025,32.70833595
16.0,3.54166695000001,32.70833595
16.0,3.95833365000001,32.70833595
16.0,4.37500034999999,32.70833595
4.0,5.20833375000001,32.70833595
255.0,20.62500165,32.70833595
29.0,35.20833615,32.70833595
16.0,36.45833625,32.70833595
24.0,39.37500315,32.70833595
5.0,47.70833715,32.70833595
24.0,53.12500425,32.70833595
13.0,53.54167095,32.70833595
24.0,53.95833765,32.70833595
13.0,54.37500435,32.70833595
24.0,54.79167105,32.70833595
24.0,55.20833775,32.70833595
24.0,55.62500445,32.70833595
24.0,56.04167115,32.70833595
24.0,56.45833785,32.70833595
24.0,56.87500455,32.70833595
24.0,57.29167125,32.70833595
6.0,75.20833935,32.70833595
18.0,76.45833945,32.70833595
16.0,86.04167355,32.70833595
16.0,93.12500745,32.70833595
16.0,102.70834155,32.70833595
18.0,103.54167495,32.70833595
11.0,111.87500895,32.70833595
255.0,121.04167635,32.70833595
255.0,121.45834305,32.70833595
255.0,128.54167695,32.70833595
255.0,129.37501035,32.70833595
255.0,129.79167705,32.70833595
255.0,131.87501055,32.70833595
255.0,132.70834395,32.70833595
255.0,133.12501065,32.70833595
255.0,-9.37500075,32.29166925
6.0,-8.54166735000001,32.29166925
16.0,-5.62500044999999,32.29166925
16.0,-1.87500015000001,32.29166925
16.0,-1.45833345,32.29166925
16.0,-0.625000050000011,32.29166925
16.0,-0.208333350000004,32.29166925
16.0,0.625000050000011,32.29166925
16.0,3.54166695000001,32.29166925
255.0,34.37500275,32.29166925
6.0,35.62500285,32.29166925
24.0,36.04166955,32.29166925
5.0,48.95833725,32.29166925
5.0,49.37500395,32.29166925
24.0,54.37500435,32.29166925
24.0,54.79167105,32.29166925
24.0,55.20833775,32.29166925
24.0,59.37500475,32.29166925
24.0,60.20833815,32.29166925
6.0,74.37500595,32.29166925
6.0,75.20833935,32.29166925
8.0,78.95833965,32.29166925
16.0,92.70834075,32.29166925
16.0,101.87500815,32.29166925
16.0,102.70834155,32.29166925
18.0,103.12500825,32.29166925
11.0,120.62500965,32.29166925
11.0,121.04167635,32.29166925
255.0,121.45834305,32.29166925
255.0,121.87500975,32.29166925
255.0,128.54167695,32.29166925
255.0,129.79167705,32.29166925
255.0,130.20834375,32.29166925
6.0,131.04167715,32.29166925
18.0,-101.04167475,31.87500255
255.0,-9.79166745000001,31.87500255
6.0,-8.54166735000001,31.87500255
16.0,-4.37500034999999,31.87500255
16.0,-1.87500015000001,31.87500255
16.0,-1.45833345,31.87500255
16.0,-0.625000050000011,31.87500255
16.0,-0.208333350000004,31.87500255
16.0,0.625000050000011,31.87500255
255.0,34.37500275,31.87500255
29.0,34.79166945,31.87500255
5.0,35.62500285,31.87500255
5.0,36.04166955,31.87500255
24.0,48.12500385,31.87500255
24.0,54.79167105,31.87500255
24.0,59.79167145,31.87500255
5.0,69.37500555,31.87500255
5.0,69.79167225,31.87500255
6.0,74.79167265,31.87500255
6.0,75.62500605,31.87500255
6.0,78.95833965,31.87500255
24.0,79.37500635,31.87500255
25.0,85.20834015,31.87500255
16.0,96.87500775,31.87500255
16.0,97.29167445,31.87500255
16.0,98.54167455,31.87500255
16.0,100.62500805,31.87500255
16.0,101.87500815,31.87500255
6.0,111.87500895,31.87500255
6.0,113.95834245,31.87500255
21.0,116.04167595,31.87500255
11.0,119.79167625,31.87500255
11.0,120.20834295,31.87500255
11.0,121.04167635,31.87500255
11.0,121.45834305,31.87500255
6.0,131.04167715,31.87500255
16.0,-1.45833345,31.45833585
16.0,-1.04166674999999,31.45833585
16.0,-0.625000050000011,31.45833585
16.0,-0.208333350000004,31.45833585
16.0,0.208333350000004,31.45833585
4.0,8.95833404999999,31.45833585
255.0,34.37500275,31.45833585
29.0,34.79166945,31.45833585
24.0,35.20833615,31.45833585
24.0,35.62500285,31.45833585
13.0,36.04166955,31.45833585
5.0,49.79167065,31.45833585
5.0,68.95833885,31.45833585
16.0,79.37500635,31.45833585
16.0,96.87500775,31.45833585
18.0,97.29167445,31.45833585
18.0,98.54167455,31.45833585
18.0,100.62500805,31.45833585
16.0,101.04167475,31.45833585
16.0,101.45834145,31.45833585
16.0,101.87500815,31.45833585
6.0,112.29167565,31.45833585
21.0,113.95834245,31.45833585
6.0,114.37500915,31.45833585
6.0,115.62500925,31.45833585
6.0,116.45834265,31.45833585
11.0,116.87500935,31.45833585
11.0,117.29167605,31.45833585
6.0,117.70834275,31.45833585
12.0,118.12500945,31.45833585
18.0,118.54167615,31.45833585
255.0,118.95834285,31.45833585
11.0,119.79167625,31.45833585
255.0,120.20834295,31.45833585
11.0,120.62500965,31.45833585
255.0,121.45834305,31.45833585
11.0,121.87500975,31.45833585
255.0,129.79167705,31.45833585
255.0,130.20834375,31.45833585
255.0,130.62501045,31.45833585
255.0,131.45834385,31.45833585
255.0,-116.45834265,31.04166915
18.0,-110.20834215,31.04166915
18.0,-101.87500815,31.04166915
5.0,-9.37500075,31.04166915
16.0,-8.95833404999999,31.04166915
16.0,-8.12500065,31.04166915
16.0,-6.87500055000001,31.04166915
4.0,-1.45833345,31.04166915
18.0,77.70833955,31.04166915
16.0,93.95834085,31.04166915
16.0,94.79167425,31.04166915
6.0,95.62500765,31.04166915
16.0,99.37500795,31.04166915
16.0,99.79167465,31.04166915
16.0,100.62500805,31.04166915
6.0,101.87500815,31.04166915
2.0,109.37500875,31.04166915
255.0,109.79167545,31.04166915
11.0,113.54167575,31.04166915
11.0,114.79167585,31.04166915
6.0,115.20834255,31.04166915
6.0,116.04167595,31.04166915
6.0,116.45834265,31.04166915
12.0,118.54167615,31.04166915
255.0,120.20834295,31.04166915
11.0,121.45834305,31.04166915
18.0,121.87500975,31.04166915
255.0,122.70834315,31.04166915
255.0,-116.04167595,30.62500245
24.0,-115.62500925,30.62500245
24.0,-110.20834215,30.62500245
16.0,-8.95833404999999,30.62500245
5.0,-8.54166735000001,30.62500245
25.0,55.62500445,30.62500245
11.0,66.87500535,30.62500245
5.0,67.29167205,30.62500245
5.0,67.70833875,30.62500245
24.0,68.12500545,30.62500245
5.0,69.37500555,30.62500245
16.0,85.62500685,30.62500245
16.0,96.87500775,30.62500245
16.0,99.37500795,30.62500245
16.0,100.20834135,30.62500245
16.0,100.62500805,30.62500245
6.0,101.87500815,30.62500245
24.0,107.70834195,30.62500245
18.0,109.37500875,30.62500245
6.0,109.79167545,30.62500245
11.0,112.70834235,30.62500245
11.0,113.12500905,30.62500245
11.0,113.54167575,30.62500245
11.0,114.79167585,30.62500245
21.0,115.20834255,30.62500245
6.0,115.62500925,30.62500245
18.0,116.04167595,30.62500245
6.0,116.45834265,30.62500245
11.0,117.29167605,30.62500245
12.0,117.70834275,30.62500245
6.0,119.79167625,30.62500245
11.0,120.62500965,30.62500245
255.0,121.45834305,30.62500245
255.0,121.87500975,30.62500245
255.0,122.29167645,30.62500245
255.0,123.12500985,30.62500245
255.0,129.79167705,30.62500245
255.0,130.20834375,30.62500245
255.0,131.45834385,30.62500245
24.0,-110.62500885,30.20833575
16.0,-110.20834215,30.20833575
24.0,-109.79167545,30.20833575
5.0,-8.95833404999999,30.20833575
16.0,-8.54166735000001,30.20833575
24.0,55.62500445,30.20833575
24.0,56.45833785,30.20833575
24.0,56.87500455,30.20833575
16.0,67.29167205,30.20833575
5.0,67.70833875,30.20833575
5.0,68.12500545,30.20833575
5.0,68.54167215,30.20833575
5.0,68.95833885,30.20833575
5.0,69.37500555,30.20833575
16.0,78.54167295,30.20833575
16.0,78.95833965,30.20833575
6.0,86.45834025,30.20833575
18.0,96.87500775,30.20833575
16.0,100.20834135,30.20833575
18.0,101.04167475,30.20833575
18.0,101.45834145,30.20833575
16.0,101.87500815,30.20833575
6.0,108.95834205,30.20833575
18.0,110.20834215,30.20833575
6.0,110.62500885,30.20833575
11.0,112.29167565,30.20833575
11.0,112.70834235,30.20833575
11.0,113.54167575,30.20833575
11.0,114.79167585,30.20833575
255.0,115.20834255,30.20833575
0.0,115.62500925,30.20833575
11.0,116.45834265,30.20833575
11.0,116.87500935,30.20833575
12.0,117.29167605,30.20833575
0.0,118.12500945,30.20833575
0.0,118.54167615,30.20833575
0.0,119.37500955,30.20833575
0.0,119.79167625,30.20833575
11.0,120.20834295,30.20833575
11.0,121.45834305,30.20833575
255.0,122.29167645,30.20833575
255.0,122.70834315,30.20833575
255.0,130.62501045,30.20833575
255.0,131.04167715,30.20833575
255.0,-116.04167595,29.79166905
5.0,-9.79166745000001,29.79166905
24.0,53.95833765,29.79166905
13.0,54.79167105,29.79166905
25.0,55.20833775,29.79166905
24.0,60.20833815,29.79166905
24.0,60.62500485,29.79166905
24.0,66.45833865,29.79166905
24.0,66.87500535,29.79166905
24.0,67.29167205,29.79166905
5.0,68.95833885,29.79166905
5.0,69.37500555,29.79166905
6.0,80.20833975,29.79166905
18.0,93.95834085,29.79166905
255.0,96.87500775,29.79166905
16.0,97.70834115,29.79166905
16.0,101.45834145,29.79166905
255.0,101.87500815,29.79166905
2.0,107.70834195,29.79166905
2.0,109.37500875,29.79166905
6.0,109.79167545,29.79166905
6.0,110.20834215,29.79166905
6.0,110.62500885,29.79166905
6.0,111.04167555,29.79166905
11.0,112.70834235,29.79166905
11.0,116.04167595,29.79166905
12.0,116.45834265,29.79166905
0.0,117.70834275,29.79166905
0.0,118.12500945,29.79166905
0.0,118.54167615,29.79166905
0.0,119.79167625,29.79166905
0.0,120.20834295,29.79166905
255.0,130.62501045,29.79166905
16.0,-8.95833404999999,29.37500235
16.0,14.79166785,29.37500235
24.0,54.79167105,29.37500235
24.0,55.20833775,29.37500235
24.0,60.62500485,29.37500235
24.0,61.04167155,29.37500235
13.0,63.95833845,29.37500235
24.0,66.45833865,29.37500235
5.0,66.87500535,29.37500235
16.0,84.37500675,29.37500235
16.0,85.62500685,29.37500235
18.0,93.95834085,29.37500235
18.0,94.37500755,29.37500235
16.0,100.62500805,29.37500235
16.0,101.45834145,29.37500235
2.0,107.70834195,29.37500235
6.0,109.37500875,29.37500235
2.0,110.20834215,29.37500235
0.0,113.54167575,29.37500235
255.0,115.20834255,29.37500235
0.0,116.45834265,29.37500235
0.0,118.12500945,29.37500235
0.0,118.54167615,29.37500235
0.0,119.37500955,29.37500235
0.0,119.79167625,29.37500235
0.0,120.20834295,29.37500235
24.0,60.62500485,28.95833565
24.0,61.04167155,28.95833565
24.0,61.45833825,28.95833565
24.0,61.87500495,28.95833565
13.0,66.04167195,28.95833565
5.0,66.45833865,28.95833565
5.0,66.87500535,28.95833565
16.0,85.20834015,28.95833565
2.0,108.54167535,28.95833565
2.0,109.37500875,28.95833565
2.0,110.20834215,28.95833565
0.0,114.37500915,28.95833565
0.0,114.79167585,28.95833565
0.0,115.20834255,28.95833565
255.0,116.04167595,28.95833565
255.0,116.45834265,28.95833565
0.0,117.29167605,28.95833565
2.0,118.12500945,28.95833565
255.0,118.54167615,28.95833565
0.0,120.62500965,28.95833565
0.0,121.04167635,28.95833565
0.0,121.45834305,28.95833565
255.0,121.87500975,28.95833565
4.0,-8.95833404999999,28.54166895
4.0,23.54166855,28.54166895
24.0,60.62500485,28.54166895
13.0,61.04167155,28.54166895
24.0,61.45833825,28.54166895
25.0,61.87500495,28.54166895
24.0,66.04167195,28.54166895
5.0,66.45833865,28.54166895
5.0,66.87500535,28.54166895
16.0,86.45834025,28.54166895
3.0,93.54167415,28.54166895
18.0,101.45834145,28.54166895
2.0,107.70834195,28.54166895
2.0,108.54167535,28.54166895
2.0,108.95834205,28.54166895
24.0,109.37500875,28.54166895
0.0,114.79167585,28.54166895
0.0,115.20834255,28.54166895
0.0,115.62500925,28.54166895
255.0,116.04167595,28.54166895
0.0,116.45834265,28.54166895
0.0,117.29167605,28.54166895
0.0,118.54167615,28.54166895
0.0,118.95834285,28.54166895
11.0,119.37500955,28.54166895
2.0,120.20834295,28.54166895
0.0,121.04167635,28.54166895
24.0,64.37500515,28.12500225
13.0,66.04167195,28.12500225
24.0,66.45833865,28.12500225
16.0,91.45834065,28.12500225
16.0,92.29167405,28.12500225
18.0,102.70834155,28.12500225
6.0,103.12500825,28.12500225
2.0,107.29167525,28.12500225
2.0,108.12500865,28.12500225
2.0,108.54167535,28.12500225
6.0,109.79167545,28.12500225
6.0,110.20834215,28.12500225
0.0,112.70834235,28.12500225
0.0,114.37500915,28.12500225
0.0,115.20834255,28.12500225
0.0,116.04167595,28.12500225
0.0,116.87500935,28.12500225
0.0,117.70834275,28.12500225
0.0,118.54167615,28.12500225
6.0,118.95834285,28.12500225
0.0,120.20834295,28.12500225
0.0,120.62500965,28.12500225
24.0,66.04167195,27.70833555
24.0,66.45833865,27.70833555
18.0,90.62500725,27.70833555
16.0,91.87500735,27.70833555
6.0,92.29167405,27.70833555
18.0,92.70834075,27.70833555
6.0,98.12500785,27.70833555
18.0,103.12500825,27.70833555
2.0,107.29167525,27.70833555
2.0,107.70834195,27.70833555
2.0,108.54167535,27.70833555
6.0,109.79167545,27.70833555
0.0,110.62500885,27.70833555
0.0,111.04167555,27.70833555
0.0,115.62500925,27.70833555
0.0,116.04167595,27.70833555
0.0,116.45834265,27.70833555
0.0,116.87500935,27.70833555
0.0,117.29167605,27.70833555
2.0,117.70834275,27.70833555
0.0,118.12500945,27.70833555
0.0,118.95834285,27.70833555
0.0,119.79167625,27.70833555
255.0,121.04167635,27.70833555
255.0,121.45834305,27.70833555
2.0,106.87500855,27.29166885
2.0,108.54167535,27.29166885
2.0,109.37500875,27.29166885
6.0,109.79167545,27.29166885
0.0,111.04167555,27.29166885
0.0,116.04167595,27.29166885
0.0,117.29167605,27.29166885
0.0,117.70834275,27.29166885
0.0,118.12500945,27.29166885
2.0,118.54167615,27.29166885
255.0,120.62500965,27.29166885
255.0,-114.37500915,26.87500215
18.0,98.12500785,26.87500215
2.0,107.70834195,26.87500215
0.0,109.37500875,26.87500215
0.0,109.79167545,26.87500215
0.0,115.62500925,26.87500215
0.0,117.70834275,26.87500215
0.0,118.12500945,26.87500215
0.0,118.54167615,26.87500215
0.0,119.79167625,26.87500215
255.0,120.20834295,26.87500215
18.0,98.54167455,26.45833545
2.0,106.45834185,26.45833545
2.0,107.29167525,26.45833545
2.0,108.12500865,26.45833545
2.0,108.54167535,26.45833545
2.0,109.79167545,26.45833545
0.0,110.20834215,26.45833545
0.0,115.20834255,26.45833545
0.0,115.62500925,26.45833545
0.0,116.04167595,26.45833545
0.0,116.87500935,26.45833545
0.0,117.70834275,26.45833545
0.0,118.54167615,26.45833545
2.0,118.95834285,26.45833545
255.0,120.20834295,26.45833545
16.0,97.70834115,26.04166875
18.0,98.12500785,26.04166875
18.0,98.54167455,26.04166875
2.0,106.45834185,26.04166875
18.0,106.87500855,26.04166875
2.0,107.29167525,26.04166875
0.0,110.62500885,26.04166875
0.0,114.37500915,26.04166875
0.0,114.79167585,26.04166875
0.0,116.87500935,26.04166875
0.0,117.29167605,26.04166875
0.0,117.70834275,26.04166875
2.0,118.54167615,26.04166875
255.0,119.79167625,26.04166875
18.0,98.54167455,25.62500205
18.0,103.95834165,25.62500205
2.0,107.70834195,25.62500205
2.0,108.12500865,25.62500205
0.0,108.54167535,25.62500205
0.0,110.20834215,25.62500205
0.0,114.79167585,25.62500205
0.0,115.20834255,25.62500205
0.0,116.04167595,25.62500205
0.0,116.45834265,25.62500205
0.0,118.12500945,25.62500205
0.0,119.37500955,25.62500205
255.0,119.79167625,25.62500205
255.0,120.20834295,25.62500205
20.0,-100.62500805,25.20833535
18.0,100.20834135,25.20833535
2.0,107.70834195,25.20833535
0.0,108.12500865,25.20833535
0.0,109.37500875,25.20833535
0.0,113.12500905,25.20833535
0.0,113.54167575,25.20833535
2.0,113.95834245,25.20833535
0.0,114.37500915,25.20833535
0.0,114.79167585,25.20833535
0.0,116.04167595,25.20833535
0.0,116.45834265,25.20833535
0.0,118.12500945,25.20833535
0.0,118.54167615,25.20833535
255.0,119.79167625,25.20833535
255.0,121.04167635,25.20833535
0.0,121.45834305,25.20833535
255.0,121.87500975,25.20833535
255.0,122.29167645,25.20833535
18.0,99.79167465,24.79166865
18.0,100.62500805,24.79166865
0.0,108.54167535,24.79166865
0.0,109.37500875,24.79166865
0.0,111.04167555,24.79166865
0.0,111.87500895,24.79166865
0.0,112.29167565,24.79166865
0.0,113.54167575,24.79166865
0.0,113.95834245,24.79166865
0.0,114.37500915,24.79166865
0.0,114.79167585,24.79166865
0.0,115.62500925,24.79166865
0.0,116.04167595,24.79166865
0.0,116.45834265,24.79166865
0.0,117.29167605,24.79166865
0.0,118.12500945,24.79166865
0.0,118.54167615,24.79166865
255.0,119.37500955,24.79166865
255.0,120.62500965,24.79166865
255.0,122.29167645,24.79166865
5.0,-101.04167475,24.37500195
5.0,-100.62500805,24.37500195
5.0,-100.20834135,24.37500195
16.0,-99.79167465,24.37500195
18.0,97.70834115,24.37500195
18.0,98.12500785,24.37500195
6.0,98.95834125,24.37500195
6.0,100.20834135,24.37500195
0.0,110.20834215,24.37500195
0.0,110.62500885,24.37500195
0.0,111.04167555,24.37500195
0.0,111.45834225,24.37500195
6.0,111.87500895,24.37500195
0.0,112.29167565,24.37500195
0.0,112.70834235,24.37500195
0.0,113.12500905,24.37500195
0.0,114.37500915,24.37500195
0.0,114.79167585,24.37500195
0.0,116.04167595,24.37500195
0.0,117.29167605,24.37500195
255.0,118.54167615,24.37500195
6.0,120.62500965,24.37500195
255.0,121.87500975,24.37500195
5.0,-100.62500805,23.95833525
0.0,97.70834115,23.95833525
0.0,108.95834205,23.95833525
6.0,109.79167545,23.95833525
0.0,110.20834215,23.95833525
0.0,112.29167565,23.95833525
0.0,112.70834235,23.95833525
0.0,114.37500915,23.95833525
0.0,115.20834255,23.95833525
0.0,116.04167595,23.95833525
0.0,116.45834265,23.95833525
255.0,117.70834275,23.95833525
5.0,-101.04167475,23.54166855
5.0,-100.62500805,23.54166855
5.0,-100.20834135,23.54166855
0.0,97.70834115,23.54166855
18.0,98.12500785,23.54166855
16.0,98.95834125,23.54166855
0.0,99.37500795,23.54166855
0.0,100.20834135,23.54166855
0.0,108.95834205,23.54166855
0.0,112.29167565,23.54166855
0.0,112.70834235,23.54166855
0.0,113.95834245,23.54166855
0.0,114.79167585,23.54166855
0.0,115.62500925,23.54166855
0.0,116.45834265,23.54166855
6.0,121.04167635,23.54166855
255.0,121.87500975,23.54166855
5.0,-100.62500805,23.12500185
4.0,51.45833745,23.12500185
0.0,98.12500785,23.12500185
0.0,100.20834135,23.12500185
0.0,100.62500805,23.12500185
0.0,108.12500865,23.12500185
0.0,108.54167535,23.12500185
6.0,108.95834205,23.12500185
0.0,109.37500875,23.12500185
0.0,111.04167555,23.12500185
0.0,111.45834225,23.12500185
0.0,111.87500895,23.12500185
11.0,113.12500905,23.12500185
11.0,113.54167575,23.12500185
0.0,115.20834255,23.12500185
0.0,115.62500925,23.12500185
0.0,116.04167595,23.12500185
6.0,116.45834265,23.12500185
255.0,117.29167605,23.12500185
6.0,121.04167635,23.12500185
255.0,121.45834305,23.12500185
16.0,-100.62500805,22.70833515
0.0,97.70834115,22.70833515
0.0,98.12500785,22.70833515
16.0,98.54167455,22.70833515
18.0,98.95834125,22.70833515
0.0,108.12500865,22.70833515
0.0,109.79167545,22.70833515
0.0,110.20834215,22.70833515
0.0,110.62500885,22.70833515
0.0,111.87500895,22.70833515
0.0,113.12500905,22.70833515
0.0,113.95834245,22.70833515
0.0,114.37500915,22.70833515
0.0,114.79167585,22.70833515
255.0,115.62500925,22.70833515
255.0,116.04167595,22.70833515
0.0,121.04167635,22.70833515
255.0,121.87500975,22.70833515
16.0,-101.04167475,22.29166845
16.0,-100.62500805,22.29166845
0.0,98.12500785,22.29166845
6.0,98.54167455,22.29166845
0.0,99.79167465,22.29166845
0.0,100.20834135,22.29166845
0.0,100.62500805,22.29166845
0.0,101.04167475,22.29166845
0.0,101.45834145,22.29166845
0.0,101.87500815,22.29166845
0.0,108.54167535,22.29166845
0.0,109.37500875,22.29166845
0.0,109.79167545,22.29166845
0.0,110.20834215,22.29166845
0.0,111.87500895,22.29166845
0.0,113.12500905,22.29166845
255.0,113.95834245,22.29166845
255.0,114.79167585,22.29166845
255.0,121.04167635,22.29166845
18.0,98.95834125,21.87500175
0.0,99.79167465,21.87500175
6.0,101.04167475,21.87500175
0.0,108.95834205,21.87500175
0.0,109.37500875,21.87500175
0.0,109.79167545,21.87500175
0.0,110.20834215,21.87500175
0.0,111.04167555,21.87500175
0.0,111.45834225,21.87500175
11.0,111.87500895,21.87500175
0.0,112.29167565,21.87500175
255.0,113.12500905,21.87500175
255.0,113.95834245,21.87500175
0.0,99.37500795,21.45833505
6.0,99.79167465,21.45833505
6.0,101.45834145,21.45833505
255.0,108.54167535,21.45833505
255.0,108.95834205,21.45833505
0.0,109.37500875,21.45833505
0.0,110.20834215,21.45833505
0.0,98.95834125,21.04166835
0.0,99.79167465,21.04166835
0.0,101.45834145,21.04166835
0.0,99.37500795,20.62500165
6.0,101.04167475,20.62500165
255.0,107.70834195,20.62500165
18.0,-98.54167455,20.20833495
255.0,106.87500855,20.20833495
18.0,-99.37500795,19.37500155
16.0,-97.29167445,19.37500155
255.0,106.04167515,18.95833485
3.0,-79.37500635,-6.04166715000001
16.0,-78.95833965,-6.04166715000001
0.0,-78.54167295,-6.04166715000001
6.0,-77.29167285,-6.04166715000001
6.0,-77.70833955,-6.45833385
3.0,-77.70833955,-6.87500055000001
6.0,-77.70833955,-7.70833395000001
6.0,-77.29167285,-7.70833395000001
3.0,-75.62500605,-10.62500085
6.0,-75.62500605,-11.04166755
6.0,-71.87500575,-13.12500105
6.0,-75.20833935,-13.54166775
6.0,-74.37500595,-13.54166775
6.0,-73.54167255,-13.54166775
6.0,-71.87500575,-13.54166775
6.0,-71.45833905,-13.54166775
6.0,-73.54167255,-13.95833445
16.0,-73.12500585,-13.95833445
6.0,-72.70833915,-13.95833445
16.0,-71.87500575,-13.95833445
6.0,-71.45833905,-13.95833445
6.0,-71.04167235,-13.95833445
6.0,-70.20833895,-13.95833445
6.0,-73.95833925,-14.37500115
6.0,-73.54167255,-14.37500115
6.0,-73.12500585,-14.37500115
6.0,-71.87500575,-14.37500115
6.0,-71.45833905,-14.37500115
6.0,-71.04167235,-14.37500115
6.0,-70.20833895,-14.37500115
6.0,-73.12500585,-14.79166785
16.0,-71.45833905,-14.79166785
6.0,-71.04167235,-14.79166785
6.0,-68.95833885,-14.79166785
6.0,-69.79167225,-15.20833455
6.0,-69.37500555,-15.20833455
7.0,-70.20833895,-15.62500125
6.0,-68.95833885,-15.62500125
6.0,-70.62500565,-16.04166795
6.0,-70.20833895,-16.04166795
6.0,-68.54167215,-16.04166795
20.0,-68.54167215,-16.45833465
6.0,-68.12500545,-16.45833465
6.0,-68.95833885,-16.87500135
16.0,-68.12500545,-16.87500135
6.0,-66.45833865,-16.87500135
6.0,-68.95833885,-17.29166805
6.0,-68.12500545,-17.29166805
6.0,-67.70833875,-17.29166805
6.0,-67.29167205,-17.29166805
6.0,-66.87500535,-17.29166805
6.0,-66.45833865,-17.29166805
6.0,-68.95833885,-17.70833475
6.0,-68.12500545,-17.70833475
6.0,-67.70833875,-17.70833475
6.0,-66.45833865,-17.70833475
6.0,-66.04167195,-17.70833475
6.0,-65.62500525,-17.70833475
6.0,-65.20833855,-17.70833475
255.0,-69.37500555,-18.12500145
6.0,-68.54167215,-18.12500145
6.0,-68.12500545,-18.12500145
6.0,-67.70833875,-18.12500145
6.0,-67.29167205,-18.12500145
6.0,-66.45833865,-18.12500145
6.0,-66.04167195,-18.12500145
6.0,-65.62500525,-18.12500145
6.0,-69.37500555,-18.54166815
6.0,-68.95833885,-18.54166815
6.0,-68.54167215,-18.54166815
6.0,-68.12500545,-18.54166815
6.0,-67.70833875,-18.54166815
6.0,-66.87500535,-18.54166815
6.0,-66.45833865,-18.54166815
6.0,-66.04167195,-18.54166815
18.0,-65.62500525,-18.54166815
6.0,-65.20833855,-18.54166815
24.0,-68.54167215,-18.95833485
6.0,-68.12500545,-18.95833485
24.0,-67.70833875,-18.95833485
24.0,-67.29167205,-18.95833485
6.0,-66.45833865,-18.95833485
6.0,-66.04167195,-18.95833485
6.0,-65.62500525,-18.95833485
5.0,-68.54167215,-19.37500155
18.0,-68.12500545,-19.37500155
24.0,-67.70833875,-19.37500155
6.0,-66.04167195,-19.37500155
6.0,-65.20833855,-19.37500155
18.0,-64.79167185,-19.37500155
0.0,-64.37500515,-19.37500155
16.0,-68.54167215,-19.79166825
24.0,-68.12500545,-19.79166825
24.0,-66.87500535,-19.79166825
6.0,-64.79167185,-19.79166825
24.0,-68.54167215,-20.20833495
16.0,-68.12500545,-20.20833495
24.0,-66.87500535,-20.20833495
6.0,-64.79167185,-20.20833495
24.0,-68.54167215,-20.62500165
6.0,-68.12500545,-20.62500165
24.0,-66.87500535,-20.62500165
6.0,-68.12500545,-21.04166835
24.0,-66.87500535,-21.04166835
18.0,-64.79167185,-21.04166835
16.0,-68.12500545,-21.45833505
24.0,-67.70833875,-21.45833505
5.0,-67.29167205,-21.45833505
24.0,-66.87500535,-21.45833505
6.0,-65.62500525,-21.45833505
16.0,-66.87500535,-21.87500175
6.0,-66.04167195,-21.87500175
24.0,-65.62500525,-21.87500175
24.0,-65.62500525,-22.70833515
6.0,-65.62500525,-23.12500185
24.0,-66.04167195,-23.54166855
16.0,-70.20833895,-23.95833525
24.0,-66.45833865,-23.95833525
255.0,-70.62500565,-24.37500195
0.0,-64.37500515,-24.37500195
255.0,-70.62500565,-24.79166865
16.0,-69.37500555,-25.20833535
6.0,-66.04167195,-25.20833535
16.0,-70.62500565,-25.62500205
6.0,-66.04167195,-25.62500205
16.0,-70.62500565,-26.04166875
6.0,-66.04167195,-26.45833545
6.0,-66.87500535,-26.87500215
24.0,-66.45833865,-26.87500215
16.0,-70.62500565,-28.12500225
255.0,-71.87500575,-30.20833575
255.0,-71.87500575,-30.62500245
255.0,-71.87500575,-31.04166915
255.0,-71.87500575,-31.45833585
255.0,-71.87500575,-31.87500255
255.0,-71.87500575,-32.29166925
255.0,-71.87500575,-32.70833595
6.0,-68.54167215,-32.70833595
255.0,-71.87500575,-33.12500265
255.0,-72.29167245,-33.95833605
255.0,-72.29167245,-34.37500275
255.0,-72.29167245,-34.79166945
6.0,-71.87500575,-34.79166945
6.0,-71.87500575,-35.20833615
255.0,-73.12500585,-36.04166955
24.0,-68.95833885,-36.04166955
3.0,-71.87500575,-36.87500295
3.0,-73.12500585,-37.29166965
3.0,-71.87500575,-38.12500305
255.0,-73.54167255,-38.95833645
255.0,-73.54167255,-39.37500315
3.0,-71.45833905,-39.37500315
255.0,-73.54167255,-39.79166985
3.0,-73.12500585,-39.79166985
3.0,-71.87500575,-39.79166985
3.0,-73.54167255,-40.20833655
3.0,-72.70833915,-40.20833655
3.0,-73.54167255,-40.62500325
255.0,-71.87500575,-40.62500325
24.0,-70.62500565,-40.62500325
18.0,-71.45833905,-46.04167035
